source,item_id,run,model,area,question_type,question,reference_answer,response,llm_Gemini Flash 3,llm_Nemotron 3 Super 120b a12,llm_OSS 120b,human_score,human_notes
groundtruth,HS-ESS1-091,,,HS-ESS1,applied,"If you drill rock samples at increasing distances from a mid-ocean ridge, how would you expect the ages of those rocks to change, and why?","The rocks get progressively older as you move away from the ridge, because new oceanic crust is continuously formed at the ridge by upwelling magma and then spreads outward. Rocks closest to the ridge are the youngest, while those farther away have been moving away from the spreading center for longer periods of time.",,1.0,1.0,1.0,,
groundtruth,HS-ESS1-059,,,HS-ESS1,applied,Astronomers observe a galaxy whose hydrogen absorption lines are all shifted to longer wavelengths. What does this tell us about how the universe is changing over time?,"The redshift indicates the galaxy is moving away from us, which is evidence that the universe is expanding. Since every distant galaxy shows this redshift, it supports the idea that space itself has been expanding since the Big Bang.",,1.0,1.0,1.0,,
groundtruth,HS-ESS1-071,,,HS-ESS1,applied,"If Earth's orbital radius were doubled to about 2 AU, how would its new orbital period compare to its current one-year period?","Using Kepler's third law, T² = a³, so T² = 2³ = 8, giving T ≈ 2.83 years. Earth's orbital period would be approximately 2.83 Earth years instead of 1 year.",,1.0,1.0,1.0,,
groundtruth,HS-ESS1-041,,,HS-ESS1,conceptual,Why does a star's core begin fusing heavier elements after it exhausts its hydrogen supply?,"When hydrogen is depleted, fusion energy stops and gravity compresses the core further, raising temperatures high enough to ignite the next fuel, helium. This sequence continues through progressively heavier elements in massive stars until iron forms and no more fusion energy can be extracted.",,1.0,1.0,1.0,,
groundtruth,HS-ESS1-030,,,HS-ESS1,conceptual,Why will the sun eventually run out of fuel and stop fusing hydrogen?,"The sun has a finite supply of hydrogen in its core, and fusion gradually converts that hydrogen into helium over billions of years. Once the hydrogen in the core is depleted, the core can no longer sustain the fusion reactions that produce the outward pressure needed to balance gravity.",,1.0,1.0,1.0,,
groundtruth,HS-ESS1-047,,,HS-ESS1,conceptual,Why doesn't a planet fly off into space even though it is constantly moving?,"The Sun's gravity continuously pulls the planet inward, acting as the centripetal force that curves the planet's path into a closed orbit. Because gravity exactly balances the tendency of the planet to travel in a straight line, the planet keeps orbiting rather than escaping.",,1.0,1.0,1.0,,
groundtruth,HS-ESS1-017,,,HS-ESS1,recall,What is Kepler's Third Law of planetary motion?,Kepler's Third Law states that the square of a planet's orbital period is proportional to the cube of its average distance from the Sun (T² ∝ a³).,,1.0,1.0,1.0,,
groundtruth,HS-ESS1-099,,,HS-ESS1,recall,What does the redshift of light from distant galaxies tell scientists about how the universe is changing?,"The redshift of light from distant galaxies indicates that those galaxies are moving away from us; the longer, redder wavelengths result from the Doppler effect as the source moves away. This tells scientists that the universe is expanding, which supports the Big Bang theory.",,1.0,1.0,1.0,,
groundtruth,HS-ESS1-026,,,HS-ESS1,recall,What is the name of the technique scientists use to determine the age of rocks and meteorites by measuring the decay of radioactive isotopes?,The technique is called radiometric dating (or radioactive dating). It works by measuring the ratio of a radioactive parent isotope to its stable daughter isotope and using the known half-life to calculate age.,,1.0,1.0,1.0,,
groundtruth,HS-ESS2-086,,,HS-ESS2,applied,A scientist measures rising CO₂ concentrations in the atmosphere each winter and falling concentrations each summer in the Northern Hemisphere. How does the carbon cycle explain this seasonal pattern?,"In summer, increased photosynthesis by plants and trees draws CO₂ out of the atmosphere, lowering its concentration; in winter, plant activity slows and decomposition continues releasing CO₂, causing concentrations to rise.",,1.0,1.0,1.0,,
groundtruth,HS-ESS2-068,,,HS-ESS2,applied,"If a section of mantle rock near Earth's core heats up and becomes less dense, which direction will it move, and what happens to the cooler, denser rock above it?","The hotter, less dense rock rises toward the surface while the cooler, denser rock sinks downward, creating a convection current that cycles matter through the mantle.",,1.0,1.0,1.0,,
groundtruth,HS-ESS2-080,,,HS-ESS2,applied,"If you pour water on a steep, bare hillside versus a hillside covered with vegetation, which will experience more surface erosion and why?","The bare hillside will experience more erosion because plant roots bind soil particles together and foliage intercepts rainfall, reducing the kinetic energy of raindrops and slowing runoff; without vegetation, water flows faster and carries more soil particles downslope.",,1.0,1.0,1.0,,
groundtruth,HS-ESS2-034,,,HS-ESS2,conceptual,How does the warming of ocean surface water increase the intensity of hurricanes?,"Hurricanes draw their energy from warm ocean water, which evaporates rapidly and releases latent heat as it rises and condenses. Warmer sea surface temperatures supply more energy and moisture to a developing storm, intensifying wind speeds and rainfall, and in turn, the storm's churning mixes and cools the ocean surface, slightly reducing the fuel available.",,1.0,1.0,1.0,,
groundtruth,HS-ESS2-026,,,HS-ESS2,conceptual,Why is oceanic crust generally younger than continental crust?,"Oceanic crust is continuously created at mid-ocean ridges and destroyed at subduction zones, so it is recycled over tens of millions of years, while continental crust is less dense and resists subduction, allowing it to persist for billions of years.",,1.0,1.0,1.0,,
groundtruth,HS-ESS2-028,,,HS-ESS2,conceptual,Why do volcanoes commonly form at tectonic plate boundaries?,"At convergent boundaries, the subducting plate releases water into the mantle, lowering the melting point of rock and generating magma that rises to the surface; at divergent boundaries, reduced pressure on the mantle as plates separate also causes rock to melt and erupt.",,1.0,1.0,1.0,,
groundtruth,HS-ESS2-022,,,HS-ESS2,recall,"What are stromatolites, and why are they important to Earth's history?","Stromatolites are layered rock structures formed by microbial mats, primarily cyanobacteria. They are among the oldest known fossils (~3.5 billion years old) and provide evidence that early life played a key role in producing the oxygen that transformed Earth's atmosphere.",,1.0,1.0,1.0,,
groundtruth,HS-ESS2-004,,,HS-ESS2,recall,What is a positive feedback loop in Earth's climate system?,"A positive feedback loop is one in which an initial change triggers responses that amplify or reinforce the original change, pushing the system further in the same direction. For example, melting ice reduces albedo, causing more warming, which melts more ice.",,1.0,1.0,1.0,,
groundtruth,HS-ESS2-013,,,HS-ESS2,recall,"What is the specific heat capacity of liquid water, and why is it significant for Earth's surface processes?","The specific heat capacity of liquid water is approximately 4,184 J/(kg·°C). This unusually high value means water absorbs and releases large amounts of heat with only small temperature changes, which moderates Earth's climate and surface temperatures.",,1.0,1.0,1.0,,
groundtruth,HS-ESS3-045,,,HS-ESS3,applied,The city of San Francisco is built along the San Andreas Fault. How has the known hazard of earthquakes influenced the way buildings are constructed there compared to cities in geologically stable regions?,"San Francisco enforces strict seismic building codes that require structures to be earthquake-resistant, using flexible foundations and reinforced materials to absorb shaking, measures that are largely unnecessary and therefore absent in cities located far from active fault zones.",,1.0,1.0,1.0,,
groundtruth,HS-ESS3-052,,,HS-ESS3,applied,A city installs permeable pavement in a parking lot instead of standard asphalt. How does this change the way rainwater interacts with the local groundwater system?,"Permeable pavement allows rainwater to filter through gaps into the soil below, recharging groundwater supplies and reducing surface runoff. This mimics natural infiltration processes, decreasing the volume of stormwater that would otherwise carry pollutants into nearby streams or cause flooding.",,1.0,1.0,1.0,,
groundtruth,HS-ESS3-065,,,HS-ESS3,applied,A hydrological model shows that paving over large areas of land in a city reduces water infiltration into the soil. What would the model predict happens to runoff and local flood risk during heavy rainstorms?,"Impervious pavement prevents rainwater from soaking into the ground, so more water flows directly into storm drains and streams. The model would predict increased peak runoff volumes and higher flood risk compared to the same storm over unpaved land.",,1.0,1.0,1.0,,
groundtruth,HS-ESS3-040,,,HS-ESS3,conceptual,Why does melting Arctic sea ice create a feedback loop that accelerates warming?,"Sea ice is highly reflective (high albedo) and bounces solar energy back into space. When it melts, it exposes darker ocean water, which absorbs more solar radiation, raising temperatures further and causing even more ice to melt—a positive feedback loop.",,1.0,1.0,1.0,,
groundtruth,HS-ESS3-031,,,HS-ESS3,conceptual,Why does an increase in atmospheric CO2 cause global average temperatures to rise?,"CO2 is a greenhouse gas that absorbs infrared radiation emitted by Earth's surface and re-radiates it back downward, trapping heat in the lower atmosphere and raising surface temperatures.",,1.0,1.0,1.0,,
groundtruth,HS-ESS3-079,,,HS-ESS3,conceptual,Why do permeable pavement systems help reduce the impact of urban development on local water systems?,"Permeable pavement allows rainwater to seep through the surface into the ground rather than running off into storm drains. This reduces the volume and speed of stormwater runoff, which helps prevent flooding, decreases water pollution carried into streams, and allows groundwater to be naturally recharged.",,1.0,1.0,1.0,,
groundtruth,HS-ESS3-009,,,HS-ESS3,recall,What is bioremediation?,"Bioremediation is a technological process that uses living organisms, such as bacteria or plants, to break down or neutralize pollutants in contaminated soil or water, restoring the natural environment.",,1.0,1.0,1.0,,
groundtruth,HS-ESS3-003,,,HS-ESS3,recall,What does the term 'externality' mean when evaluating the costs of an energy project?,"An externality is a cost or benefit that affects parties not directly involved in a project; in energy development, negative externalities include environmental damage or public health impacts that are not reflected in the market price of the resource.",,1.0,1.0,1.0,,
groundtruth,HS-ESS3-012,,,HS-ESS3,recall,What is green infrastructure in the context of managing stormwater?,"Green infrastructure refers to natural or semi-natural systems—such as rain gardens, permeable pavement, and green roofs—that manage stormwater by allowing water to infiltrate the ground, reducing runoff and pollution entering waterways.",,1.0,1.0,1.0,,
groundtruth,HS-ETS1-072,,,HS-ETS1,applied,A simulation models a proposed coastal seawall and predicts it will protect one neighborhood from flooding but increase erosion two kilometers down the shoreline. What does this result demonstrate about using simulations for engineering decisions?,"It demonstrates that simulations reveal unintended consequences in connected systems; a solution that meets criteria for one area can create new problems elsewhere, and engineers must evaluate the solution across the entire relevant system, not just the target location.",,1.0,1.0,1.0,,
groundtruth,HS-ETS1-057,,,HS-ETS1,applied,"An engineering team building a wildfire-resistant home breaks the project into sub-problems including roofing, siding, and window design. If the window sub-problem is not solved adequately, how could that affect the whole system?","Even if all other components are fire-resistant, unresolved window vulnerabilities—such as glass cracking from heat—could allow embers or flames to enter the home, causing the entire fire-resistant design to fail.",,1.0,1.0,1.0,,
groundtruth,HS-ETS1-058,,,HS-ETS1,applied,A team is designing a bicycle helmet to protect against both high-speed impacts and low-speed falls. They treat each impact type as a separate sub-problem. Why is this approach better than designing for both scenarios simultaneously?,"Treating each as a separate sub-problem allows the team to optimize the material thickness and energy-absorption properties for each specific impact type before finding a combined solution, rather than making poorly informed compromises from the start.",,1.0,1.0,1.0,,
groundtruth,HS-ETS1-036,,,HS-ETS1,conceptual,Why do engineers often assign different sub-problems to specialized teams or experts when solving a complex real-world problem?,"Specialists have deep knowledge in their particular area, so they can solve their assigned sub-problem more efficiently and accurately than a generalist could. This division of labor speeds up the overall process and improves the quality of each component.",,1.0,1.0,1.0,,
groundtruth,HS-ETS1-029,,,HS-ETS1,conceptual,How does the scale of a global challenge affect the complexity of the criteria and constraints engineers must define?,"Larger-scale challenges involve more diverse populations, environments, and systems, which means more variables must be accounted for in the criteria and constraints. This complexity makes it harder to create a single solution and often requires engineers to balance many competing and sometimes conflicting requirements.",,1.0,1.0,1.0,,
groundtruth,HS-ETS1-084,,,HS-ETS1,conceptual,How does considering a solution's environmental impact affect the trade-offs an engineer must make?,"Reducing environmental impact often requires using more expensive materials, adding filtration systems, or limiting certain design features, which creates trade-offs with cost or performance. Engineers must weigh the long-term environmental benefits against these added constraints.",,1.0,1.0,1.0,,
groundtruth,HS-ETS1-077,,,HS-ETS1,recall,What is a 'criterion' in the context of engineering design?,"A criterion is a specific goal or desired outcome that a successful engineering solution must meet, such as a required strength, speed, or efficiency level.",,1.0,1.0,1.0,,
groundtruth,HS-ETS1-095,,,HS-ETS1,recall,What does it mean for a design requirement to be quantitative rather than qualitative?,"A quantitative requirement is expressed with specific, measurable numbers (such as 'the bridge must support at least 10,000 pounds'), whereas a qualitative requirement is described in non-numerical terms (such as 'the structure must be durable').",,1.0,1.0,1.0,,
groundtruth,HS-ETS1-079,,,HS-ETS1,recall,What does 'aesthetics' mean as a factor in evaluating an engineering solution?,"Aesthetics refers to the visual appearance, style, or sensory qualities of a design—how it looks, feels, or sounds—which can affect whether users find it appealing or acceptable.",,1.0,1.0,1.0,,
groundtruth,HS-LS1-074,,,HS-LS1,applied,"A plant absorbs CO₂ and water to make glucose through photosynthesis. If a cell then uses that glucose to build the amino acid glycine, what additional element beyond carbon, hydrogen, and oxygen must be incorporated, and where might it come from?","Nitrogen must be added, typically sourced from nitrate or ammonium ions absorbed from the soil. The nitrogen is incorporated into the amino group (–NH₂) of glycine, which cannot be formed from sugar's C, H, and O alone.",,1.0,1.0,1.0,,
groundtruth,HS-LS1-065,,,HS-LS1,applied,"A salamander loses its tail and regrows it over several weeks. Which cellular process is primarily responsible for rebuilding the lost tissue, and why is that process used rather than meiosis?",Mitosis is responsible for regrowing the tail because it produces identical copies of cells needed to rebuild somatic (body) tissues. Meiosis is only used for producing reproductive cells and would not generate the right cell types for tissue repair.,,1.0,1.0,1.0,,
groundtruth,HS-LS1-062,,,HS-LS1,applied,"If the thyroid gland produces too much thyroid hormone (T3/T4), how does the hypothalamus-pituitary feedback loop respond to correct the imbalance?","High levels of thyroid hormone are detected by the hypothalamus and pituitary gland, which respond by reducing the release of TRH and TSH respectively; without TSH stimulation, the thyroid gland decreases its hormone production, returning levels to normal.",,1.0,1.0,1.0,,
groundtruth,HS-LS1-042,,,HS-LS1,conceptual,How does the light-dependent stage of photosynthesis make the light-independent stage possible?,"The light-dependent reactions produce ATP and NADPH, which supply the energy and reducing power needed to drive the Calvin cycle (light-independent reactions). Without these products, the Calvin cycle cannot fix CO₂ into glucose.",,1.0,1.0,1.0,,
groundtruth,HS-LS1-032,,,HS-LS1,conceptual,Why does a drop in blood calcium levels cause the parathyroid glands to release more parathyroid hormone (PTH)?,"Parathyroid cells detect low calcium in the blood and secrete PTH, which stimulates the bones to release calcium, the kidneys to reabsorb calcium, and the intestines to absorb more calcium. As blood calcium returns to normal, PTH secretion is reduced through negative feedback.",,1.0,1.0,1.0,,
groundtruth,HS-LS1-048,,,HS-LS1,conceptual,Why is cellular respiration considered a chemical process rather than simply a physical breakdown of food?,"Cellular respiration involves the breaking of covalent bonds in reactant molecules and the formation of entirely new covalent bonds in different product molecules, which is the definition of a chemical reaction. Physical breakdown would only change the size or form of a substance without altering its chemical composition.",,1.0,1.0,1.0,,
groundtruth,HS-LS1-003,,,HS-LS1,recall,What is transcription in the context of gene expression?,Transcription is the process by which the sequence of a gene in DNA is copied into a complementary strand of mRNA by the enzyme RNA polymerase.,,1.0,1.0,1.0,,
groundtruth,HS-LS1-092,,,HS-LS1,recall,What type of cells in the human body can still undergo mitosis to replace damaged or worn-out cells?,"Somatic (body) cells such as skin cells, liver cells, and blood-forming stem cells can undergo mitosis to replace damaged or worn-out cells throughout a person's life.",,1.0,1.0,1.0,,
groundtruth,HS-LS1-017,,,HS-LS1,recall,What gas is released as a byproduct of the light-dependent reactions in photosynthesis?,Oxygen (O₂) is released as a byproduct. It is produced when water molecules are split apart during the light-dependent reactions in a process called photolysis.,,1.0,1.0,1.0,,
groundtruth,HS-LS2-048,,,HS-LS2,applied,"A sealed jar contains pond water, algae, and small invertebrates with no access to outside air. Over time, the oxygen in the jar is used up. How will the decomposition of dead organisms in the jar change, and what gases would you expect to accumulate?","Decomposition will shift from aerobic to anaerobic conditions, so organisms like anaerobic bacteria will break down matter and produce gases such as methane and carbon dioxide instead of just carbon dioxide, and less energy will be released per unit of organic matter decomposed.",,1.0,1.0,1.0,,
groundtruth,HS-LS2-064,,,HS-LS2,applied,"A city plans to build a highway through a forest, splitting it into two sections. What solution could engineers add to the highway design to help maintain biodiversity in the area?","Engineers could add wildlife crossing bridges or underpasses (wildlife corridors) that allow animals to move safely between the two forest sections, maintaining gene flow and reducing habitat fragmentation.",,1.0,1.0,1.0,,
groundtruth,HS-LS2-052,,,HS-LS2,applied,"A grassland ecosystem has 10,000 kcal of energy stored in grass. If only 10% of energy transfers to each higher trophic level, how much energy is available to a hawk that eats snakes which eat mice that eat the grass?","Applying the 10% rule through four trophic levels: 10,000 kcal (grass) → 1,000 kcal (mice) → 100 kcal (snakes) → 10 kcal available to the hawk. Only 10 kcal, or 0.1% of the original energy, reaches the hawk.",,1.0,1.0,1.0,,
groundtruth,HS-LS2-095,,,HS-LS2,conceptual,How does the removal of a keystone predator affect the carrying capacity for other species in an ecosystem?,"Removing a keystone predator allows prey populations to grow unchecked, which can overconsume vegetation or other resources, reducing the carrying capacity for many other species. This cascade of effects lowers overall biodiversity and can destabilize the entire ecosystem's resource balance.",,1.0,1.0,1.0,,
groundtruth,HS-LS2-023,,,HS-LS2,conceptual,How do decomposers help cycle nutrients back into an ecosystem?,"Decomposers like bacteria and fungi break down dead organic matter into simpler inorganic compounds, releasing nutrients such as nitrogen and carbon back into the soil, water, and atmosphere. This makes those nutrients available again for producers like plants to absorb and incorporate into new organic matter.",,1.0,1.0,1.0,,
groundtruth,HS-LS2-024,,,HS-LS2,conceptual,Why do food chains in real ecosystems rarely have more than four or five trophic levels?,"Because approximately 90% of energy is lost at each trophic level, there is very little energy remaining by the fourth or fifth level to support additional consumers. The small amount of available energy would not be sufficient to sustain a viable population at higher trophic levels.",,1.0,1.0,1.0,,
groundtruth,HS-LS2-088,,,HS-LS2,recall,What does the term 'dynamic equilibrium' mean when describing a stable ecosystem?,"Dynamic equilibrium in an ecosystem means that while the populations of organisms fluctuate slightly over time, the overall numbers and types of species remain relatively consistent because births, deaths, immigration, and emigration are roughly balanced.",,1.0,1.0,1.0,,
groundtruth,HS-LS2-086,,,HS-LS2,recall,"What is the term for the large reservoir of carbon stored in fossil fuels, rocks, and sediments within Earth's crust?","This reservoir is called the geosphere (or lithosphere). Carbon stored there includes coal, oil, natural gas, and carbonate rocks like limestone, representing long-term carbon storage.",,1.0,1.0,1.0,,
groundtruth,HS-LS2-094,,,HS-LS2,recall,What is a population's biotic potential?,Biotic potential is the maximum rate at which a population can increase under ideal conditions with unlimited resources and no limiting factors. It represents the theoretical upper limit of population growth.,,1.0,1.0,1.0,,
groundtruth,HS-LS3-057,,,HS-LS3,applied,"If scientists replace a faulty gene on a chromosome with a correct copy in a patient's cells, what would you predict happens to the trait that was affected by the faulty gene?","The corrected gene should allow the cell to produce a functional protein, potentially restoring or improving the trait that the faulty gene was disrupting.",,1.0,1.0,1.0,,
groundtruth,HS-LS3-052,,,HS-LS3,applied,"During fertilization, a sperm with 23 chromosomes fuses with an egg with 23 chromosomes. What is the chromosome number of the resulting zygote, and what does this mean for inherited traits?","The zygote has 46 chromosomes and receives DNA-encoded trait instructions from both parents, combining genetic information from each.",,1.0,1.0,1.0,,
groundtruth,HS-LS3-049,,,HS-LS3,applied,"If a cell has 46 chromosomes before undergoing meiosis, how many chromosomes will each resulting sperm or egg cell contain?","Each resulting sperm or egg cell will contain 23 chromosomes, because meiosis halves the chromosome number to produce haploid gametes.",,1.0,1.0,1.0,,
groundtruth,HS-LS3-026,,,HS-LS3,conceptual,Why do humans have 46 chromosomes in most body cells but only 23 in egg and sperm cells?,"Meiosis halves the chromosome number so that when two sex cells fuse during fertilization, the resulting offspring has the correct total of 46 chromosomes. If sex cells had 46 chromosomes, fertilization would double the chromosome count each generation.",,1.0,1.0,1.0,,
groundtruth,HS-LS3-024,,,HS-LS3,conceptual,Why can two parents with the same visible trait have a child who looks different from either of them?,"Parents can carry recessive alleles that are not expressed in their own appearance. If both parents pass on their recessive allele, the offspring may inherit two recessive copies and express a trait that neither parent visibly showed.",,1.0,1.0,1.0,,
groundtruth,HS-LS3-037,,,HS-LS3,conceptual,How can environmental factors such as UV radiation cause genetic mutations?,"UV radiation causes adjacent thymine bases on a DNA strand to bond together, forming thymine dimers that distort the double helix, which can lead to errors during replication if the damage is not repaired.",,1.0,1.0,1.0,,
groundtruth,HS-LS3-010,,,HS-LS3,recall,What type of mutation must occur in order for it to be passed on to offspring?,A mutation must occur in a germ cell (sperm or egg cell) in order to be inheritable and passed on to offspring.,,1.0,1.0,1.0,,
groundtruth,HS-LS3-100,,,HS-LS3,recall,What is polygenic inheritance?,"Polygenic inheritance is when a single trait is controlled by two or more genes. Because many gene combinations are possible, polygenic traits (such as human height or skin color) tend to show a wide, continuous range of variation in a population.",,1.0,1.0,1.0,,
groundtruth,HS-LS3-098,,,HS-LS3,recall,What is the difference between a gene and an allele?,"A gene is a section of DNA that codes for a specific trait, while an allele is a specific version or variant of that gene. For example, a gene may determine eye color, and different alleles of that gene code for blue or brown eyes.",,1.0,1.0,1.0,,
groundtruth,HS-LS4-055,,,HS-LS4,applied,"A cheetah population has individuals with slight variation in leg-muscle strength. If faster cheetahs catch more prey and raise more offspring, what would you predict about the average running speed of the population after many generations?",Average running speed would increase over generations because faster cheetahs have greater reproductive success and pass their traits to offspring. Natural selection would shift the population toward greater speed as an adaptation.,,1.0,1.0,1.0,,
groundtruth,HS-LS4-044,,,HS-LS4,applied,Imagine two plant species competing for sunlight in the same field. One species grows 10% taller on average due to a heritable mutation. Predict how this competition will affect the shorter species over many generations.,"The taller plants shade out the shorter ones, reducing the shorter species' access to sunlight and lowering their reproductive success. Over many generations, if the trait difference is heritable and consistent, the shorter species may decline in the area while the taller species proliferates.",,1.0,1.0,1.0,,
groundtruth,HS-LS4-046,,,HS-LS4,applied,"In a population of 200 beetles, 50 are green (camouflaged) and 150 are brown (visible) on green leaves. If birds eat visible beetles at twice the rate, predict how the proportion of green beetles will change over several generations.","The proportion of green beetles will increase over generations because brown beetles are selected against at a higher rate, leaving green beetles to survive and reproduce more, passing on the camouflage trait to more offspring.",,1.0,1.0,1.0,,
groundtruth,HS-LS4-033,,,HS-LS4,conceptual,Why are species with very specialized traits more vulnerable to extinction when environmental conditions change?,"Highly specialized species depend on specific resources or conditions that may disappear when the environment changes. Because their traits are suited to a narrow set of conditions, they have limited ability to shift to alternative resources or habitats.",,1.0,1.0,1.0,,
groundtruth,HS-LS4-075,,,HS-LS4,conceptual,Why do traits that improve survival get passed on to future generations more often than traits that reduce survival?,"Organisms with traits that improve survival are more likely to live long enough to reproduce, so they pass those traits to their offspring more frequently. Over generations, this causes beneficial traits to become more common in the population.",,1.0,1.0,1.0,,
groundtruth,HS-LS4-024,,,HS-LS4,conceptual,Why does the rate at which an advantageous trait spreads through a population depend on how large the survival or reproductive advantage is?,"A greater advantage means carriers produce proportionally far more surviving offspring per generation than non-carriers, so the trait's frequency rises faster. A very slight advantage produces only a small difference in reproductive output each generation, causing the trait to spread slowly.",,1.0,1.0,1.0,,
groundtruth,HS-LS4-015,,,HS-LS4,recall,What is speciation?,"Speciation is the evolutionary process by which new, distinct species arise, typically when populations become reproductively isolated and diverge genetically over time.",,1.0,1.0,1.0,,
groundtruth,HS-LS4-087,,,HS-LS4,recall,What does the term 'common ancestry' mean in evolutionary biology?,Common ancestry means that two or more species share a single ancestral species at some point in their evolutionary history. It is the idea that all life on Earth is related through a branching tree of descent.,,1.0,1.0,1.0,,
groundtruth,HS-LS4-013,,,HS-LS4,recall,What is meant by 'heritable variation' in a population?,Heritable variation refers to differences in traits among individuals in a population that can be passed from parents to offspring through genes.,,1.0,1.0,1.0,,
groundtruth,HS-PS1-068,,,HS-PS1,applied,"Lithium reacts with oxygen to form Li₂O, while cesium reacts much more vigorously to form Cs₂O. Using periodic table trends, explain why cesium is more reactive with oxygen than lithium.","Cesium is in the same group as lithium but much lower in the periodic table, so its single outermost electron is farther from the nucleus and more shielded by inner electron shells. This makes it much easier to remove, so cesium loses its outermost electron more readily than lithium and reacts more vigorously with oxygen.",,1.0,1.0,1.0,,
groundtruth,HS-PS1-069,,,HS-PS1,applied,"Neon and argon are both found as unreactive gases in nature. If you tried to react argon with chlorine under normal conditions, what would you predict and why?","No reaction would occur because argon has a completely full outermost electron shell (eight electrons), giving it no tendency to gain, lose, or share electrons. Without an incomplete outer shell, argon has no chemical driving force to react with chlorine.",,1.0,1.0,1.0,,
groundtruth,HS-PS1-073,,,HS-PS1,applied,A substance dissolves readily in water and conducts electricity when dissolved. How can you use this bulk-scale evidence to infer the type and strength of electrical forces in the original solid?,"The ability to dissolve in water and conduct electricity when dissolved suggests the substance is ionic, meaning it is held together by strong electrostatic attractions between oppositely charged ions that separate and carry charge in solution.",,1.0,1.0,1.0,,
groundtruth,HS-PS1-039,,,HS-PS1,conceptual,Why is table salt (NaCl) a solid at room temperature while rubbing alcohol is a liquid?,"Table salt consists of oppositely charged ions held together by strong ionic (electrical) forces, requiring a lot of energy to break apart. Rubbing alcohol molecules are held together by weaker intermolecular forces, so less energy is needed to overcome them, leaving the substance liquid at room temperature.",,1.0,1.0,1.0,,
groundtruth,HS-PS1-057,,,HS-PS1,conceptual,"Why does it seem like mass is lost when a piece of wood burns, even though the law of conservation of mass says mass is conserved?","Mass is not actually lost; the carbon and other atoms in the wood combine with oxygen from the air to form gases like carbon dioxide and water vapor that escape into the atmosphere. If all reactants and products — including the gases — were measured, the total mass would remain the same.",,1.0,1.0,1.0,,
groundtruth,HS-PS1-030,,,HS-PS1,conceptual,Why does atomic radius generally decrease as you move from left to right across a period?,"As you move across a period, the number of protons increases while electrons are added to the same energy level. The greater nuclear charge pulls the outermost electrons closer to the nucleus, making the atom smaller.",,1.0,1.0,1.0,,
groundtruth,HS-PS1-024,,,HS-PS1,recall,Why is it not acceptable to change a subscript in a chemical formula when balancing a chemical equation?,"Changing a subscript would alter the identity of the substance itself (e.g., H₂O would become H₃O, a different compound), so only coefficients may be changed to balance an equation without misrepresenting the actual chemicals involved.",,1.0,1.0,1.0,,
groundtruth,HS-PS1-007,,,HS-PS1,recall,What does a substance's melting point tell you about the strength of the forces between its particles?,"A higher melting point indicates stronger electrical forces between particles, because more energy (heat) is required to overcome those attractions and change the substance from solid to liquid.",,1.0,1.0,1.0,,
groundtruth,HS-PS1-028,,,HS-PS1,recall,What is binding energy in the context of an atomic nucleus?,Binding energy is the energy required to completely separate all the protons and neutrons in a nucleus; it represents the energy released when a nucleus is formed and is responsible for holding the nucleus together.,,1.0,1.0,1.0,,
groundtruth,HS-PS2-048,,,HS-PS2,applied,"Two cars have the same engine applying the same net force, but one car has twice the mass of the other. How do their accelerations compare?","The lighter car accelerates twice as fast as the heavier one. Since a = F/m, doubling the mass while keeping force constant cuts the acceleration in half.",,1.0,1.0,1.0,,
groundtruth,HS-PS2-053,,,HS-PS2,applied,"A 1,200 kg car is braking and experiences a net force of 6,000 N backward. What is the magnitude of its deceleration?","The deceleration is 6,000 N ÷ 1,200 kg = 5 m/s². Because the net force acts opposite to the direction of motion, the car slows down at this rate.",,1.0,1.0,1.0,,
groundtruth,HS-PS2-064,,,HS-PS2,applied,"A football player wears shoulder pads made of stiff outer shells with soft foam inside. During a tackle, the outer shell spreads the impact over a larger area. How does spreading the force over a larger area reduce injury?","Spreading the force over a larger surface area reduces the pressure (force per unit area) on any single point of the body, lowering the likelihood of tissue damage even if the total force remains the same.",,1.0,1.0,1.0,,
groundtruth,HS-PS2-031,,,HS-PS2,conceptual,Why do astronauts in space move backward when they throw an object forward?,"In the absence of external forces, the total momentum of the astronaut-object system is conserved. Throwing an object forward gives it forward momentum, so the astronaut must move backward with equal and opposite momentum to keep the total at zero.",,1.0,1.0,1.0,,
groundtruth,HS-PS2-084,,,HS-PS2,conceptual,How does an airbag in a car reduce the force on a passenger during a crash?,"An airbag increases the time it takes for the passenger's momentum to reach zero by providing a cushion that compresses during impact. Since the change in momentum is fixed, spreading it over a longer time interval results in a smaller average force on the passenger, reducing the risk of injury.",,1.0,1.0,1.0,,
groundtruth,HS-PS2-027,,,HS-PS2,conceptual,How does Newton's third law explain why momentum is conserved during a collision between two objects?,"When two objects collide, they exert equal and opposite forces on each other for the same amount of time. These equal and opposite impulses cancel out, so the gain in momentum of one object exactly equals the loss in momentum of the other, keeping the total constant.",,1.0,1.0,1.0,,
groundtruth,HS-PS2-100,,,HS-PS2,recall,"In Coulomb's Law, what does it mean if the electrostatic force between two charges is negative?","A negative force in Coulomb's Law indicates that the force is attractive, which occurs when the two charges have opposite signs (one positive and one negative).",,1.0,1.0,1.0,,
groundtruth,HS-PS2-005,,,HS-PS2,recall,What condition must be met for the total momentum of a system to be conserved?,"The total momentum of a system is conserved when there is no net external force acting on the system. In other words, the system must be isolated from outside forces.",,1.0,1.0,1.0,,
groundtruth,HS-PS2-094,,,HS-PS2,recall,What is the mathematical formula for Coulomb's Law?,"Coulomb's Law is written as F = kq₁q₂/r², where F is the electrostatic force, k is Coulomb's constant (approximately 8.99 × 10⁹ N·m²/C²), q₁ and q₂ are the charges of the two objects, and r is the distance between them.",,1.0,1.0,1.0,,
groundtruth,HS-PS3-070,,,HS-PS3,applied,"If you build a small wind turbine in class and the wind speed doubles, how does that affect the electrical energy output of your turbine?","Wind power is proportional to the cube of wind speed, so doubling wind speed can increase the available power by up to eight times. The turbine would generate significantly more electrical energy from the faster-moving air (kinetic energy).",,1.0,1.0,1.0,,
groundtruth,HS-PS3-068,,,HS-PS3,applied,"You design a solar-powered water pump for a science project. If you replace the small solar panel with a larger one on a sunny day, what happens to the pump's output and why?","A larger solar panel captures more radiant (light) energy and converts it into more electrical energy. This provides greater power to the pump motor, increasing the rate at which water is moved.",,1.0,1.0,1.0,,
groundtruth,HS-PS3-082,,,HS-PS3,applied,A negative charge is released from rest near a positive charge. Describe what happens to the kinetic energy and potential energy of the system as the charges move toward each other.,"As the negative charge accelerates toward the positive charge, the electric potential energy of the system decreases and is converted into kinetic energy, so kinetic energy increases while potential energy decreases.",,1.0,1.0,1.0,,
groundtruth,HS-PS3-097,,,HS-PS3,conceptual,Why is it impossible to build a device that converts energy with 100% efficiency?,"No device can achieve 100% efficiency because some energy is always lost to the surroundings, typically as thermal energy (heat) due to friction, electrical resistance, or other dissipative processes. This is a consequence of the second law of thermodynamics, which states that energy conversions always produce some unusable energy.",,1.0,1.0,1.0,,
groundtruth,HS-PS3-096,,,HS-PS3,conceptual,Why is it important to account for energy flowing in and out of a system when calculating how much energy one component gained or lost?,"Energy that flows in adds to the system's total energy, and energy that flows out removes from it, so ignoring these flows would give an incorrect picture of how energy is distributed among the components. Tracking all energy inputs and outputs ensures the calculated energy changes are consistent with conservation of energy.",,1.0,1.0,1.0,,
groundtruth,HS-PS3-030,,,HS-PS3,conceptual,Why does water at the top of a waterfall have more energy than water at the bottom?,"Water at the top has greater gravitational potential energy because its molecules are at a higher position relative to Earth, meaning the particles have greater separation energy due to their relative positions in the gravitational field.",,1.0,1.0,1.0,,
groundtruth,HS-PS3-021,,,HS-PS3,recall,What happens to the potential energy of two opposite charges as they move closer together?,"As two opposite charges move closer together, their electric potential energy decreases (becomes more negative). The system releases energy, typically converted to kinetic energy, as the attractive force does positive work.",,1.0,1.0,1.0,,
groundtruth,HS-PS3-092,,,HS-PS3,recall,What is the name of the force law that describes the strength of the force between two electrically charged objects?,Coulomb's Law describes the force between two charged objects. It states that the force is proportional to the product of the two charges and inversely proportional to the square of the distance between them.,,1.0,1.0,1.0,,
groundtruth,HS-PS3-009,,,HS-PS3,recall,What energy conversion takes place in a solar panel?,A solar panel converts light energy (radiant energy) into electrical energy.,,1.0,1.0,1.0,,
groundtruth,HS-PS4-061,,,HS-PS4,applied,"If X-rays pass through soft tissue but are absorbed by bone, why can doctors use X-ray images to detect a broken bone but not easily see a torn ligament?","Bone is denser and contains calcium, which absorbs X-rays strongly, creating contrast on the image. Ligaments are soft tissue with similar X-ray absorption to surrounding tissue, so they produce little contrast and are not clearly visible on a standard X-ray.",,1.0,1.0,1.0,,
groundtruth,HS-PS4-081,,,HS-PS4,applied,"A hospital uses X-rays to image a patient's broken bone, while a doctor uses an ultrasound to image a soft-tissue injury. Based on how high-frequency electromagnetic radiation like X-rays interacts with matter, why are X-rays better suited for imaging bones than soft tissue?","X-rays are absorbed much more strongly by dense materials like bone, which contains calcium, than by soft tissue, which is mostly water and fat. This difference in absorption creates a clear contrast on the image, making bones appear bright white against the darker soft tissue background.",,1.0,1.0,1.0,,
groundtruth,HS-PS4-050,,,HS-PS4,applied,"If you copy a digital photo 100 times from one device to another, how does the quality of the 100th copy compare to the original?",The quality of the 100th copy is identical to the original because digital data is stored as binary code (0s and 1s) that can be copied exactly without any loss of information.,,1.0,1.0,1.0,,
groundtruth,HS-PS4-023,,,HS-PS4,conceptual,Why is it useful to use the equation v = fλ when designing technologies like cell phones that transmit information using waves?,"The equation v = fλ lets engineers calculate the wavelength of the signal for a given frequency and transmission speed, which is critical for designing antennas sized to match those wavelengths and for selecting frequencies that travel efficiently through a specific medium.",,1.0,1.0,1.0,,
groundtruth,HS-PS4-030,,,HS-PS4,conceptual,Why does a higher-frequency photon carry more energy than a lower-frequency photon?,"Photon energy is given by E = hf, where h is Planck's constant and f is frequency, so energy increases directly with frequency. This relationship comes from the particle model, in which each photon is a discrete quantum of electromagnetic energy.",,1.0,1.0,1.0,,
groundtruth,HS-PS4-034,,,HS-PS4,conceptual,"Why can radio waves diffract around hills to reach receivers, while visible light does not noticeably bend around the same obstacles?","Diffraction is most significant when a wave's wavelength is comparable to the size of the obstacle; radio waves have wavelengths of meters, similar in scale to hills, so they diffract readily. Visible light has wavelengths of only hundreds of nanometers, far too small relative to a hill for noticeable diffraction.",,1.0,1.0,1.0,,
groundtruth,HS-PS4-010,,,HS-PS4,recall,What is the relationship between the frequency and energy of a photon?,"The energy of a photon is directly proportional to its frequency, expressed by the equation E = hf, where h is Planck's constant and f is the frequency.",,1.0,1.0,1.0,,
groundtruth,HS-PS4-006,,,HS-PS4,recall,Why are digital signals less affected by noise than analog signals during transmission?,"Because digital signals only use two states (0 and 1), small amounts of noise do not change the interpretation of the signal; as long as the signal is recognizable as a 0 or 1, the information is preserved perfectly.",,1.0,1.0,1.0,,
groundtruth,HS-PS4-088,,,HS-PS4,recall,"What is signal noise, and why is it a problem for information transmission?","Signal noise is unwanted random variation or interference added to a signal during transmission. It is a problem because it can distort the original information, making it harder to accurately reconstruct the message at the receiving end.",,1.0,1.0,1.0,,
response,HS-ESS1-062,1,Granite 3.3 Instruct,HS-ESS1,applied,,,"Yes, as an astronomer in a distant galaxy, if you measured the redshifts of nearby galaxies, you would likely observe a similar expansion pattern. This is because the observable universe is thought to have started from a hot, dense state in the Big Bang, roughly 13.8 billion years ago, and has been expanding ever since. This stellar expansion is consistent across all observable points in the universe, as per the observations supporting the Cosmological Principle - which suggests that the universe is homogenous and isotropic on large scales.

The redshift, which is a phenomenon where light from distant galaxies is stretched to longer, redder wavelengths as the universe expands, would show the same pattern - more distant galaxies exhibit higher redshifts. This suggests that despite being in a different galaxy, the fundamental laws of physics and the broad-scale dynamics of the universe should appear consistent. This consistency is a key cornerstone of the scientific understanding of the universe we currently hold.",,1.0,,,
response,HS-ESS1-081,1,Gemma 4 31b,HS-ESS1,applied,,,"The fact that iron meteorites share the same composition as Earth's core supports the theory of **planetary differentiation**. Differentiation is the process by which a planet separates into distinct layers based on density.

Here is how the connection between meteorites and the core supports this model:

### 1. The ""Building Blocks"" of the Solar System
Scientists believe that the early solar system was made of a swirling cloud of dust and gas. Meteorites are essentially the ""leftovers"" from this era. Because iron meteorites are composed primarily of iron and nickel, they provide a chemical snapshot of the raw materials available when Earth was forming.

### 2. Density and Gravity
In the early stages of Earth's history, the planet was hot and partially molten due to radioactive decay and frequent collisions with other space rocks. In this liquid state, gravity acted on the materials based on their density:
*   **Heavy metals** (like iron and nickel) sank toward the center.
*   **Lighter silicates** (rocks) floated to the top.

This process is similar to how oil and water separate, but on a planetary scale.

### 3. The ""Iron Catastrophe""
This massive migration of metal to the center is known as the ""Iron Catastrophe."" It created a dense metallic core and a lighter rocky mantle and crust. Since we cannot drill deep enough to sample Earth's core directly, scientists use iron meteorites as a **proxy**. 

Because iron meteorites are pieces of the cores of ancient, shattered protoplanets (small planets that formed and were later destroyed by collisions), they show us exactly what a planetary core looks like. The fact that these meteorites match the predicted composition of Earth's core proves that Earth underwent the same process of sinking heavy metals to its center.",,1.0,,,
response,HS-ESS1-065,1,OSS 120b,HS-ESS1,applied,,,"When a massive star ends its life in a supernova, the explosion is so energetic that atomic nuclei are smashed together and new ones are forged.  
Two kinds of nuclear synthesis happen in a supernova:

| Process | What it makes | How it works |
|---------|---------------|--------------|
| **Fusion up to iron‑peak** (the “normal” stellar burning) | Elements lighter than iron (C, O, Ne, Mg, Si, S, Ca, Ti, Cr, Mn, Fe, Ni, Co) | The star’s core fuses lighter nuclei into heavier ones until iron is reached. The supernova releases all of these newly‑made atoms into space. |
| **Rapid neutron‑capture (r‑process)** | Most elements **heavier than iron** (Cu, Zn, Ga, Ge, Sr, Y, Zr, Ba, La, Ce … up to the actinides such as Th and U, and the precious metals Au, Pt, Pd, Ag) | In the supernova’s hot, neutron‑rich blast, nuclei capture many neutrons very quickly and then decay into stable, heavy elements. |

So the atoms that later become part of planets like Earth can include **essential life elements** (C, N, O, P, S) as well as **metallic and precious elements** that we find in the crust, mantle and core.

**In short, a super‑nova can produce and scatter on to future planetary systems virtually every element from carbon (Z = 6) up through the heaviest naturally occurring ones such as uranium (Z = 92).**  

Examples of elements that are on Earth and are known to have been made in supernovae are:

- **Light‑to‑mid‑mass elements:** carbon, nitrogen, oxygen, neon, sodium, magnesium, aluminum, silicon, phosphorus, sulfur, chlorine, argon, potassium, calcium, titanium, chromium, manganese, iron, cobalt, nickel.  
- **Heavy elements (r‑process products):** copper, zinc, gallium, germanium, selenium, bromine, krypton, rubidium, strontium, yttrium, zirconium, niobium, molybdenum, ruthenium, rhodium, palladium, silver, cadmium, indium, tin, antimony, tellurium, iodine, xenon, cesium, barium, the lanthanides (lanthanum‑lutetium), and the actinides thorium and uranium.  

The gold, platinum and uranium we mine today are relics of ancient supernova explosions (or, for some of the very heaviest elements, also of neutron‑star mergers). Every atom of those elements on Earth was once forged in the fiery death of a star.",,1.0,,,
response,HS-ESS1-049,1,Granite 3.3 Instruct,HS-ESS1,conceptual,,,"Kepler's Third Law of Planetary Motion states that the square of a planet's orbital period (the time it takes to complete one orbit around the sun) is proportional to the cube of its average distance from the sun (the semi-major axis of its orbit). This relationship can be expressed with the formula: 

(Orbital Period)^2 ∝ (Orbital Radius)^3

If we double the orbital radius, we're essentially changing the 'Orbital Radius' part in the formula to 2 times its original value. According to the formula, this changes the Orbital Period to the square root of 2 times its original value. 

In simpler terms, when we double a planet's orbital radius, its orbital period increases by a factor of approximately 1.41 (which is the square root of 2). So, if the planet took 1 year to orbit the sun originally, it would take roughly 1.41 years with a doubled orbital radius.",,0.0,,,
response,HS-ESS1-052,3,OSS 20b,HS-ESS1,conceptual,,,"Zircon (ZrSiO₄) is a very hard mineral that rarely dissolves or deforms when a rock is buried or eroded. Because it can retain atoms that survive for billions of years, it is a perfect “time capsule” for geologists.

**1. Exact ages from uranium‑lead dating**  
Inside each zircon crystal are tiny amounts of uranium, which slowly decays to lead. By measuring how much lead has accumulated, scientists can calculate how long the crystal has existed. The zircons in some Australian rocks (especially the Jack Hill zircons in the Dharwar craton) have U‑Pb ages of about 4.4 billion years. That means the Earth’s crust was already forming when the planet was only a little younger than 4.4 billion years old.

**2. Evidence for continental crust early on**  
Finding zircons that old shows that pieces of continental crust existed very early. These old minerals are the building blocks of the continents; if there were none, we would have to wait for the crust to grow later.

**3. Signs of water and a temperate environment**  
The oxygen isotope composition inside the zircons indicates that the water that cooled the magma was relatively “normal” (not super‑hot). This implies that liquid water—and therefore a cooler, possibly habitable, Earth—was present as early as 4.4 billion years ago.

**4. Cooling history of the planet**  
Because zircons survive only in relatively low‑temperature settings, their presence suggests that the surface of the Earth was already cooling and had environments where minerals could crystallize, rather than being a uniform molten soup.

In short, the ancient zircon crystals found in Australian rocks give us only the most direct and reliable evidence that (a) the Earth’s solid crust and continents were forming very early, (b) liquid water existed almost as soon as the planet cooled, and (c) the planet’s surface conditions were complex enough to allow the preservation of such minerals. These insights are fundamental to our overall picture of how the early Earth evolved into the planet we live on today.",,0.0,,,
response,HS-ESS1-033,1,Mistral Small 3.1,HS-ESS1,conceptual,,,"Scientists use the redshift of light from distant galaxies to support the idea that the universe is expanding, thanks to a phenomenon called the Doppler effect and observations confirmed by Edwin Hubble in the early 20th century.

Here's a step-by-step explanation:

1. **Doppler Effect**: This is the change in the frequency of a wave (like light or sound) for an observer who is moving relative to the wave source. For example, as a sound source moves away from you, the pitch of the sound decreases, making it seem lower. This is why an ambulance siren seems to drop in pitch as it moves away.

2. **Redshift**: When a light source moves away from an observer, the wavelength of the light stretches out, shifting towards the red end of the visible spectrum. This is called redshift. The faster the source moves away, the greater the redshift.

3. **Galaxies Moving Away**: When scientists observe distant galaxies, they see that the light from these galaxies is redshifted. This means that these galaxies are moving away from us. The farther away the galaxy, the greater the redshift, indicating that it's moving away faster.

4. **Hubble's Law**: Edwin Hubble discovered that the redshift of a galaxy is directly proportional to its distance from us. This is known as Hubble's Law. In other words, the farther a galaxy is, the faster it's moving away. This pattern is what we would expect if the universe is expanding.

So, the redshift of light from distant galaxies is evidence that these galaxies are moving away from us and that the universe is expanding. This is a key piece of evidence supporting the Big Bang theory, which describes the origin and evolution of the universe.",,1.0,,,
response,HS-ESS1-004,3,OSS 20b,HS-ESS1,recall,,,"After the Sun runs out of hydrogen in its core, the core can no longer support itself with the energy produced by nuclear fusion. Here’s what happens, step by step:

1. **Core contracts and heats up.**  
   The core shrinks, gets hotter, and begins to fuse hydrogen in a thin shell around the core. Because the core is hot enough, the shell‑burning reaction has a high pressure and the Sun’s outer layers expand dramatically.

2. **The Sun becomes a red giant.**  
   Its outer envelope balloons up, it cools at the surface, and it turns red. During this phase the Sun will engulf the inner planets (possibly Earth).

3. **Helium ignition.**  
   When the core temperature reaches about 100 million K, helium fusion starts: three helium nuclei (alpha particles) combine to form carbon (the “triple‑alpha process”). The Sun’s core switches from hydrogen burning to helium burning.

4. **Helium burning ends, no further fusion.**  
   The Sun has only enough mass to burn helium into a mix of carbon and oxygen. It cannot grow hot enough to fuse these into heavier elements (like silicon or iron). So once the helium burns out, nothing more powerful can happen.

5. **Ejection of the outer layers.**  
   Radiation pressure blows off the expanded outer envelope, creating a glowing shell of gas called a *planetary nebula* (not actually planets).

6. **White dwarf remains.**  
   What’s left is the hot core—a dense, Earth‑sized, slowly cooling *white dwarf* made mostly of carbon and oxygen. Over billions of years it will fade into a faint, cold remnant.

So, after exhausting core hydrogen, the Sun will swell into a red giant, shed its outer layers, and ultimately settle as a white dwarf.",,1.0,,,
response,HS-ESS1-021,1,Llama 3.3 70b,HS-ESS1,recall,,,"The unit commonly used to measure distances within the solar system when applying Kepler's Third Law is the astronomical unit (AU). One astronomical unit is equal to the average distance between the Earth and the Sun, which is approximately 93 million miles or 149.6 million kilometers. Using astronomical units helps simplify calculations and comparisons of planetary orbits.",,1.0,,,
response,HS-ESS1-010,1,Nemotron 3 Nano 30ba3,HS-ESS1,recall,,,"**Absorption spectrum**  
When white light (or continuous spectrum light) passes through a cooler gas, the gas atoms or ions can absorb light at very specific wavelengths. Those wavelengths become dimmer, producing dark lines in an otherwise smooth rainbow of colors. The resulting pattern of dark lines is called an **absorption spectrum**.

**How it reveals composition**  
1. **Unique fingerprints** – Each chemical element (hydrogen, helium, iron, calcium, etc.) has a set of allowed energy levels for its electrons. When an electron drops from a higher level to a lower one, it emits light at a precise wavelength. Conversely, to absorb light, an electron must jump up to one of those same levels, and it can only absorb light whose wavelength matches the energy difference.  
2. **Dark lines match those wavelengths** – If a star’s light shines through its outer layers, atoms in those layers will absorb light at their characteristic wavelengths, leaving dark lines exactly where those wavelengths appear. The positions of the lines (their *positions* in the spectrum) act like a barcode for the element.  
3. **Telescopic measurement** – Astronomers split the light from a star or galaxy into a spectrum using a spectrograph. The recorded spectrum shows dark absorption lines superimposed on the continuum. By comparing those line positions with laboratory spectra of known elements, they can identify which elements are present.  
4. **Quantitative clues** – The depth and width of a line tell how many atoms are absorbing at that wavelength, giving information about the abundance of the element and the conditions (temperature, pressure) in the emitting region.

**Example**  
The famous Fraunhofer lines in the Sun’s spectrum include a deep line at 589 nm caused by sodium atoms absorbing light at that wavelength. Detecting the same line (or a pattern of lines) in the spectrum of a distant star tells us that sodium is present in the star’s outer layers.

Thus, an absorption spectrum is a fingerprint of the elements that the light has passed through; by reading those fingerprints, astronomers can determine what a star or galaxy is made of.",,1.0,,,
response,HS-ESS2-069,3,OSS 20b,HS-ESS2,applied,,,"In the present Earth, the slow “draining” or “convecting” of hot material in the lower mantle pushes the lithosphere (the outer crust and upper mantle that makes up the tectonic plates) in two ways:

1. **Slab pull** – the dense, subducting plate pulls the rest of the plate down into the mantle.
2. **Ridge push** – the hot, buoyant mantle below a mid‑ocean ridge pushes the ridge away from the plate that “splits” at the ridge.

If the mantle’s convection stopped abruptly, that whole “pump” that supplies energy to the plates would be gone.

*What would happen?*

* **Existing motions would keep going for a short time.**  
  The plates are already in motion; inertia and the attraction of already‑subducting slabs would let them coast for a while.

* **No new slab pull or ridge push would be produced.**  
  Once the convective currents that feed subduction and spreading die out, the plates would no longer get the extra push that currently helps them move.

* **Plate motions would gradually slow and eventually stop.**  
  Without ongoing mantle flow, the plates would lose the forces that keep them sliding. After subducting slabs abate and ridges no longer spread, the plates become mechanically “locked” against each other and against the underlying mantle.

* **The entire tectonic system would quiet down.**  
  Plate motion would cease, earthquakes (except those caused by crustal stress, not plate motion) and volcanic activity would drop dramatically, and continents would effectively stop drifting.

So if mantle convection stopped, the plates would not immediately grind to a halt but would gradually lose the driving forces and come to a stand‑still, ending Earth's active plate tectonics.",,1.0,,,
response,HS-ESS2-064,3,Llama 3.3 70b,HS-ESS2,applied,,,"When a large tropical rainforest is cleared for agriculture, it significantly alters the local water cycle. Initially, the removal of trees reduces the amount of water absorbed by roots and released into the air through a process called transpiration. This decrease in transpiration leads to a reduction in the amount of moisture released into the atmosphere, which in turn reduces the formation of clouds and precipitation.

Over time, the cleared land surface will also experience increased runoff and decreased infiltration. Without tree roots to hold the soil in place and absorb water, heavy rainfall will more easily wash away the topsoil, leading to increased runoff into nearby waterways. This can cause erosion and flooding downstream. Additionally, the soil's ability to absorb and store water, known as its infiltration capacity, is reduced without the organic matter and root systems provided by trees.

As a result, the local water cycle will experience a shift towards more extreme and unpredictable patterns. The area may experience more frequent droughts during dry periods, as the soil's reduced infiltration capacity and lack of transpiration from trees limit the amount of water available. Conversely, heavy rainfall events may lead to more severe flooding due to increased runoff.

In the long term, the changed land surface can also disrupt the regional climate, potentially leading to a decrease in overall rainfall and a shift towards a drier climate. This is because the reduced transpiration and evaporation from the cleared land surface can disrupt the atmospheric circulation patterns that drive precipitation in the region.",,1.0,,,
response,HS-ESS2-072,1,OSS 120b,HS-ESS2,applied,,,"**What the experiment shows**

1. **Viscous fluid = solid rock on long time‑scales**  
   The fluid in the tank is thick (high viscosity).  When it is heated from below, it begins to move very slowly, forming smooth, looping currents that the dye traces.

2. **Heat‑driven convection**  
   The bottom‑heat creates a temperature difference.  Warm fluid becomes slightly less dense, rises, cools near the top, becomes denser and sinks.  This continual rise‑and‑fall sets up a *convection cell*: a circulating loop of motion.

3. **Slow, steady, laminar flow**  
   Because the fluid is viscous, the motion is smooth (laminar) rather than turbulent.  The dye’s path therefore looks like a gentle, closed curve rather than a chaotic swirl.

---

**Why this matters for Earth’s mantle**

* **The mantle is solid but can flow**  
  Mantle rock is mostly solid silica minerals, yet at the high temperatures and pressures inside Earth it behaves like a very, very viscous liquid.  Over millions of years the mantle can creep and flow just like the thick fluid in the tank.

* **Convection cells in the mantle**  
  The Earth’s core heats the bottom of the mantle, while the surface cools it.  This creates the same temperature‑driven density contrast that drives the fluid experiment.  As a result, the mantle organizes into huge convection cells—some dozens of thousands of kilometres across—where hot rock rises in the centre of a cell and cooler rock descends at the edges.

* **Link to plate tectonics**  
  - **Upwelling (rising) parts** correspond to mantle plumes or “hot spots” that can melt through the crust and form volcanic islands (e.g., Hawaii).  
  - **Downwelling (sinking) parts** correspond to subduction zones where cold, dense oceanic lithosphere sinks back into the mantle.  
  The looping paths shown by the dye are a miniature picture of these large‑scale up‑and‑down motions.

* **Mixing and chemical fingerprints**  
  The dye marks a particular parcel of fluid as it travels.  In the mantle, small amounts of chemically distinct material (e.g., recycled oceanic crust, primordial mantle material) are carried along the same looping paths.  Over millions of years this motion spreads those materials through the mantle, explaining why some volcanic rocks contain “old” isotopic signatures.

---

**What the model predicts**

| Observation in the tank | Mantle implication (over millions of years) |
|--------------------------|--------------------------------------------|
| Slow, smooth loops       | Mantle flow is sluggish (centimetres‑per‑year) and mostly laminar, not chaotic turbulence. |
| Bright dye staying coherent for a long time | Chemical heterogeneities can survive many millions of years while being transported. |
| Cells form when bottom is heated | Large convection cells drive the motion of tectonic plates at the surface. |
| Downward flow at the sides of a cell | Subduction zones are the mantle’s “sinks” where cold lithosphere returns to depth. |
| Upward flow in the centre of a cell | Mantle plumes rise and can create surface volcanism. |

---

**Take‑away**

The simple dye‑in‑viscous‑fluid experiment captures the key physics of mantle convection: heat makes the solid mantle behave like a very thick fluid, setting up slow, looping circulation patterns.  Those loops, stretched to the size of the Earth and magnified over millions of years, become the huge convection cells that drive plate motions, create volcanic hotspots, and mix chemical signatures deep inside our planet.",,1.0,,,
response,HS-ESS2-048,2,Llama 3.1 8b,HS-ESS2,conceptual,,,"You're referring to a fascinating process called capillary action. This phenomenon occurs in narrow spaces, like the tiny pores in soil, where water can move upward against gravity due to the cohesive and adhesive properties of water molecules.

Cohesion refers to the attractive forces between water molecules, which are polar (meaning they have a slightly positive charge on one end and a slightly negative charge on the other). These forces cause water molecules to stick together, creating a sort of ""surface tension"" on the water's surface.

Adhesion, on the other hand, is the attractive force between water molecules and the molecules of the surrounding material, like soil or a glass tube. In the case of soil, the water molecules are attracted to the charged particles on the soil's surface.

When a water droplet is placed in a narrow pore, the cohesive forces between the water molecules cause the droplet to behave like a continuous, flexible sheet. This sheet is then attracted to the soil particles through adhesion, creating a sort of ""film"" that spreads along the pore's surface.

As the water molecule sheet advances, it creates a pressure difference between the top and bottom of the pore. This pressure difference is what drives the water upward, allowing it to move against gravity and rise through the narrow pore.

In summary, the combination of cohesion (water molecules sticking together) and adhesion (water molecules sticking to the soil particles) allows water to move upward through narrow pores in soil against gravity through capillary action.",,1.0,,,
response,HS-ESS2-050,2,Nemotron 3 Nano 30ba3,HS-ESS2,conceptual,,,"When you burn a fossil fuel such as coal, oil, or natural gas, you combine it with oxygen (O₂) from the air. This reaction releases energy, water (H₂O), and carbon dioxide (CO₂) as a by‑product.  

**Chemical reaction example:**  
\[
\text{CH}_4 + 2\text{O}_2 \rightarrow \text{CO}_2 + 2\text{H}_2\text{O}
\]  

The amount of CO₂ produced is directly proportional to the amount of carbon in the fuel. Because we are extracting and burning billions of tons of these fossil fuels each year, we are adding a huge extra pulse of CO₂ to the atmosphere that was previously stored underground. This increase raises the atmospheric CO₂ concentration, which enhances the greenhouse effect and contributes to climate change.  

Key points:  
- Burning = oxidation of carbon → CO₂ release.  
- Fossil fuels contain large carbon reservoirs.  
- Each unit of fuel burned adds that carbon as CO₂ to the air.  
- Accumulation of CO₂ raises its atmospheric concentration over time.",,1.0,,,
response,HS-ESS2-027,2,Llama 3.1 8b,HS-ESS2,conceptual,,,"Subduction is a process in plate tectonics where one tectonic plate is forced beneath another. This occurs when two plates converge, or move towards each other. The denser plate is usually the one that is subducted, or pushed beneath the other.

Imagine a scenario where a dense oceanic plate is moving beneath a lighter continental plate. As the oceanic plate sinks into the Earth's mantle, it encounters increasing heat and pressure. This causes the plate to deform and eventually break apart into smaller pieces.

As the subducting plate continues to sink, it encounters the Earth's mantle and interacts with the hot, viscous rock. This interaction causes the subducting plate to melt and release fluids, which can lead to the formation of volcanoes and earthquakes.

The process of subduction can lead to the formation of deep ocean trenches in several ways:

1. **Plate bending**: As the subducting plate sinks, it bends and folds, creating a deep depression in the Earth's surface. This depression can become a deep ocean trench, such as the Mariana Trench in the Pacific Ocean.
2. **Trench formation**: The subducting plate can create a trench as it sinks, as the overlying plate is pushed down and away from the subducting plate. This can lead to the formation of a deep, narrow depression in the Earth's surface.
3. **Sediment accumulation**: The trench can become a site for sediment accumulation, as the subducting plate sinks and the overlying plate is pushed down. This can lead to the formation of a deep, sediment-filled trench.

In summary, subduction leads to the formation of deep ocean trenches through the process of plate bending, trench formation, and sediment accumulation.",,0.0,,,
response,HS-ESS2-019,2,OSS 120b,HS-ESS2,recall,,,"**Ocean acidification** is the slow, steady drop in the ocean’s pH (a measure of how acidic or basic a solution is) that happens when the sea absorbs extra carbon dioxide (CO₂) from the atmosphere.  

### How it works

1. **CO₂ moves from air to water** – The atmosphere and the surface of the ocean are in constant exchange. When the amount of CO₂ in the air rises, more of it dissolves into the seawater.  
2. **Carbonic acid forms** – Dissolved CO₂ reacts with water (H₂O) to make a weak acid called *carbonic acid* (H₂CO₃):  
   \[
   \text{CO}_2 + \text{H}_2\text{O} \;\rightleftharpoons\; \text{H}_2\text{CO}_3
   \]
3. **Acid breaks apart, releasing hydrogen ions** – Carbonic acid quickly splits into a bicarbonate ion (HCO₃⁻) and a free hydrogen ion (H⁺):  
   \[
   \text{H}_2\text{CO}_3 \;\rightleftharpoons\; \text{H}^+ + \text{HCO}_3^-
   \]
   The H⁺ ions are what make the water more acidic; a higher concentration of H⁺ means a lower pH.

4. **The pH falls** – Since the 1800s, the average ocean surface pH has dropped from about 8.2 to roughly 8.1. That may sound small, but because the pH scale is logarithmic, a 0.1‑unit drop represents about a **25 % increase in acidity**.

### Connection to the carbon cycle

The **carbon cycle** describes how carbon moves among the Earth’s major “reservoirs”: atmosphere, oceans, land (soil and plants), and rocks. It includes natural flows (e.g., photosynthesis, respiration, volcanic outgassing) and human‑driven flows (e.g., burning fossil fuels, cement production, deforestation).

- **Oceans are a major carbon sink.** They naturally take up about a quarter of the CO₂ that humans emit each year, helping to slow atmospheric warming.  
- **Human activities add extra CO₂.** Burning coal, oil, and gas releases large amounts of carbon that had been locked in rocks for millions of years. This pushes the atmospheric CO₂ concentration up from ~280 ppm before the industrial era to over 420 ppm today.  
- **More atmospheric CO₂ → more CO₂ dissolved in the ocean** (step 1 above). The extra dissolved CO₂ converts to carbonic acid, driving ocean acidification.

So ocean acidification is essentially a **branch of the carbon cycle**: it is the part of the cycle where excess atmospheric CO₂ ends up in seawater and changes the water’s chemistry.

### Why it matters

- **Marine organisms that build shells or skeletons** (like corals, some plankton, and shellfish) rely on carbonate ions (CO₃²⁻) to form calcium carbonate (CaCO₃). The extra H⁺ ions combine with carbonate, reducing its availability and making it harder for these organisms to grow.  
- **Food webs can be disrupted.** Tiny plankton at the base of the ocean food chain are especially vulnerable; impacts on them can ripple up to fish, seabirds, and even humans who rely on seafood.  
- **Long‑term feedbacks.** If ocean chemistry changes enough, the sea’s ability to absorb CO₂ may weaken, leaving more CO₂ in the atmosphere and accelerating climate change.

### Bottom line

Ocean acidification is the result of the carbon cycle’s “sink” function—oceans taking up the extra CO₂ that humanity pumps into the air. That extra CO₂ turns seawater into a weak acid, lowering pH and altering marine chemistry, with wide‑reaching ecological consequences. Reducing CO₂ emissions cuts the supply of extra carbon, helping both the climate and the health of the oceans.",,1.0,,,
response,HS-ESS2-099,3,Llama 3.1 8b,HS-ESS2,recall,,,"The unique property of water that causes it to expand when it freezes is called ""anomalous expansion."" This means that as water molecules slow down and come together to form ice, they move further apart and occupy more space. This is opposite to what happens in most substances, which contract and become denser when they freeze.

There are two main reasons for this anomaly:

1. **Hydrogen bonding**: Water molecules are polar, meaning they have a slightly positive charge on one end (hydrogen atoms) and a slightly negative charge on the other end (oxygen atom). When water molecules come together to form ice, they form hydrogen bonds between the hydrogen atoms and oxygen atoms of adjacent molecules. These bonds are relatively weak, but they cause the molecules to arrange themselves in a way that creates more space between them.

2. **Molecular arrangement**: In ice, water molecules are arranged in a crystalline structure with a hexagonal pattern. This arrangement creates more space between the molecules than in liquid water, where the molecules are more randomly arranged.

Now, let's talk about how this property affects weathering rocks. When water freezes in the pores or cracks of rocks, it expands and creates pressure. This pressure can be strong enough to break the rock apart, a process known as ""freeze-thaw weathering."" This is especially common in rocks that are rich in minerals like calcite, gypsum, and halite, which are sensitive to the effects of freezing water.

As the ice expands and contracts with temperature changes, it can cause the rock to crack and break down, leading to the formation of small fragments or even the complete disintegration of the rock. This process is an important factor in shaping our landscape and creating new soil and sediment.",,1.0,,,
response,HS-ESS2-017,3,OSS 120b,HS-ESS2,recall,,,"The large, long‑term carbon stores in the geosphere that include coal, oil, and natural gas are called **fossil fuels**.  

These are carbon‑rich materials that formed from the remains of ancient plants and microorganisms over millions of years, and they now exist deep underground as solid (coal), liquid (oil), or gaseous (natural gas) reservoirs.",,1.0,,,
response,HS-ESS3-052,1,Nemotron 3 Nano 30ba3,HS-ESS3,applied,,,"Permeable pavement is designed to let water pass through its surface and into the ground below, unlike traditional asphalt, which forms an almost‑impermeable barrier. Here’s how that alteration affects the relationship between rainwater, the soil, and groundwater:

1. **Infiltration increases** – When rain falls on permeable pavement, it doesn’t pool or run off in a single sheet. Instead, the water moves through the tiny gaps between the pavement’s aggregates and into the underlying layers of soil or engineered drainage material. This infiltration adds water directly to the soil profile.

2. **Reduced surface runoff** – Because much of the rain is absorbed, the amount of water that flows over the pavement into storm drains is dramatically lower. Less runoff means fewer peaks of water entering streams or rivers, which helps reduce erosion and flash‑flooding downstream.

3. **Slower recharge of groundwater** – The infiltrated water moves slowly downward through the soil and unsaturated zone. This gradual movement allows more water to reach the aquifer (the underground layer of permeable rock or sediment that stores groundwater) compared with the rapid, artificially directed flow that occurs with standard pavement.

4. **Improved groundwater recharge** – As the infiltrated water reaches the groundwater table, it raises the local water table height. The higher water table can:
   - **Increase base flow** in nearby streams, sustaining water levels during dry periods.
   - **Expand the area of saturated soil**, potentially extending the reach of groundwater‑dependent ecosystems (e.g., wetlands).

5. **Potential water quality benefits** – Because the water is filtered as it percolates through the pavement layers and underlying soil, sediments, pollutants, and nutrients are often removed before the water reaches the aquifer. This can improve the chemical quality of recharged groundwater.

6. **Changes in local hydrology** – In areas where many surfaces become permeable, the overall hydrologic budget shifts:
   - **More water stored underground** versus in surface reservoirs or stormwater retention basins.
   - **Longer residence time** for water in the subsurface, which can affect temperature, chemistry, and the types of microbes present.

### In Summary
Switching from standard asphalt to permeable pavement turns a hard, water‑repelling surface into a conduit that lets rain infiltrate the ground. This lowers runoff, recharges groundwater more slowly and in greater volume, and can lead to healthier streamflows and cleaner groundwater—assuming the underlying soils and drainage design can handle the added infiltration.",,1.0,,,
response,HS-ESS3-046,1,Llama 3.1 8b,HS-ESS3,applied,,,"When a mining town relies heavily on a single industry, like silver mining, its economy is often closely tied to that industry. If the silver deposit is depleted, the town's economy would likely undergo significant changes. Here are some predictions:

1. **Job losses and unemployment**: As the silver mine closes, many jobs would be lost, leading to higher unemployment rates in the town. This would affect not only miners but also those working in related industries, such as equipment suppliers, transportation services, and food vendors catering to the miners.

2. **Decline in local businesses**: Many businesses in the town, like restaurants, shops, and hotels, relied on the miners as customers. With fewer miners, these businesses would likely experience a decline in sales, leading to potential closures.

3. **Shift to service-based economy**: To adapt to the changing economic landscape, the town might shift towards a service-based economy. This could include businesses like healthcare services, education, and tourism, which are less dependent on the mining industry.

4. **New industries and job opportunities**: The town might attract new industries, such as manufacturing, technology, or renewable energy, which could create new job opportunities. This would require the town to invest in infrastructure and education to support the growth of these new industries.

5. **Population decline**: As the mining industry declines, some residents might leave the town in search of work elsewhere. This could lead to a decline in population, which would further impact the town's economy and services.

6. **Government support and diversification**: To mitigate the economic impact, the local government might provide support for businesses and residents, such as training programs, tax incentives, or subsidies. The government might also invest in diversifying the town's economy by promoting tourism, agriculture, or other industries.

These changes would likely occur over a period of time, and the specific outcomes would depend on various factors, including the town's location, resources, and the efforts of its residents and government.",,1.0,,,
response,HS-ESS3-074,3,Gemma 3 27b,HS-ESS3,applied,,,"The model would predict the freshwater supply is **not sustainable** in the long term. Here’s why:

* **Aquifers** are underground layers of rock and soil that hold water. **Recharge** is the process of water replenishing these aquifers, primarily from rainfall and surface water.
* If consumption *doubles* but recharge remains constant, the rate at which water is being *removed* from the aquifer is now faster than the rate it’s being *replaced*. 
* Over time, this leads to **groundwater depletion** – the water level in the aquifer falls. Eventually, the aquifer may be unable to meet the demand, leading to water shortages. 

The simulation demonstrates a fundamental principle of resource management: a resource is only sustainable if its rate of use does not exceed its rate of renewal. In this case, doubling consumption without increasing recharge breaks that balance.",,1.0,,,
response,HS-ESS3-038,2,Nemotron 3 Nano 30ba3,HS-ESS3,conceptual,,,"When you burn fossil fuels (coal, oil, natural gas), most of the carbon they contain combines with oxygen to form carbon dioxide (CO₂). This CO₂ is released directly into the **atmosphere**, where it joins other greenhouse gases.  

Here’s what happens next:

1. **Atmospheric effect**  
   - CO₂ traps heat radiating from Earth, strengthening the greenhouse effect.  
   - The extra heat raises global temperatures, leading to climate change, altered weather patterns, and melting ice.

2. **Transfer to the ocean**  
   - About a quarter to a third of the emitted CO₂ dissolves in seawater.  
   - Dissolved CO₂ reacts with water to form carbonic acid (H₂CO₃), which then breaks down into bicarbonate (HCO₃⁻) and hydrogen ions (H⁺).  
   - The increase in hydrogen ions makes the water **more acidic**, a process called **ocean acidification**.

3. **Why both happen together**  
   - The same CO₂ molecules that warm the air are also the ones that enter the ocean.  
   - Fossil‑fuel burning releases CO₂ faster than natural processes (like rock weathering or oceanic uptake) can remove it, so the surplus builds up both in the air and in the sea at roughly the same rate.  
   - This simultaneous surplus drives two linked problems: atmospheric warming and ocean acidification.

**Key terms for clarity**  
- **Greenhouse gases**: Gases that trap heat in the atmosphere.  
- **Carbonic acid**: A weak acid formed when CO₂ mixes with water; it lowers ocean pH.  
- **Ocean acidification**: The reduction in seawater pH caused by added CO₂, harming marine organisms that build calcium carbonate shells.

So, burning fossil fuels simultaneously raises atmospheric CO₂ (warming the planet) and injects extra CO₂ into the ocean (acidifying it), because the same carbon emissions affect both air and water.",,1.0,,,
response,HS-ESS3-032,2,Mistral Small 3.1,HS-ESS3,conceptual,,,"Scientists use multiple climate models to better understand and predict climate change for several reasons:

1. **Uncertainty in Climate Processes**: Our understanding of some climate processes is incomplete. Different models represent these processes in different ways, leading to a range of possible outcomes.

2. **Error Reduction**: Every model has its own biases and errors. By averaging results from many models, scientists can reduce these errors and get a more realistic picture.

3. **Assessing Agreement**: When many models show similar trends, it increases confidence in the results. It's a way to check if the outcome is robust and not due to the peculiarities of a single model.

4. **Exploring Uncertainty**: Different models can react differently to changes in factors like greenhouse gas concentrations. This helps scientists explore a wider range of possible future climates.

5. **Complexity**: Climate models are simplified representations of the real world. No single model can capture every detail. Using multiple models helps to cover more aspects of the complex climate system.

This approach is known as ensemble modeling. It's like having many weather forecasters, each with their own method, then averaging their forecasts to get the most likely outcome. Here, each ""forecaster"" is a different climate model.",,1.0,,,
response,HS-ESS3-025,2,Llama 3.3 70b,HS-ESS3,conceptual,,,"The energy return on investment (EROI) is a crucial factor when comparing different resource extraction designs because it measures the amount of energy gained from a particular resource compared to the amount of energy required to extract, process, and deliver that resource. In other words, EROI calculates how much energy is returned for every unit of energy invested in extracting and utilizing a resource.

A high EROI indicates that a resource extraction design is efficient and yields a significant amount of energy relative to the energy required to extract it. On the other hand, a low EROI suggests that a design is less efficient and may not be sustainable in the long term. For example, extracting oil from a well with a high EROI might yield 20 units of energy for every unit of energy invested, whereas extracting oil from a well with a low EROI might only yield 2 units of energy for every unit of energy invested.

EROI is important because it helps determine the viability and sustainability of different resource extraction designs. A design with a low EROI may not be economically or environmentally sustainable, as it may require excessive energy inputs, leading to increased greenhouse gas emissions and decreased profitability. By comparing the EROI of different designs, decision-makers can identify the most efficient and sustainable options, which can help minimize environmental impacts, reduce costs, and ensure a more reliable energy supply.",,1.0,,,
response,HS-ESS3-066,2,Granite 3.3 Instruct,HS-ESS3,recall,,,"In the context of natural resource management, sustainability refers to using resources in a way that maintains their availability for future generations. This concept includes balancing human needs with the long-term health of the environment. 

For example, sustainable forestry means cutting down enough trees for timber, but also planting new ones so that the forest can continue to provide these resources in the future. Similarly, sustainable fishing involves catching fish at a rate that doesn't deplete fish populations beyond their ability to replenish, ensuring that there will still be fish for future consumption. 

So, sustainability in natural resource management is about meeting our current needs without compromising the ability of future generations to meet their own needs. It's a balancing act that requires planning, regulation, and responsible use of resources.",,1.0,,,
response,HS-ESS3-008,2,Granite 3.3 Instruct,HS-ESS3,recall,,,"An ecosystem service is a benefit that humans get from functioning ecosystems. These services are categorized into four types: provisioning (like food, water, timber, and cotton), regulating (like climate regulation, disease control, and pollution reduction), cultural (like spiritual, recreational, and educational benefits), and supporting (like soil formation, nutrient cycling, and photosynthesis). In simpler terms, ecosystem services are all the cool and important things nature gives us for free that make our lives better and more comfortable.",,1.0,,,
response,HS-ESS3-083,1,OSS 120b,HS-ESS3,recall,,,"**Carrying capacity** (often written as **K**) is the maximum number of individuals of a species that an environment can permanently support.

### Why it matters
- Every habitat has limited resources—food, water, shelter, space, and other necessities.
- When a population grows, it uses more of those resources.
- If the population gets larger than the resources can supply, individuals start to die or reproduce less, and the population shrinks back toward a sustainable size.

### How it’s used in ecology
Ecologists picture population growth with a curve called the **logistic growth curve**:

```
          |
   N      |         /
   umbers |        /
   (size) |       /
          |______/
          0   t
```

- **Early on** (when the population is small), resources are abundant, so the population grows almost exponentially.
- **Later** (as the population nears K), resources become scarce, competition intensifies, and growth slows.
- **At K** the birth rate roughly equals the death rate, so the population size stays roughly constant.

### Factors that set the carrying capacity
1. **Food availability** – How much edible material the ecosystem produces.
2. **Water** – Access to fresh water or moisture.
3. **Shelter / nesting sites** – Places to hide from predators or raise young.
4. **Space** – Physical area needed for each individual to survive.
5. **Predation and disease** – Natural enemies and pathogens can reduce the number of survivors.
6. **Climate and seasonality** – Temperature, rainfall, and other weather patterns affect resource production.

Because these factors can change (e.g., a drought reduces water, a forest fire creates new growth), **K is not a fixed number**; it can rise or fall over time.

### Simple example
Imagine a small island that can support **100** rabbit pairs because that’s how many can find enough grass, burrows, and mates without running out of food. If 150 pairs arrive, the extra 50 will experience food shortage, more predation, and higher mortality. Over a few generations the rabbit number will settle back around 100 pairs—that’s the island’s carrying capacity for rabbits.

### Why you’ll hear “carrying capacity” often
- **Wildlife management:** Setting hunting limits so populations stay near K.
- **Conservation:** Understanding how habitat loss lowers K for endangered species.
- **Human populations:** Some people apply the idea to discuss how many people Earth can sustainably support, though the concept is more straightforward for non‑human species.

In short, carrying capacity is the ecological “sweet spot” where an environment can keep a species alive at a stable, sustainable level without degrading the resources that support it.",,1.0,,,
response,HS-ETS1-076,2,Llama 3.3 70b,HS-ETS1,applied,,,"The simulation helped identify an example of an external cost or an unintended consequence, specifically a negative environmental externality. This occurs when the desalination plant's discharge affects the surrounding ecosystem, in this case, the nearby reef, in a way that is not directly related to its intended purpose of producing freshwater.

More specifically, this is an example of a system interaction between the desalination plant (a human-made system) and the natural ecosystem of the reef (a natural system). The simulation revealed a potential negative impact of the desalination plant on the reef, highlighting the need to consider the broader environmental consequences of the plant's operation.

This type of system interaction is often referred to as a ""cross-scale"" or ""cross-system"" interaction, as it involves the intersection of human-made and natural systems, and requires consideration of the potential effects of human activities on the environment.",,1.0,,,
response,HS-ETS1-052,3,Llama 3.3 70b,HS-ETS1,applied,,,"Applying the constraint of using only locally available materials affects the design process for the elevated road system in several ways. Firstly, engineers must conduct a thorough survey of the local materials available, such as soil, sand, gravel, and rocks, to determine their properties and potential uses. This information will help them decide on the type of foundation, structure, and pavement to use for the elevated road.

The constraint may limit the design options, as certain materials may not be suitable for withstanding the weight and stress of an elevated road. For example, if the local soil is soft or unstable, engineers may need to design a deeper or more extensive foundation system to ensure stability. Alternatively, they may need to use alternative materials, such as locally sourced timber or bamboo, to construct the road's superstructure.

The use of local materials can also influence the road's geometry and alignment. Engineers may need to adjust the road's gradient, curvature, and elevation to accommodate the properties of the local materials. For instance, if the local materials are not suitable for building high embankments, the road may need to be designed with a more gradual slope or a series of bridges to span the flood-prone areas.

Additionally, the constraint can impact the construction methodology and techniques used. Engineers may need to adopt traditional or low-tech construction methods that are well-suited to the local materials and labor skills available. This could involve using manual labor or simple machinery to excavate, transport, and place the materials.

Overall, the constraint of using only locally available materials requires engineers to be creative and adaptable in their design approach. They must carefully consider the properties and limitations of the local materials and develop innovative solutions that balance the technical requirements of the project with the availability of local resources.",,1.0,,,
response,HS-ETS1-076,3,OSS 120b,HS-ETS1,applied,,,"The model revealed a **negative externality** – an unintended side‑effect of the desalination system on the surrounding environment. In other words, while the plant met its own water‑production goals, the by‑product (the concentrated brine) became an unintended impact on a different part of the ecosystem (the nearby reef). This kind of interaction is called an externality because the effect occurs outside the system’s primary purpose and must be taken into account when evaluating the overall sustainability of the project.",,1.0,,,
response,HS-ETS1-080,1,Granite 3.3 Instruct,HS-ETS1,conceptual,,,"Societal needs and wants play a significant role in determining what an engineering solution should address and how it should function. Here's how:

1. Identifying the Problem: Society identifies problems that engineers can solve. These problems can stem from daily life, technological advancements, or pressing social issues such as climate change, healthcare, or transportation.

2. Determining Priorities: Society values different solutions over others. For instance, there might be a need for more efficient and affordable renewable energy sources because of growing environmental concerns. Engineers thus prioritize creating solutions that align with these societal values, like developing wind or solar technologies.

3. Establishing Criteria: Based on identified problems and priorities, societal needs set the criteria for the engineering solution. If a community wants cleaner energy, an engineer might focus on a solution that has minimal environmental impact, is cost-effective for consumers, and is reliable and safe.

4. User Requirements: Society's expectations about usability and accessibility also influence engineering solutions. If a solution isn’t user-friendly or accessible to a diverse range of people, it might not be widely accepted or adopted. 

5. Policy and Regulation: Societies establish laws and regulations to ensure safety, ethics, and sustainability in engineering solutions. Engineers design within these constraints to comply with societal norms and expectations.

So, in essence, societal needs and wants guide engineers throughout the entire process, from problem identification to the design and implementation of solutions. They dictate what problems should be solved, how they should be solved, and what the end product should look like, all while ensuring the solution is beneficial and sustainable for society.",,1.0,,,
response,HS-ETS1-043,1,OSS 20b,HS-ETS1,conceptual,,,"Two simulations of the same engineering problem can come up with different answers for several reasons.  
Here are the most common ones:

| Reason | What it means in practice |
|--------|---------------------------|
| **Different numerical methods** | One program may use a finite‑difference approach, another a finite‑element or boundary‑element method. Each method approximates the equations differently, which can change the result. |
| **Mesh or grid quality** | The mesh (the grid that breaks the geometry into small pieces) can be finer or coarser, and can be shaped differently. A coarse mesh may miss small‑scale effects, while a very fine mesh may over‑resolve them and produce a slightly different solution. |
| **Time‑step size** | In transient (time‑dependent) problems, the size of each time step matters. A larger step can skip over rapid changes and give a different solution than a very small step. |
| **Solver tolerance and convergence** | Each program controls how closely the iterative solver must match the equations before it stops. Tight tolerances give more accurate solutions, while loose tolerances can leave small errors that grow. |
| **Physical model choices** | One simulation might include turbulence, temperature dependence, or material nonlinearities, while another might treat the material as perfectly elastic and ignore heat. That changes the equations being solved. |
| **Boundary and initial conditions** | Even a tiny difference in the imposed pressure, temperature, or constraints can lead to a different result. Human error or different conventions in the software can introduce such differences. |
| **Randomness or stochastic elements** | If a Monte‑Carlo or stochastic method is used, each run can produce a different outcome because it samples random numbers. |
| **Implementation details and numerical round‑off** | Two programs may use different algorithms for the same mathematical operation or store numbers with different precision (single vs. double). Small rounding errors can propagate, especially in highly nonlinear problems. |
| **Hardware and parallel execution** | Running on different CPUs, GPUs, or with different numbers of threads can change the order in which calculations are performed, affecting round‑off errors and therefore the final numbers. |
| **Software versions or bugs** | Newer or older versions of a code can have updates or fixed bugs that change how the calculations are carried out. |

In practice, you can usually find the source of a discrepancy by:

1. Comparing the input files to make sure every parameter, material property, and boundary condition is truly the same.  
2. Checking the meshing and time‑step parameters.  
3. Looking at solver settings (tolerance, convergence criteria).  
4. Verifying that both codes are solving the same set of equations (same physical models).  

When all of those are identical, the remaining differences often boil down to the fundamental numerical algorithms or tiny rounding errors that inevitably appear in computer calculations.",,1.0,,,
response,HS-ETS1-032,1,Mistral Small 3.1,HS-ETS1,conceptual,,,"Decomposing a complex problem into sub-problems is a powerful strategy engineers use to manage and solve intricate issues. This approach helps in identifying the parts of a design that are most likely to fail by providing several benefits:

1. **Focusing on Specific Areas:** When a complex problem is broken down, engineers can concentrate on one sub-problem at a time. This focused approach allows them to thoroughly analyze each part of the design, understand its function, and assess its potential weaknesses.

2. **Understanding Interdependencies:** By examining sub-problems, engineers can see how different parts of the system interact. This understanding helps them identify critical points where failure might propagate through the system.

3. **Prioritizing Risk:** Not all parts of a design are equally important or prone to failure. By dealing with sub-problems, engineers can evaluate the risk associated with each component. They can then prioritize which parts need more rigorous testing or reinforcement.

4. **Simplifying Analysis:** A complex system can be overwhelming to analyze all at once. Breaking it down into smaller, manageable sub-problems makes it easier to apply mathematical models, simulations, and other analytical tools to predict failure points.

5. **Iterative Improvement:** Addressing sub-problems allows for iterative design improvements. Engineers can refine and test each part of the design individually, ensuring that each component is robust before integrating them into the whole system.

6. **Root Cause Analysis:** If a failure occurs, the sub-problem approach helps in tracing back to the root cause more effectively. By isolating the problem to a specific sub-problem, engineers can focus on fixing the exact issue rather than redesigning the entire system.

Here's a simple example: Imagine a team designing a new type of drone. Instead of looking at the entire drone at once, they break it down into sub-problems like ""propulsion system,"" ""control system,"" ""power management,"" and ""communication system."" By focusing on each sub-problem, they can identify that the propulsion system, for instance, might be more prone to failure due to high vibration levels and take steps to address that issue specifically.",,1.0,,,
response,HS-ETS1-077,3,Granite 3.3 Instruct,HS-ETS1,recall,,,"In engineering design, a 'criterion' refers to a standard or requirement that a proposed design must meet to be considered successful or acceptable. These criteria define what the design should achieve or how it should perform. They might include functional requirements (like the product must be able to lift a certain weight), performance standards (like the product must operate within a certain speed range), safety regulations (like the product must not exceed a specific temperature under use), and environmental considerations (like the product must be recyclable). Meeting these criteria ensures that the design is both effective and efficient, while also complying with necessary regulations and considerations.",,1.0,,,
response,HS-ETS1-079,1,OSS 20b,HS-ETS1,recall,,,"**Aesthetics** in engineering is about the *appearance* and *feel* of a product or system and how it looks to the people who use or see it.  
When engineers evaluate a design, they consider how the shape, color, materials, layout, and overall style will be perceived. A well‑designed aesthetic can:

* Make a product more attractive so people want to buy or use it.  
* Improve user comfort or confidence (e.g., a friendly shape on a medical device).  
* Enhance a brand’s image or fit a company’s visual identity.  
* Influence safety or ergonomics when the design is easier to see or handle.

So, “aesthetics” is the visual and sensory appeal factor that engineers weigh along with performance, cost, safety, and durability.",,1.0,,,
response,HS-ETS1-010,3,Mistral Small 3.1,HS-ETS1,recall,,,"In engineering, ""decomposing"" a problem means breaking it down into smaller, more manageable parts or subsystems. This technique is used to simplify complex problems, making them easier to analyze, design, and solve. Here's a simple breakdown of the process:

1. **Identify the main goal**: Understand what you're trying to achieve with the engineering task.

2. **Break down the problem**: Divide the problem into smaller components or subsystems. Each part should be simpler and more focused than the original problem.

3. **Analyze each part**: Examine each component individually. This might involve applying relevant scientific principles, using mathematical models, or considering practical constraints.

4. **Design and test solutions**: Develop solutions for each part, then test and refine them. This could involve creating prototypes, running simulations, or conducting experiments.

5. **Reassemble the components**: Combine the solutions for each part to create a complete system that addresses the original problem.

Here's an example: If you're designing a rover for a Mars mission, you might decompose the problem into parts like:
- Power system (e.g., batteries, solar panels)
- Mobility system (e.g., wheels, suspension)
- Communication system (e.g., antennas, transmitters)
- Scientific instruments (e.g., cameras, sensors)

By decomposing the problem, engineers can focus on one aspect at a time, making the design process more organized and efficient.",,1.0,,,
response,HS-LS1-054,3,Nemotron 3 Nano 30ba3,HS-LS1,applied,,,"The epithelial cells that line the small intestine are the main absorbers of nutrients. They have tiny finger‑like projections called **villi** and even smaller hair‑like structures called **microvilli** that greatly increase the surface area where absorption takes place. The cells also produce enzymes that break down food and transport the resulting molecules into the bloodstream or lymphatic system.

### What happens when those cells are destroyed

1. **Loss of absorptive surface** – Without functional epithelial cells and their microvilli, the surface area available for absorption drops dramatically. This makes it much harder for nutrients to enter the body.

2. **Reduced transport of specific nutrients**  
   - **Carbohydrates** – The enzyme **sucrase‑isomaltase** on the brush border (the microvilli) can no longer break down disaccharides like sucrose and lactose, so they remain in the gut lumen and are excreted.  
   - **Lipids** – Micelle formation and fatty‑acid uptake depend on the brush‑border enzymes and transporters; they become inefficient, leading to poor fat absorption.  
   - **Proteins** – Peptidases (e.g., aminopeptidases) on the brush border can’t finish digesting peptides, so amino acids and small peptides aren’t taken up effectively.  
   - **Vitamins and minerals** – Many vitamins (especially B‑complex and fat‑soluble vitamins A, D, E, K) and minerals (iron, calcium, magnesium) require specific carriers located in the epithelial cells. Destroying the cells eliminates those carriers, causing deficiencies.

3. **Impaired transport mechanisms** – Some nutrients are moved into the body by active transport (requiring energy) or facilitated diffusion. If the epithelial cells that house those transport proteins are gone, these processes stop or become extremely slow.

4. **Compensatory changes** – Adjacent non‑epithelial cells (e.g., stromal or immune cells) cannot replace the absorptive function. The gut may increase mucus production or inflammation, further hindering absorption.

5. **Overall effect on the digestive system** – Because most of the body’s nutrient uptake occurs in the small intestine, destroying its epithelial lining leads to:
   - **Malabsorption** – Undigested food passes through, causing loose stools, abdominal discomfort, and weight loss.  
   - **Nutritional deficiencies** – The body receives less energy, building blocks, and essential micronutrients, which can impair growth, metabolism, and immune function.  
   - **Electrolyte imbalances** – Without proper ion transport, salts like sodium and potassium may not be reabsorbed efficiently, potentially leading to dehydration or arrhythmias.

### Bottom line

Destroying the epithelial cells that line the small intestine removes the primary site where digested nutrients are absorbed. This severely limits the digestive system’s ability to obtain energy, grow, and maintain cellular functions, resulting in malabsorption, diarrhea, and a cascade of nutritional deficiencies.",,1.0,,,
response,HS-LS1-076,3,Nemotron 3 Nano 30ba3,HS-LS1,applied,,,"The observation shows that corn kernels contain less protein when the plant’s nitrogen supply is low, even though they still get plenty of sunlight and water.  

**Why sugar isn’t enough:**  
1. **Sugar provides carbon and energy.** When a plant photosynthesizes, it makes sugars (glucose, sucrose). These sugars are broken down to give carbon atoms and the energy needed for building molecules.  
2. **Proteins need nitrogen as well as carbon.** An amino acid – the building block of protein – has two parts: a carbon skeleton (derived from sugar) and a nitrogen‑containing group (–NH₂). Plants take up nitrate (NO₃⁻) from the soil, reduce it to ammonia (NH₃), and then attach that nitrogen to carbon skeletons to make amino acids.  
3. **If nitrogen is scarce, the plant can’t finish the protein‑building step.** Even though the plant has plenty of sugar to supply carbon skeletons and energy, it lacks the nitrogen needed to add the –NH₂ groups. Without those groups, the carbon skeletons can’t be turned into amino acids, so protein synthesis is limited.  

**In short:** Sugar gives the raw material and fuel, but protein production also requires nitrogen to create the amine groups that link amino acids together. When nitrogen in the soil is deficient, the plant can’t add enough nitrogen to its carbon skeletons, so it makes fewer amino acids and therefore less protein in the kernels, even though sunlight and water (and thus sugar production) are unchanged.",,1.0,,,
response,HS-LS1-079,3,Llama 3.3 70b,HS-LS1,applied,,,"During the sprint, the sprinter's muscles required a lot of energy to contract and relax rapidly. This energy is produced through cellular respiration, a process that converts glucose into energy in the form of ATP (adenosine triphosphate). There are three stages of cellular respiration: glycolysis, the citric acid cycle, and oxidative phosphorylation.

When the sprinter starts running, their muscles initially rely on anaerobic respiration, which is the first stage of cellular respiration, called glycolysis. In glycolysis, glucose is broken down into pyruvate, producing a small amount of ATP. However, this process is limited and can only provide energy for a short period.

As the sprint continues, the muscles start to use aerobic respiration, which requires oxygen. The pyruvate produced in glycolysis is then converted into acetyl-CoA, which enters the citric acid cycle. The citric acid cycle produces more ATP, as well as NADH and FADH2, which are electron carriers. These electron carriers then enter the final stage of cellular respiration, oxidative phosphorylation, where they produce a large amount of ATP in the presence of oxygen.

The reason the sprinter needs extra oxygen during and after the sprint is that their muscles are using aerobic respiration to produce energy. Oxygen is necessary to accept the electrons from NADH and FADH2, allowing the production of ATP to continue. Without sufficient oxygen, the muscles would have to rely on anaerobic respiration, which is less efficient and can lead to the accumulation of lactic acid, causing fatigue.

After the sprint, the sprinter's muscles continue to require oxygen to pay off the ""oxygen debt"" that was accumulated during the intense exercise. This oxygen debt refers to the amount of oxygen needed to convert the lactic acid produced during anaerobic respiration back into glucose, as well as to replenish the energy stores in the muscles. As a result, the sprinter breathes heavily to take in more oxygen, which helps to restore their energy levels and reduce muscle fatigue.",,1.0,,,
response,HS-LS1-031,3,Mistral Small 3.1,HS-LS1,conceptual,,,"Feedback mechanisms are crucial for maintaining homeostasis, which is the body's ability to keep internal conditions stable despite external changes. There are two main types of feedback mechanisms: negative and positive feedback.

Negative feedback mechanisms help to maintain a stable internal environment. They work by reversing a change that has occurred, bringing the condition back to its set point. This is important for processes like:

1. **Body temperature regulation**: When you're cold, your body shivers to generate heat. When you're hot, you sweat to cool down. This quick response helps maintain a steady internal temperature.

2. **Blood sugar regulation**: After you eat, your blood sugar levels rise. In response, your body releases insulin to help cells absorb the sugar, bringing blood sugar levels back down.

3. **Respiration**: When carbon dioxide levels in your blood increase, your body responds by increasing your breathing rate to expel the carbon dioxide and bring the levels back down.

If these feedback mechanisms didn't respond quickly, your body wouldn't be able to maintain homeostasis effectively. For example, if your body temperature rose too high or fell too low for too long, it could cause damage to your cells and tissues.

Positive feedback mechanisms, on the other hand, amplify a change rather than reversing it. An example of this is the process of childbirth, where the hormone oxytocin stimulates contractions, which in turn stimulate more oxytocin release. Quick responses in positive feedback mechanisms are important because they ensure that a process is completed efficiently. However, these mechanisms are less common in the body and are usually more localized and time-limited.

In summary, quick responses in feedback mechanisms are vital for maintaining homeostasis and ensuring that processes in the body occur efficiently.",,1.0,,,
response,HS-LS1-042,2,Llama 3.3 70b,HS-LS1,conceptual,,,"The light-dependent stage of photosynthesis, also known as the light reactions, produces two essential molecules that make the light-independent stage, or Calvin cycle, possible. These molecules are ATP (adenosine triphosphate) and NADPH (nicotinamide adenine dinucleotide phosphate).

During the light-dependent stage, light energy from the sun is absorbed by pigments such as chlorophyll and converted into chemical energy. This energy is used to produce ATP and NADPH from water and carbon dioxide. The ATP and NADPH are then used to power the light-independent stage.

In the light-independent stage, carbon dioxide is fixed into organic molecules, such as glucose, using the energy from ATP and NADPH. The ATP provides the energy for the conversion of carbon dioxide into glucose, while the NADPH donates electrons to reduce the carbon dioxide into glucose.

In other words, the light-dependent stage generates the energy and reducing power needed for the light-independent stage to occur. Without the ATP and NADPH produced in the light-dependent stage, the light-independent stage would not be able to fix carbon dioxide into glucose, and photosynthesis would not be possible.",,0.0,,,
response,HS-LS1-047,1,OSS 20b,HS-LS1,conceptual,,,"**The law of conservation of energy** says that energy can’t appear out of nowhere or disappear into nothing. It can only change form—chemical, thermal, kinetic, etc.—but the total amount stays the same.

### Cellular respiration: a real‑time energy audit

1. **What happens chemically**

   The overall reaction of aerobic cellular respiration is

   \[
   \text{C}_6\text{H}_{12}\text{O}_6 + 6\,\text{O}_2 \longrightarrow 6\,\text{CO}_2 + 6\,\text{H}_2\text{O} + \text{energy}
   \]

   * Glucose (C₆H₁₂O₆) and oxygen contain stored chemical energy in their covalent bonds.
   * When those bonds are broken, the chemical energy is released and used to do work in the cell.

2. **Where the energy goes**

   * **ATP synthesis** – “chemical energy” in the bonds of glucose is transferred to ATP (adenosine triphosphate), the cell’s energy currency. One molecule of glucose can produce ~30–32 ATP molecules, each carrying a small amount of usable energy.
   * **Heat** – The rest of the energy (about 94 % of the total) appears as heat that keeps the body warm.
   * **Other cellular processes** – Energy is also used for protein synthesis, muscle contraction, and moving molecules against concentration gradients.

3. **The accounting works out**

   By measuring the reaction as it happens, chemists find that the amount of energy released when glucose is oxidized equals the energy stored in ATP plus the heat that the body produces. The difference between the chemical energy of glucose and the final products (CO₂ and H₂O) is the heat measured. No energy is lost; it’s just converted from one useful form to another.

4. **What it shows about the conservation law**

   * **Input energy**: the bonds in glucose and oxygen
   * **Output energy**: ATP (usable chemical energy) + heat (thermal energy) + energy in CO₂ and H₂O (which still contains chemical energy, but at a lower level)
   * The **total energy remains the same** before and after the reaction—just reshuffled among different forms.

### Bottom line

Cellular respiration is a textbook illustration of the conservation of energy because it takes chemical energy stored in food molecules, converts it into a usable energy form (ATP) and heat, and leaves nothing “extra” or “missing.” Every joule of input energy can be accounted for in the products, satisfying the law that energy cannot be created or destroyed, only transformed.",,1.0,,,
response,HS-LS1-014,1,Mistral Small 3.1,HS-LS1,recall,,,"The two main stages of photosynthesis are called the **light-dependent reactions** and the **Calvin cycle** (also known as the **light-independent reactions** or the **dark reactions**, though this latter name can be misleading because these reactions can occur in the light).

1. **Light-dependent reactions**: These happen in structures called thylakoids inside the chloroplasts of plant cells. During this stage, light energy is absorbed by pigments like chlorophyll, and this energy is used to produce two molecules: ATP (adenosine triphosphate) and NADPH (nicotinamide adenine dinucleotide phosphate). Oxygen is also released as a byproduct.

2. **Calvin cycle**: This stage takes place in the stroma, the fluid-filled space within chloroplasts but outside the thylakoids. The ATP and NADPH produced in the light-dependent reactions are used to power the conversion of carbon dioxide into glucose (sugar), which the plant uses for energy and growth.

In summary, the light-dependent reactions capture energy from light, while the Calvin cycle uses that energy to make glucose.",,1.0,,,
response,HS-LS1-004,1,Nemotron 3 Nano 30ba3,HS-LS1,recall,,,"**Translation** is the process by which the genetic code carried in messenger RNA (mRNA) is used to build a protein.  

1. **What’s being built?**  
   - Proteins are made of **amino acids** linked together in a specific order.

2. **Where does it happen?**  
   - The mRNA with its sequence of codons (three‑base “words”) moves to tiny molecular machines called **ribosomes** in the cell’s cytoplasm.

3. **How does it work?**  
   - The ribosome has three sites: **A (aminoacyl), P (peptidyl), and E (exit)**.  
   - A transfer RNA (tRNA) molecule brings the appropriate amino acid to the **A site** of the ribosome.  
   - The codon on the mRNA pairs with the anticodon on the tRNA, ensuring the right amino acid matches the code.  
   - The ribosome moves (translocates) one codon downstream, shifting the tRNA from the **A site** to the **P site**, where the growing polypeptide chain is linked to the new amino acid.  
   - This cycle repeats until the ribosome reaches a **stop codon**, which does not code for an amino acid but signals release of the finished protein.

4. **Result**  
   - The linked amino acids form a chain that folds into a functional protein.

**In short:** Translation is the cellular assembly line that reads mRNA codons and adds the matching amino acids one by one to build a protein.",,1.0,,,
response,HS-LS1-013,1,OSS 120b,HS-LS1,recall,,,"The phase is called the **S phase** (short for **Synthesis phase**) of the cell cycle.  

During the S phase the cell replicates its entire genome, making an exact copy of each chromosome so that, when the cell later enters mitosis, each new daughter cell will receive a complete set of DNA. The S phase follows the G₁ phase (a period of cell growth) and precedes the G₂ phase (another growth/repair period) before the cell proceeds to mitosis (M phase).",,1.0,,,
response,HS-LS2-057,3,Mistral Small 3.1,HS-LS2,applied,,,"When a farmer covers a field with plastic sheeting and kills all the plants, the carbon exchange between that field and the atmosphere changes significantly. Here's how:

1. **No Photosynthesis**: When plants are alive, they perform photosynthesis, a process that absorbs carbon dioxide (CO₂ ) from the atmosphere and produces oxygen (O₂), and a little bit of glucose or plant food. Once the plants are dead, photosynthesis stops, so the field no longer absorbs CO₂ from the atmosphere.

2. In the short term, **decomposition** will occur.
   ***— Decomposition**: This is the process by which dead organic matter is broken down by bacteria and fungi.
   Some decomposition happens in the soil under the plastic. So it will emit a small amount of CO₂, but the plastic sheeting greatly slows down this release.

3. **Less Soil Respiration**: The lack of plant roots and reduced microbial activity (due to decreased organic matter input) leads to less soil respiration, which is the process where soil organisms and plant roots produce CO₂ through their metabolic processes. This also leads to lower emissions of CO₂ from the soil.

4. **Reduced Transpiration**: Plants release water vapor into the atmosphere through a process called transpiration. With the plants dead, transpiration stops, but this doesn't directly affect carbon exchange, it does impact the local water cycle.

In summary, compared to when it was growing crops, the field covered with plastic sheeting will not absorb CO₂ through photosynthesis and will have reduced CO₂ emissions from soil respiration and decomposition. Overall, the field will likely act as a smaller source (or potentially even a sink, if decomposition is very slow) of atmospheric CO₂ that when there crops were growing. But remember, the dead plants will eventually decompose and release CO₂ once we remove the plastic and expose them to air again.",,0.0,,,
response,HS-LS2-062,1,Granite 3.3 Instruct,HS-LS2,applied,,,"If ocean temperatures rise significantly, leading to coral bleaching, the algae (zooxanthellae) living within the coral polyps will be expelled due to stress. These algae provide the coral with essential nutrients through photosynthesis, so when they are lost, the coral loses its primary food source. As the coral starves and turns white (bleaches), it becomes more vulnerable to disease and death.

The fish populations, particularly the herbivorous species, will face challenges as well. Herbivorous fish feed on algae and help control its growth on the reef. When the coral bleaches and dies, the intricate structure of the reef erodes, often leading to less habitat and food availability for these fish. Additionally, many fish species rely on healthy coral for spawning and nursery grounds. Thus, a decline in coral due to bleaching impacts these essential fish life-cycle activities.

Consequently, we can predict:
1. A decline in algae populations as there will be less coral to support them, and additional control measures might be implemented.
2. A possible reduction in herbivorous fish populations due to loss of habitat, food scarcity, and reproductive site loss.
3. Potential shifts in predator-prey balances as the fish community structure changes.
4. Overall, a less stable and resilient coral reef ecosystem as the foundational coral species struggle to survive without their symbiotic algae partners. It's important to note that these changes might trigger secondary effects across the entire reef ecosystem, affecting other organisms that depend on the initial coral-algae relationship.",,0.0,,,
response,HS-LS2-062,2,Gemma 3 27b,HS-LS2,applied,,,"Here's what would likely happen to the algae and fish populations if rising ocean temperatures cause coral bleaching:

**Coral bleaching** happens when coral becomes stressed – often due to warmer water – and expels the algae (called *zooxanthellae*) living in its tissues. These algae are crucial because they provide the coral with food through photosynthesis and give coral its color. 

Here's the predicted cascade of effects:

1.  **Algae initially increase:** When coral bleaches, the zooxanthellae are released. This leads to a temporary *increase* in free-floating algae in the water.
2.  **Algae decline:** However, without a healthy coral reef structure to provide a stable habitat, and with continued warming, the overall amount of algae will eventually *decrease*. Bleached coral is weaker and more susceptible to disease and death, and dead coral structures break down, removing the surface for algae to grow on.
3.  **Fish populations decline:** Herbivorous fish rely on algae as a food source, so their populations will initially benefit from the increased algae. *However*, as the coral dies and the reef structure is lost, the habitat for these fish is destroyed.  This leads to a significant *decrease* in herbivorous fish populations as they lose food, shelter, and breeding grounds. Other fish species that depend on the reef ecosystem will also decline.



In short, coral bleaching disrupts the entire food web and leads to a less diverse and abundant ecosystem.",,0.0,,,
response,HS-LS2-035,2,Gemma 4 31b,HS-LS2,conceptual,,,"Schooling reduces an individual fish's risk of predation through three primary biological strategies: the dilution effect, the confusion effect, and increased vigilance.

### 1. The Dilution Effect
The dilution effect is a simple matter of probability. In a group, the chance of any one specific individual being targeted is much lower than if that fish were swimming alone. For example, if a predator can only eat one fish per attack, a fish swimming alone has a 100% chance of being the target. In a school of 100 fish, that probability drops to 1%.

### 2. The Confusion Effect
Predators often struggle to track a single target when surrounded by many similar-looking animals moving in synchronized patterns. This is known as the **confusion effect**. 

When a predator strikes, it needs to lock onto a specific individual to be successful. The shimmering scales and constant movement of a school create visual noise, making it difficult for the predator to isolate one fish from the crowd. This often leads to missed strikes or delayed attacks, giving the fish more time to escape.

### 3. Increased Vigilance (The ""Many Eyes"" Hypothesis)
A school of fish acts as a massive sensory network. While a single fish only has one field of vision, a school has hundreds. This is called **increased vigilance**. 

If one fish on the edge of the school detects a predator and darts away, the rest of the school reacts instantly to that movement, even if they haven't seen the predator themselves. This rapid communication allows the entire group to evade the threat much faster than a solitary fish could.",,1.0,,,
response,HS-LS2-034,2,OSS 20b,HS-LS2,conceptual,,,"Reducing light pollution helps nocturnal wildlife and local ecosystems because it restores the natural night‑time environment that many species have evolved to use. The main reasons are:

| Why it matters | What happens when we keep it bright |
|---|---|
| **Animals rely on darkness to find food, mates, and safe places** | Artificial light attracts and confuses predators and prey. For example, moths are drawn to streetlights and become easy food for owls and bats. Tiny frogs that hide in the dark may be seen by predators. |
| **Light changes the rhythm of life** | Animals have internal clocks (circadian rhythms) that work with the dark–light cycle. Bright nights can shift these clocks, causing insects to emerge at wrong times, birds to sing when they shouldn’t, and plants to bloom out of sync. The mismatch can hurt populations and the species that depend on them. |
| **Natural nighttime signals disappear** | Many species use moonlight, twilight, or total darkness to navigate, to locate mates, or to detect predators. When artificial light bleaches these cues, animals lose a navigation aid. Owls, for instance, have lower hunting success when the sky is bright. |
| **Pollination and plant processes get disturbed** | Some plants open flowers at night. Bright lights can keep them closed too long, reducing pollination by nocturnal insects. If the plants don’t flower, the animals that eat the fruit or pollen are also affected. |
| **Ecosystem balance can shift** | If nocturnal predators have a harder time hunting, their prey populations can grow unchecked, which may then over‑consume plants. Additionally, light‑friendly species (like glowworm larvae) may outgrow their competitors, reducing biodiversity. |
| **Reduced pollution means healthier habitats** | Excess light is often a sign of high energy use that can also heat the air. Decreasing it can lower temperatures and reduce other pollution associated with the lights. |

In short, keeping streets, buildings, and other artificial lights to a minimum lets animals return to the natural “dark‑time” cue system they’ve been adapted to. This helps their survival, preserves species interactions, and keeps local ecosystems functioning smoothly.",,1.0,,,
response,HS-LS2-020,1,Granite 3.3 Instruct,HS-LS2,conceptual,,,"Oxygen availability is crucial in determining the type of matter decomposition in an ecosystem. There are two main paths: aerobic decomposition and anaerobic decomposition.

Aerobic decomposition occurs in the presence of oxygen. Decomposers (like bacteria and fungi) break down dead organic matter, such as fallen leaves or dead animals, into simpler substances. This process releases energy, carbon, nitrogen, and other nutrients back into the ecosystem, making them available for plants to use in photosynthesis and for animals to consume.

On the other hand, anaerobic decomposition happens when oxygen is absent. Decomposition in this case is slower and less efficient, and it's carried out by different types of anaerobic bacteria. These bacteria break down the organic matter in the absence of oxygen, producing gases like methane and carbon dioxide. This process, however, doesn't release as many nutrients back into the ecosystem as aerobic decomposition does.

So, whether a piece of matter decomposes aerobically or anaerobically depends on whether oxygen is present or not. This is important in ecosystem health because aerobic decomposition is more beneficial as it recycles nutrients more effectively.",,0.0,,,
response,HS-LS2-089,1,Llama 3.1 8b,HS-LS2,recall,,,"A predator alarm call is a type of vocalization made by an animal to alert other members of its species to the presence of a predator. This call serves as a warning signal, often a loud, high-pitched sound, to alert others to potential danger.

When an animal detects a predator, it will often make a distinct alarm call to alert other members of its group. This call can be a specific sound, like a bird's loud ""chip"" or a monkey's shrill ""chatter."" The alarm call can be made by the individual animal itself or by other animals that have also detected the predator.

The benefits of a predator alarm call include:

1. **Early warning**: The alarm call allows other animals to be aware of the predator's presence, giving them time to react and avoid the danger.
2. **Group protection**: The alarm call helps to protect the group by alerting all members to the potential threat, allowing them to work together to defend themselves or escape.
3. **Reducing predation risk**: By alerting other animals to the presence of a predator, the alarm call can reduce the risk of predation for the group as a whole.
4. **Evolutionary advantage**: The ability to produce and respond to alarm calls can be an evolutionary advantage for a species, allowing them to better survive and thrive in their environment.

In summary, a predator alarm call is a vital communication tool that helps a species detect and respond to predators, ultimately increasing their chances of survival.",,1.0,,,
response,HS-LS2-010,3,OSS 120b,HS-LS2,recall,,,"**Habitat fragmentation** is the process where a large, continuous natural area (like a forest, meadow, or wetland) gets broken into many smaller, isolated pieces. This usually happens because of human activities such as building roads, cities, farms, or logging.

### How it works
1. **Original habitat** – a big, unbroken stretch of land where plants, animals, and other organisms can move freely and find food, mates, and shelter.  
2. **Fragmentation** – when part of that land is cleared or divided, leaving separate “islands” of habitat surrounded by non‑natural areas (fields, roads, buildings).  
3. **Resulting patches** – each remaining piece is smaller and more isolated from the others.

### Why it matters
- **Reduced space:** Species have less area to live in, which can lower their population sizes.
- **Isolation:** Animals may find it hard or impossible to travel between patches, limiting breeding and gene flow. This can lead to inbreeding and lower genetic diversity.
- **Edge effects:** The edges of each fragment are exposed to sunlight, wind, and invasive species, changing the conditions that interior‑dwelling species rely on.
- **Higher mortality:** Roads or open fields that separate patches can cause animals to be killed (e.g., by traffic) when they try to cross.

### Example
A continuous forest is cut into three separate reserves by a new highway and farmland. The forest mammals that once roamed freely now live in three isolated “islands.” A deer that needs a large home range might not find enough food, and a small population of owls may have trouble finding mates, leading to a decline in both species.

In short, habitat fragmentation is the breaking up of natural habitats into smaller, disconnected pieces, and it often threatens the survival of the plants and animals that depend on those habitats.",,1.0,,,
response,HS-LS2-012,3,Granite 3.3 Instruct,HS-LS2,recall,,,"Altruistic behavior in animal groups refers to actions by an individual that increase the fitness of another individual in the group, while decreasing the doer's own fitness. This means the individual performing the action does not directly benefit, but somehow, the group or species does. This behavior often leads to evolution of cooperation among non-blood relatives.

For example, worker bees in a hive are sterile females who never reproduce but dedicate their lives to taking care of the queen bee’s offspring. They forage for food, protect the hive, and care for the young. This behavior seems altruistic as the worker bees are not passing on their own genes. Yet, their actions help the hive survive and reproduce, thus indirectly assisting in the propagation of their shared genes.

Another example can be seen in meerkats. Some meerkats stand guard while others forage for food. The standing guard is riskier as it exposes the sentinel to predators but it ensures the safety of the foraging group, benefiting the group's gene pool.

These behaviors are not simply random acts of kindness but are thought to have evolved because they increase the overall chances of survival and reproductive success for the group, including the altruistic individual's indirect genetic contribution through relatedness or future favor reciprocation.",,1.0,,,
response,HS-LS3-066,2,Llama 3.1 8b,HS-LS3,applied,,,"During meiosis I, homologous chromosomes are supposed to separate into different cells, but in the case of nondisjunction, they fail to separate properly. This means that one of the daughter cells will end up with an extra copy of a chromosome, while the other will be missing a copy.

Let's say the nondisjunction occurs in a cell that is destined to become a sperm cell. In this case, the sperm cell will have an extra copy of a particular chromosome, say chromosome 21. When this sperm cell fertilizes an egg cell, the resulting zygote will have two copies of chromosome 21 instead of the usual one.

This is known as trisomy 21, and it's the genetic basis for Down syndrome. In other words, the nondisjunction event during meiosis I has resulted in a gamete (sperm cell) that has an extra copy of a chromosome, which is then passed on to the offspring, resulting in an inheritable variation.

This is a classic example of how a mutation or error during meiosis can lead to an inheritable variation.",,0.0,,,
response,HS-LS3-064,2,Llama 3.3 70b,HS-LS3,applied,,,"When a skin cell's DNA is damaged by UV radiation, it can lead to a mutation in that specific cell. However, this mutation will not be passed on to the person's children. 

The reason is that skin cells are somatic cells, which are cells that make up the majority of the body's tissues and organs. Somatic cells are not involved in the production of gametes, which are the reproductive cells (sperm and egg cells) that pass genetic information from parents to offspring.

Mutations in somatic cells, like skin cells, are typically limited to those cells and their descendants, and do not affect the genetic material in the gametes. As a result, the mutation caused by UV radiation in a skin cell will not be inherited by the person's children.

It's worth noting that if the mutation occurs in a gamete, which is rare, or in cells that give rise to gametes, known as germ cells, then it's possible for the mutation to be passed on to the next generation. However, this is not the case for skin cells, which are somatic cells and do not contribute to the genetic material of the gametes.",,1.0,,,
response,HS-LS3-068,2,Mistral Small 3.1,HS-LS3,applied,,,"The group of offspring from sexual reproduction would have greater genetic variation. Here's why:

1. **Sexual Reproduction (Meiosis)**: In sexual reproduction, two parents contribute genetic material to their offspring. During meiosis, a type of cell division that reduces the number of chromosomes by half, genetic material is shuffled and mixed. This process creates four genetically unique cells. When these cells combine with genetic material from another parent during fertilization, the resulting offspring have a mix of traits from both parents. This shuffling and mixing of genes lead to a wide range of genetic variation.

2. **Asexual Reproduction (Mitosis)**: In asexual reproduction, a single parent creates offspring that are genetically identical to itself. Mitosis is a type of cell division that produces two genetically identical cells. Therefore, all offspring produced through asexual reproduction have the same genetic material as the parent and as each other. This results in little to no genetic variation.

In summary, the extensive mixing and shuffling of genetic material during sexual reproduction and meiosis create greater genetic variation compared to the identical offspring produced through asexual reproduction and mitosis.",,1.0,,,
response,HS-LS3-026,3,Llama 3.1 8b,HS-LS3,conceptual,,,"This difference in the number of chromosomes between most body cells and egg and sperm cells is due to a process called meiosis.

Meiosis is a special type of cell division that occurs in reproductive cells, like egg and sperm cells. Its main purpose is to create genetically unique cells for reproduction. During meiosis, the number of chromosomes is reduced by half, from 46 to 23.

Here's what happens: when a sperm or egg cell is formed, the chromosomes in the parent's reproductive cells (sperm or egg) pair up with each other. This is called homologous pairing. Then, the paired chromosomes exchange genetic material, a process called crossing over. After that, the paired chromosomes separate, and each new cell gets 23 chromosomes.

This reduction in chromosome number is necessary because when a sperm and egg cell combine during fertilization, they need to have the same number of chromosomes as the parent's body cells. If they didn't, the resulting zygote (fertilized egg cell) would have an abnormal number of chromosomes, which can lead to genetic disorders.

So, the 46 chromosomes in most body cells are the result of two sets of 23 chromosomes, one from each parent, coming together during fertilization. The 23 chromosomes in egg and sperm cells are the original set that will be passed on to the next generation.",,1.0,,,
response,HS-LS3-044,2,OSS 120b,HS-LS3,conceptual,,,"**What a polygenic trait is**

A polygenic trait is one that is determined by many different genes instead of a single “master” gene.  
For human height we know of hundreds of genetic “loci” (places on the chromosomes) that each add a little bit to how tall a person becomes.  In addition to those genetic contributions, things like nutrition, disease, and hormones also affect height.

**How many small effects become a smooth curve**

Imagine each of those height‑affecting genes as a tiny “height coin” that can give a small positive, a small negative, or no change at all, depending on which version (allele) of the gene a person inherits.  
When a child is born, the total genetic contribution to height is simply the **sum** of the effects of all those coins:

\[
\text{Total genetic height} = \sum_{i=1}^{N} (\text{effect of gene } i)
\]

where \(N\) is the number of genes (hundreds for height).  

If the effect of each gene is relatively small and the genes act mostly **additively** (they don’t cancel each other out in a complicated way), the total is the result of adding many independent, random numbers.

The **central limit theorem** from statistics tells us that when you add a large number of independent random variables, the distribution of their sum approaches a **normal (bell‑curve) distribution**, no matter what the shape of the individual variables was.  

So, even though each single gene might have a very uneven distribution (for example, a gene could be common in one form and rare in another), the *combined* effect of hundreds of such genes looks like a smooth, symmetric bell curve.

**Why the bell curve is seen in real populations**

1. **Many contributors** – Height involves enough genes (and environmental factors) that the “sum‑of‑many‑small‑effects” condition of the central limit theorem is met.  
2. **Independent segregation** – During meiosis (the formation of sperm and eggs), each gene is passed on independently of the others, creating many possible combinations in the next generation.  
3. **Random environmental variation** – Nutrition, health, and other non‑genetic influences also add a small, essentially random component to each person’s final height. Adding another set of random numbers (environmental effects) keeps the overall distribution bell‑shaped.  
4. **Large population size** – In a big population we see almost every possible combination of those many small effects, so the overall shape becomes clear.

**What the bell curve tells us**

- The *peak* of the curve (the most common height) represents the most likely sum of the many small genetic and environmental contributions.
- The *tails* (very short or very tall individuals) are rare because they require many genes to line up in the same direction plus favorable (or unfavorable) environmental conditions.
- The *width* of the curve reflects how much variation there is: a narrow curve means most people are similar in height; a wide curve means there’s more diversity.

**Bottom line**

Human height is the result of adding up dozens or hundreds of tiny genetic “pushes” and pulls, plus some random environmental nudges.  Because adding many independent, small, random contributions almost always produces a normal (bell‑shaped) distribution, the heights of a large population fall into that familiar curve.",,1.0,,,
response,HS-LS3-040,2,Mistral Small 3.1,HS-LS3,conceptual,,,"Chemical mutagens increase the rate of genetic variation by causing changes, or mutations, in an organism's DNA. Here's a simple breakdown of how this happens:

1. **DNA Structure**: DNA is the genetic material that carries the instructions for an organism's growth, development, and functioning. It's made up of a sequence of nucleotides, which are like the letters of a genetic code.

2. **Mutagens**: Mutagens are substances that can cause changes in DNA structure. Chemical mutagens are specific types of mutagens that are chemicals. Examples include certain carcinogens like benzo[a]pyrene and some chemotherapy drugs like cisplatin.

3. **Mutations**: When a chemical mutagen comes into contact with DNA, it can cause changes in the sequence of nucleotides. These changes are called mutations. Mutations can be as small as a change in a single nucleotide (point mutation) or as large as a change in the structure of a chromosome.

4. **Genetic Variation**: Mutations create new genetic variation by altering the genetic code. These changes can lead to differences in traits between individuals, making each person's DNA unique (*except* for identical twins).

5. **Rate of Genetic Variation**: Most mutations occur naturally at a slow rate. However, chemical mutagens can increase this rate by directly causing more mutations to occur.

Here are a few ways chemical mutagens can cause mutations:
- **Base Substitution**: They can cause one base to be replaced by another.
- **Insertion or Deletion**: They can cause bases to be added or removed from the DNA sequence.
- **Cross-Linking**: They can cause bonds to form between different parts of the DNA, which can interfere with DNA replication and transcription.

In summary, chemical mutagens increase the rate of genetic variation by causing mutations in DNA, leading to changes in an organism's genetic code.",,1.0,,,
response,HS-LS3-096,3,Llama 3.1 8b,HS-LS3,recall,,,"The process you're referring to is called meiosis. Meiosis is a specialized type of cell division that occurs in reproductive cells, or sex cells, such as sperm and egg cells. 

During meiosis, the number of chromosomes in the cell is reduced by half, from 46 to 23 in humans. This is done by shuffling and recombining the genetic material in a way that creates new combinations of genes. This process increases genetic diversity and helps ensure that offspring have unique traits and characteristics.

Meiosis consists of two main stages: meiosis I and meiosis II. Meiosis I reduces the chromosome number by half, and meiosis II is similar to mitosis, but it occurs in the reproductive cells.",,1.0,,,
response,HS-LS3-083,3,Gemma 3 27b,HS-LS3,recall,,,"Here's how DNA, genes, and chromosomes relate to each other:

**DNA** is the fundamental building block of life. It's a molecule that contains all the instructions for building and operating an organism. Think of it as the complete instruction manual. DNA has a famous double-helix shape, like a twisted ladder. 

**Genes** are specific sections *of* that DNA instruction manual. Each gene holds the instructions for making a particular protein, and these proteins carry out most of the work in cells.  For example, there’s a gene for eye color, a gene for a certain enzyme, and so on.

**Chromosomes** are structures that organize and package DNA. Imagine the instruction manual (DNA) being *very* long. To fit and manage it within a cell, the DNA is tightly coiled around proteins. These coiled packages are chromosomes. Humans have 23 pairs of chromosomes (46 total) in most of their cells.



So, to recap: DNA is the overall molecule, genes are sections *within* the DNA, and chromosomes are the organized structures *containing* the DNA. 

DNA → Genes → Chromosomes 
(Instructions) → (Sections of Instructions) → (Packaged Instructions)",,1.0,,,
response,HS-LS3-006,1,Gemma 3 27b,HS-LS3,recall,,,"That type of mutation is called an **induced mutation**. 

A mutation is simply a change in the DNA sequence. While mutations can happen spontaneously, induced mutations are specifically caused by an **mutagen** – an external agent that alters DNA. 

Common mutagens include:

*   **Radiation:** Like UV rays from the sun or X-rays, which can damage DNA bases.
*   **Chemicals:** Certain chemicals can interfere with DNA replication or directly alter bases, such as some found in cigarette smoke or certain industrial compounds. 

Essentially, if the mutation wouldn’t have happened without exposure to that external factor, it's an induced mutation.",,1.0,,,
response,HS-LS4-053,2,Gemma 4 31b,HS-LS4,applied,,,"After several drought years, the average beak depth in the finch population would **increase**.

This is a classic example of **natural selection**. Here is the step-by-step breakdown of why this happens:

1.  **Variation:** In any population, there is natural genetic variation. Some finches are born with shallower beaks, and some are born with deeper, stronger beaks.
2.  **Selection Pressure:** The drought creates a ""selection pressure"" by removing the small, soft seeds. This makes the environment hostile to finches with shallow beaks, as they cannot access the only remaining food source.
3.  **Differential Survival:** Finches with deeper beaks have a survival advantage. Because they can crack the large, hard seeds, they are more likely to survive the drought.
4.  **Reproduction and Inheritance:** The survivors—those with the deeper beaks—are the ones that get to mate and pass their genes to the next generation. Since beak depth is a heritable trait (passed from parents to offspring), the offspring will also tend to have deeper beaks.

Over several generations, the traits that allow for survival become more common, shifting the average beak depth of the entire population toward a larger size.",,1.0,,,
response,HS-LS4-043,2,Llama 3.3 70b,HS-LS4,applied,,,"Even without new mutations, sexual reproduction can still generate variation through the shuffling of existing genes. This occurs because each parent lizard has two sets of chromosomes, one inherited from each of their parents. When they reproduce, they pass on a combination of these chromosomes to their offspring.

The process of meiosis, which occurs during the production of gametes (sperm or eggs), randomly mixes and matches the chromosomes from each parent. This results in offspring that have a unique combination of genes, even if the same genes are present in the population.

For example, let's say a lizard has a gene for scale color that comes in two versions: blue (B) and green (b). The lizard is a heterozygote, meaning it has one blue allele (B) and one green allele (b). When it reproduces, it can pass on either the B or b allele to its offspring. The other parent lizard may also be a heterozygote, with a different combination of alleles. The offspring will inherit a combination of these alleles, resulting in different genotypes and phenotypes, such as BB, Bb, or bb.

This genetic variation, created through the shuffling of existing genes, provides the raw material for natural selection to act on. As the lizards adapt to their new environment, individuals with certain traits may be more likely to survive and reproduce, passing on their advantageous genes to their offspring. Over time, this can lead to the evolution of the population, even without the introduction of new mutations.",,0.0,,,
response,HS-LS4-086,3,OSS 120b,HS-LS4,applied,,,"**Prediction:**  
After many generations the beetle population will become mostly (or even entirely) green‑colored.

**Why this happens – natural selection in action**

1. **Variation exists.**  
   A random mutation makes a few beetles green instead of the usual brown. This creates a new colour trait in the population.

2. **The environment “chooses” which trait is better.**  
   The beetles live on green leaves, so a green beetle blends in (camouflage) while a brown beetle stands out.  
   Birds rely on sight to find prey, so they are more likely to spot and eat the conspicuous brown beetles.

3. **Differential survival and reproduction (fitness).**  
   Because green beetles are less often eaten, a higher proportion of them survive to adulthood and get to reproduce.  
   Their offspring inherit the green colour (or the genes that produce it). Brown beetles, being eaten more often, leave fewer offspring.

4. **Frequency of the green trait rises.**  
   Each generation more beetles are green, because the green individuals contribute a larger share of the genes to the next generation. Over many cycles this process can drive the green allele to fixation – the point where essentially every beetle is green.

5. **Other forces are weak here.**  
   Random changes (genetic drift) or new mutations that make beetles a different colour could occur, but the strong survival advantage of green colour overwhelms them in this setting.

**Bottom line:** The green colour is an adaptation that makes beetles less visible to predators. Natural selection therefore increases its frequency, so the beetle population will gradually become green‑dominated. If the environment ever changed (e.g., the leaves turned brown), the opposite selection pressure could shift the colour back.",,1.0,,,
response,HS-LS4-081,1,OSS 20b,HS-LS4,conceptual,,,"**Heritability** is a measure of how much of the differences we see in a trait (like height or beak size) among individuals are due to inherited genes rather than to environment or random factors.  
It is expressed as a number between 0 and 1 (or 0 %–100 %).  

```
Heritability (h²) = genetic variance ÷ total phenotypic variance
```

---

### Connection to natural selection

Natural selection can only change the frequency of a trait if some of the variation it is acting on can be passed from parents to offspring.  
That “pass‑on” part is exactly what heritability tells us.

The standard equation that links the two is:

```
ΔZ = h² × S

ΔZ  = change in the average trait value of the next generation
S    = selection differential (how much the breeding individuals differ, on average, from the whole population)
```

* If heritability is **high** (close to 1), most of the trait variation is genetic.  
  Then the same portion of the selection differential is transmitted to the next generation, and the trait changes noticeably.

* If heritability is **low** (close to 0), most of the variation is caused by environment or random factors.  
  Even if natural selection strongly favours certain phenotypes, those differences are not reliably inherited, so the average trait in the next generation changes only a little.

---

### Quick example

- **Beak size in finches**: If environmental food scarcity causes beak size to vary a lot, heritability might be low. Heavy rain could kill many large‑beaked birds, but the small‑beaked birds won’t survive because the trait isn’t genetically fixed.  
- **Hair length in a dog breed**: If most of the length differences are genetic (high heritability), breeders selecting for short hair will see short hair become more common quickly.

---

### Bottom line

A trait’s heritability determines how efficiently natural selection can shift its average value in a population.  
High heritability → selection can change the trait more easily.  
Low heritability → the same selection pressure produces little evolutionary change.",,1.0,,,
response,HS-LS4-069,3,Nemotron 3 Nano 30ba3,HS-LS4,conceptual,,,"Homologous structures are similar body parts that arose from the same original structure in a common ancestor but may look different or perform different jobs in the descendant species. Because the similarity comes from shared ancestry, finding homologous structures in two or more species is strong evidence that those species inherited the trait from the same ancestor.  

Key points to remember:  
- **Shared origin**: The basic blueprint of the structure was present in an ancestor.  
- **Divergent function or shape**: Over evolutionary time, natural selection can reshape or re‑use the structure for new purposes (e.g., a bat’s wing, a whale’s flipper, and a human arm).  
- **Evidence of lineage**: If multiple species share a structure that doesn’t appear in unrelated groups, the most parsimonious explanation is that they inherited it from a common ancestor rather than evolving it independently.

Example: All vertebrates have a skeletal limb with a humerus, radius, ulna, and digits. A dolphin’s flipper, a bird’s wing, and a human hand all share this underlying pattern, even though their forms and functions differ. This similarity points to descent from a common tetrapod ancestor.",,1.0,,,
response,HS-LS4-029,2,Mistral Small 3.1,HS-LS4,conceptual,,,"A sudden change in climate can cause some species to go extinct while others survive due to differences in their ability to adapt, migrate, or tolerate the new conditions. Here are a few key reasons:

1. **Tolerance to New Conditions**: Some species have a broader tolerance to changes in temperature, precipitation, or other environmental factors. For example, certain plants can withstand a wider range of temperatures or drought conditions. These species are more likely to survive a sudden climate change.

2. **Rate of Adaptation**: Some species can evolve and adapt to new conditions more quickly than others. This is often due to higher genetic diversity or shorter generation times, which allow for more rapid evolution. Species that can't adapt quickly enough may go extinct.

- An example of adaptation is beetles. Hotter temperatures can cause beetle larvae to develop faster. More beetles developing into adults means there are more beetles to breed (tolerance), and beetles with generation times of 1 year can rapidly develop generations that can more heat as heat increases (a more rapid rate of adaptation).

3. **Migration Ability**: Some species can move to more suitable habitats as their current habitat becomes inhospitable. For instance, some birds and mammals can travel long distances to find new homes. However, species with limited mobility, like many plants and some animals, can't migrate easily. They might go extinct if their current habitat changes too much.

- A solid example of migration ability is the birds who migrate from Canada to Central America every year. As Canada becomes less habitable due to climate change, the Pacific Flyway will allow the birds to find more habitable locations

4. **Reproductive Strategy**: Species that reproduce quickly and have many offspring (r-selected species) can often bounce back from population declines caused by climate change. In contrast, species that reproduce slowly and have few offspring (K-selected species) may struggle to recover.

- A solid example of reproductive strategy is rats vs. elephants. These are extremes, but it illustrates the principle well. Rabbits can start reproducing at 6 months of age and have litter sizes varying between 4 and 12, whereas elephants need 10s of years to reach sexual maturity and usually only give birth to single elephants.

5. **Interconnectedness**: Many species depend on others for food, shelter, or pollination. If a species that another species depends on goes extinct, the dependent species may also struggle to survive. This is known as a trophic cascade.

- To illustrate, pangolins are in trouble. Pine Martens are in trouble and owls eat pine martens. Pigs are in trouble and they will eat pangolins. Chinese snakes are in trouble and they may end up eating more of the pigs, further threatening the pangolin. Climate change may make more snakes move into an area, or it might lead to more pigs in an area, and it might support a multi-trophic cascade (Owls, martens, pigs, pangolins, snakes) and end up threatening one species while supporting another.",,1.0,,,
response,HS-LS4-087,3,OSS 120b,HS-LS4,recall,,,"**Common ancestry** is the idea that two or more species are descended from the same ancestral species that lived in the past.  
If you imagine a family tree, the “common ancestor” is the grand‑parent (or great‑grand‑parent, etc.) that is shared by different branches of the tree. In evolutionary biology the same concept is applied to all living organisms.

Key points:

1. **One‑lineage to many** – A single ancestral population can split into several separate populations. Over many generations each population changes in its own way (through mutation, natural selection, drift, etc.). The result is a set of new species that all trace back to that original population.

2. **Tree of life** – When scientists draw a “phylogenetic tree,” the branching points (nodes) represent common ancestors. The farther back a node is, the older the common ancestor and the more distantly related the descendant groups are.

3. **Evidence** – Similarities in DNA sequences, fossil records, and anatomical features (e.g., the bone structure of a whale’s fore‑flipper and a bat’s wing) all point to shared ancestry.

4. **Why it matters** – Recognizing common ancestry helps us understand why different organisms have similar traits, predicts how traits can evolve, and shows the connections among all life on Earth.

In short, common ancestry means that the diversity of life we see today originated from a smaller number of earlier organisms that were their shared “parents” in evolutionary history.",,1.0,,,
response,HS-LS4-011,3,Mistral Small 3.1,HS-LS4,recall,,,"In the context of natural selection, **fitness** refers to an organism's ability to survive and reproduce in its environment, passing on its genes to the next generation. It's important to note that fitness isn't about being the strongest or fastest in an abstract sense, but rather about leaving more offspring than others in the same population.

There are a few types of fitness worth mentioning:

1. **Absolute Fitness**: This is the actual number of offspring an organism produces. Simply counting the babies of an individuals isn't necessarily a clear indicator among other individuals, however, because different environments, times, and locations often present different levels of survival and reproduction potential.

2. **Relative Fitness**: This compares the reproductive success of one individual to that of others in the population.

When we say that an organism has **high fitness**,

it means that it is well-adapted to its environment and has a good chance of surviving and reproducing, and it contributes more of its genes to the next generation than less-fit organisms.

Conversely, an organism with **low fitness** is less well-adapted to its environment and has a lower chance of surviving and reproducing.

Natural selection favors individuals with high fitness, which is why certain traits become more common in a population over time.",,1.0,,,
response,HS-LS4-064,1,Gemma 3 27b,HS-LS4,recall,,,"## Biogeography and Common Ancestry

**Biogeography** is the study of the distribution of species and ecosystems in geographic space and through geological time. Essentially, it asks *where* organisms live, *why* they live there, and *how* they came to be distributed as they are. 

Biogeography provides strong evidence for the theory of **common ancestry** – the idea that all life on Earth is related and descended from a single, shared ancestor. Here’s how:

* **Geographic Proximity & Relatedness:** Species found in geographically close areas are generally more closely related than species found in distant locations, even if the environments are similar. This suggests species arise in a location and then spread to nearby areas, rather than evolving independently in different places.
* **Endemic Species:** Islands and isolated regions often have unique species (**endemic species**) found nowhere else. These species are usually most closely related to species on the *nearest* mainland.  This indicates they descended from mainland ancestors that colonized the island, then diversified. A classic example is Darwin's finches in the Galapagos Islands, related to finches on the South American mainland.
* **Fossil Distribution:**  Fossils show that species originated in specific locations and then dispersed. The fossil record demonstrates that older fossils are found in the area where a group first evolved, with younger fossils appearing further away as the group migrated.
* **Continental Drift:**  The distribution of some species makes sense only when considering past continental positions due to **continental drift** (the movement of Earth’s continents over time). For example, similar fossil plants and animals are found on continents now separated by oceans (like South America and Africa), because those continents were once joined.



These patterns wouldn’t be expected if species were created independently and specifically for each location. Instead, they are exactly what we’d expect if species evolved from common ancestors and then dispersed, adapted, and diversified across the globe.",,1.0,,,
response,HS-PS1-060,2,Gemma 3 27b,HS-PS1,applied,,,"You would choose neon. Here’s why, using the periodic table:

The periodic table organizes elements based on their reactivity – how likely they are to form chemical bonds with other elements. Reactivity is largely determined by how many electrons an atom needs to gain or lose to achieve a stable electron configuration (a full outer shell of electrons).

*   **Neon (Ne)** is a noble gas, located in Group 18 (the far right column) of the periodic table. Noble gases already *have* a full outer shell of electrons. This makes them exceptionally stable and **unreactive**; they don’t readily form bonds with other elements.

*   **Sulfur (S)** is a nonmetal in Group 16. It needs to *gain* two electrons to achieve a full outer shell. This means sulfur is relatively reactive and will readily combine with other elements to get those electrons.

Therefore, if you need an element that won’t easily react, neon is the much better choice because of its stable electron configuration.",,1.0,,,
response,HS-PS1-092,2,Llama 3.3 70b,HS-PS1,applied,,,"Radon-222 has an atomic number of 86 and a mass number of 222. When it undergoes alpha decay, it releases an alpha particle, which is a helium nucleus with an atomic number of 2 and a mass number of 4. 

To find the atomic number of the daughter nucleus, subtract 2 from the atomic number of radon: 86 - 2 = 84. 

To find the mass number of the daughter nucleus, subtract 4 from the mass number of radon: 222 - 4 = 218. 

The daughter nucleus has an atomic number of 84 and a mass number of 218, which is Polonium-218.",,1.0,,,
response,HS-PS1-061,2,OSS 120b,HS-PS1,applied,,,"**Look in Group 1 – the alkali metals.**  

**Why?**

1. **Valence‑electron pattern:** Every element in Group 1 has the electron configuration ns¹ (one electron in its outermost s orbital).  

2. **Easy loss of that one electron:** Removing that single valence electron gives the atom the electron configuration of the previous noble gas (a full, stable “octet”). Because only one electron has to be removed, the ionization energy is relatively low, so the atom readily forms a cation.

3. **Resulting ion:** After losing the one valence electron, the atom carries a +1 charge (e.g., Na → Na⁺, K → K⁺).  

Elements in other groups would have to lose two or more electrons (Group 2), lose three (Group 13), or gain electrons (halogens), which is less favorable for forming a +1 ion. Hence, the chemist should focus on the alkali metals of Group 1.",,1.0,,,
response,HS-PS1-038,2,OSS 120b,HS-PS1,conceptual,,,"**Melting point and the forces that hold particles together**

The melting point of a substance is the temperature at which its solid‑phase particles (atoms, ions or molecules) have enough thermal energy to break the attractions that keep them fixed in a crystal lattice or in a regular arrangement.  
If those attractions are strong, more heat (a higher temperature) is needed to overcome them, so the substance melts at a higher temperature.

---

### 1. What “electrical forces’’ are

* **Ionic (Coulombic) forces** – attraction between positively and negatively charged ions.  
  Example: Na⁺ + Cl⁻ in table salt. The force follows Coulomb’s law  
  \[
  F = k\frac{|q_1 q_2|}{r^{2}}
  \]
  – it gets larger when the charges are big (e.g., Mg²⁺ and O²⁻) or when the ions are close together.

* **Dipole–dipole forces** – attraction between polar molecules that have partial charges (δ⁺, δ⁻).  
  Example: H₂O molecules, each with a slight positive side (hydrogen) and a negative side (oxygen).

* **Hydrogen bonds** – a special, especially strong dipole–dipole interaction that occurs when H is bonded to N, O, or F.  
  Example: The high boiling and melting points of water and ammonia compared with similar non‑hydrogen‑bonded molecules.

* **London dispersion (van der Waals) forces** – temporary attractions that arise even in non‑polar molecules because electron clouds fluctuate. They grow stronger with more electrons (larger, heavier atoms).

* **Metallic bonds** – a “sea’’ of delocalised electrons that glues positively‑charged metal ions together. The more electrons that can roam freely, the stronger the bond.

All of these are **electrostatic** in nature: they arise from charges (full or partial) attracting each other.

---

### 2. Stronger forces → higher melting point

When a solid melts, the particles must be pulled apart enough to move past one another. The amount of heat required is roughly the energy that holds the particles together:

| Type of solid | Typical electrical force | Reason for high/low mp |
|---------------|--------------------------|------------------------|
| **Ionic crystals** (e.g., NaCl, MgO) | Full‑charge ion–ion attractions (Coulombic) | Large charges or small ionic radii → huge lattice energy → very high mp (MgO ≈ 2850 °C). |
| **Molecular solids** with hydrogen bonds (e.g., ice, NH₃) | Strong dipole–dipole/H‑bonding | Each H‑bond is much stronger than ordinary dipole forces → mp higher than comparable molecules without H‑bonds. |
| **Molecular solids** held only by London forces (e.g., solid CO₂, noble gases) | Weak, temporary attractions | Small forces → low mp (dry ice sublimates at –78 °C). |
| **Metallic solids** (e.g., Fe, Cu, W) | Delocalised‑electron metallic bonds | More valence electrons and closer‑packed ions give stronger bonding → higher mp (tungsten ≈ 3420 °C). |
| **Covalent‑network solids** (diamond, SiO₂) | Strong covalent bonds extending through the whole crystal | Bond strengths comparable to chemical bonds → extremely high mp (diamond ≈ 3550 °C). |

In each case, the **strength of the electrostatic attraction** determines how much thermal energy is needed to disrupt the ordered solid. The stronger the attraction, the hotter the temperature at which melting can occur.

---

### 3. What makes the electrical forces stronger?

1. **Larger charges** – Two ions with +2 and –2 charges attract about four times more strongly than +1 and –1, because force ∝ \(q_1 q_2\).
2. **Smaller distance** – If ions or molecules are packed tightly (small \(r\) in Coulomb’s law), the force becomes larger.
3. **More electrons / larger polarizability** – Bigger atoms have more easily distorted electron clouds, boosting London forces.
4. **Specific interactions** – Hydrogen bonds are especially strong because the H atom is very small and highly positive when bonded to N, O, or F.
5. **Number of delocalised electrons** – In metals, more free electrons mean a stronger “glue’’ between the positively charged ion cores.

---

### 4. Putting it together

A substance with a **high melting point** has particles that are held together by **strong electrostatic attractions**—whether those are full ionic charges, permanent dipoles, hydrogen bonds, extensive metallic electron clouds, or an uninterrupted network of covalent bonds. Because the attractions are strong, you must supply a lot of heat (i.e., raise the temperature) before the particles can break free and the solid can turn into a liquid.

So, the correlation is straightforward: **the stronger the electrical (electrostatic) forces between the particles, the more energy is required to overcome them, and the higher the melting point of the material.**",,1.0,,,
response,HS-PS1-044,3,Llama 3.3 70b,HS-PS1,conceptual,,,"Endothermic reactions feel cold to the touch because they absorb heat energy from their surroundings. Although chemical bonds are being formed during the reaction, the process of forming these bonds requires energy. This energy is taken from the surroundings, which includes the heat energy from your skin when you touch the reaction mixture.

As the reaction absorbs heat, the temperature of the surroundings, including your skin, decreases. This decrease in temperature is what makes the reaction feel cold to the touch. The formation of chemical bonds during the reaction does release some energy, but not enough to offset the energy absorbed from the surroundings. As a result, the overall effect is a cooling sensation.

Think of it like a refrigerator: when it's running, it absorbs heat from the inside and releases it to the outside, making the inside cooler. Similarly, an endothermic reaction absorbs heat from its surroundings, making them cooler, even though chemical bonds are being formed during the reaction.",,0.0,,,
response,HS-PS1-040,2,OSS 120b,HS-PS1,conceptual,,,"**Hardness = how hard it is to push atoms out of their places**  

When you press on a solid, the atoms (or ions) in the material have to move a little. To do that, the forces that hold the particles together must be overcome. Those forces are almost always **electrostatic** (electrical) forces:

* **Attractions** – the positive nuclei are attracted to the surrounding electrons or to negatively‑charged ions.  
* **Repulsions** – electrons repel other electrons, and the positively‑charged nuclei repel each other when they get too close.

The balance of these attractions and repulsions is what we call the **interatomic (or interionic) bond**. The stronger the bond, the more energy is required to pull the atoms apart, and the harder the material feels.

---

### How bond type affects hardness

| Bond type | Main electrical interaction | Typical hardness |
|----------|----------------------------|------------------|
| **Covalent** (e.g., diamond) | Strong, directional sharing of electrons between specific atoms (very strong attraction) | Very hard – atoms are locked in a rigid three‑dimensional network. |
| **Ionic** (e.g., NaCl, MgO) | Attraction between oppositely charged ions; strong but usually not directional | Hard, but the lack of directionality makes them brittle. |
| **Metallic** (e.g., iron, copper) | Delocalised “sea” of electrons that attract many positive metal ions simultaneously | Moderately hard; the sea of electrons lets the ions slide a bit, giving metals ductility. |
| **Van der Waals / Hydrogen‑bonded** (e.g., graphite, polymers) | Weak, non‑directional attractions | Soft or easily cleaved; layers or chains can slide past each other. |

The **harder** a material, the **greater the average electrostatic binding energy** (sometimes called *cohesive energy*) per unit volume. In other words, the atoms are held together by stronger electrical forces, so a larger external force is needed to deform them.

---

### From a hardness test to an estimate of electrical forces

Hardness is measured by pressing a known indenter (diamond tip, steel ball, etc.) into the surface and seeing how big the impression is. The **hardness number** (e.g., Vickers, Mohs) is essentially

\[
\text{Hardness} \;\approx\; \frac{\text{Applied force}}{\text{Contact area of the indentation}} .
\]

A small indentation (high hardness) means the material’s internal forces resisted the applied load very well. Since those internal forces are the electrostatic bonds described above, a high hardness value tells us that the **inter‑particle electrical forces are large**.

---

### Quick take‑away

* Hardness is a macroscopic way to feel how strong the **electrical (electrostatic) attractions** are between the particles in a solid.  
* Strong, directional bonds (covalent, ionic) → high hardness; weak, non‑directional bonds (van der Waals, hydrogen) → low hardness.  
* By measuring how difficult it is to make a small dent, we infer how much electrical binding energy each atom (or ion) contributes to holding the solid together.  

So, the harder a material, the stronger the electrical forces that glue its particles together.",,1.0,,,
response,HS-PS1-018,1,Llama 3.3 70b,HS-PS1,recall,,,"Le Chatelier's Principle is a concept in chemistry that explains how a system at equilibrium responds to changes in its surroundings. It states that when a system at equilibrium is subjected to a change in concentration, temperature, or pressure, the equilibrium will shift in a direction that tends to counteract the change.

In simpler terms, if you add or remove a substance, change the temperature, or alter the pressure of a system at equilibrium, the reaction will adjust to a new equilibrium state that minimizes the effect of the change. This can happen in one of two ways: the reaction can shift to the left or to the right, depending on the direction of the change.

For example, consider a chemical reaction where two substances combine to form a product. If you increase the concentration of one of the reactants, the equilibrium will shift to the right, producing more product to consume some of the added reactant. On the other hand, if you decrease the concentration of the product, the equilibrium will shift to the right, producing more product to replace what was removed.

Le Chatelier's Principle helps us predict how a system at equilibrium will respond to changes in its surroundings, making it a useful tool for understanding and controlling chemical reactions.",,1.0,,,
response,HS-PS1-017,3,Llama 3.3 70b,HS-PS1,recall,,,"Increasing the concentration of reactants in a chemical reaction generally increases the rate of the reaction. This is because a higher concentration of reactants means there are more particles available to collide with each other. 

When particles collide, they have a greater chance of having the necessary energy and proper orientation to break and form new bonds, which is necessary for a chemical reaction to occur. As a result, more collisions lead to more successful reactions, which increases the overall rate of the reaction. 

This relationship is described by the collision theory, which states that the rate of a chemical reaction depends on the frequency and effectiveness of collisions between reactant particles. By increasing the concentration of reactants, you increase the frequency of collisions, which in turn increases the rate of the reaction.",,1.0,,,
response,HS-PS1-013,1,OSS 20b,HS-PS1,recall,,,"**Bond‑energy estimate of the reaction enthalpy**

\[
\boxed{\Delta H_{\text{bond}} = \sum_{\text{bonds broken}} D_{\text{bond}} \;-\; 
         \sum_{\text{bonds formed}} D_{\text{bond}} }
\]

* \(D_{\text{bond}}\) = average bond dissociation energy (kJ mol⁻¹) for that type of bond.  
* The first sum runs over every covalent bond that is **broken** in the reactants.  
* The second sum runs over every covalent bond that is **formed** in the products.  

Because breaking a bond requires energy (endothermic, positive), the terms for bonds broken are added. Forming a bond releases energy (exothermic, negative), so the energies of formed bonds are subtracted.  

**Example** (hydrogen combustion)

\[
\text{C (s)} + 2\text{H}_2(g) \rightarrow \text{CH}_4(g)
\]

Bonds broken (reactants): 2 H–H bonds in \( \text{H}_2 \)  
Bonds formed (products): 4 C–H bonds in \( \text{CH}_4 \)

\[
\Delta H_{\text{bond}} = [2 \times 435] \text{ kJ} - [4 \times 413] \text{ kJ} = -58\text{ kJ}
\]

(The negative sign indicates that the reaction releases heat.)

Use this formula when you have the bond‑energy values for each type of bond present in your reaction.",,1.0,,,
response,HS-PS2-066,3,OSS 20b,HS-PS2,applied,,,"Coulomb’s law says

\[
F=\frac{k\,Q_1 Q_2}{r^{\,2}},
\]

where  

* \(k \;(8.99\times10^9\;{\rm N\,m^2/C^2})\) is the Coulomb constant,  
* \(Q_1,\;Q_2\) are the charges,  
* \(r\) is the separation.

---

### Original situation  
Two protons each have charge \(+e\).  
\[
F_{\text{original}}=\frac{k\,e \cdot e}{r^2}
=\frac{k\,e^2}{r^2}.
\]

With \(r=1\;\text{nm}=1\times10^{-9}\,\text{m}\), this works out to

\[
F_{\text{original}}\approx 2.3\times10^{-10}\ \text{N}.
\]

---

### New situation  
Replace one proton with an alpha particle.  
An alpha particle (the \(^{4}\text{He}^{2+}\) nucleus) has charge \(+2e\).

\[
F_{\text{new}}=\frac{k\,(2e)\,e}{r^2}
=\frac{2k\,e^2}{r^2}
=2\,F_{\text{original}}.
\]

So the force **doubles**. Numerically:

\[
F_{\text{new}}\approx 4.6\times10^{-10}\ \text{N}.
\]

---

**Why?**  
Coulomb force depends on the *product* of the two charges.  
Changing a charge from \(+e\) to \(+2e\) multiplies that product by 2, so the force becomes twice as strong.",,1.0,,,
response,HS-PS2-063,2,Gemma 3 27b,HS-PS2,applied,,,"The bubble wrap protects the vase by **increasing the time it takes for the vase to come to a stop** during a fall. This relates to the concept of **impulse** and the **impulse-momentum theorem**. 

Here's how it works:

* **Momentum:** Any object in motion has momentum, calculated as mass times velocity (p = mv). The vase has momentum just before impact.
* **Impulse:** To stop the vase, its momentum must be reduced to zero. *Impulse* is the change in momentum. Impulse is equal to the force applied multiplied by the time over which it’s applied (J = FΔt).
* **The Role of Bubble Wrap:** The bubble wrap *increases* the time (Δt) of the impact. When the package hits the floor, the bubble wrap compresses, extending the duration of the collision. 
* **Reducing Force:** Because impulse must remain constant (to change the vase’s momentum to zero), if you increase the time of impact, the *force* (F) of the impact decreases.  A smaller force means less stress on the vase, making it less likely to break. 

Essentially, the bubble wrap ""cushions"" the vase by spreading the impact force out over a longer period. Without the bubble wrap, the vase would stop very quickly, experiencing a large force and likely shattering.",,1.0,,,
response,HS-PS2-064,2,Llama 3.1 8b,HS-PS2,applied,,,"When a football player wears shoulder pads, the outer shell helps to distribute the force of the impact over a larger area. This is called **force dispersion**. Think of it like this: imagine a heavy book sitting on a small table versus a heavy book sitting on a large table. The book on the small table will sink deeper and might even break the table, while the book on the large table will just sit on the surface.

In the same way, when the force of the tackle hits the football player's shoulder, the outer shell of the shoulder pad spreads it out over a larger area. This reduces the **pressure** (force per unit area) on any one point, making it less likely to cause serious injury.

Imagine the force of the tackle as a pool of water. If the water is concentrated in a small area, it will be very deep and might overflow. But if you spread the water over a larger area, it will be much shallower and won't cause as much damage. That's basically what the shoulder pad does – it helps to spread the force of the tackle over a larger area, reducing the pressure and making it less likely to cause injury.",,1.0,,,
response,HS-PS2-035,1,Mistral Small 3.1,HS-PS2,conceptual,,,"When a vehicle stops, the force acting on the occupants, the forces from objects that move out of the way of the motion, and all forces resisting motion like friction are all related to the rate of momentum change in the vehicle; the quicker the vehicle stops, the greater the force.

To understand why a longer stopping distance reduces the force on a colliding object, let's consider the concept of impulse and momentum:

1. **Impulse**: This is the product of the force (F) acting on an object and the time (t) over which it acts. Mathematically, impulse (J) is given by:
   \[ J = F \times t \]

2. **Momentum**: This is the product of an object's mass (m) and its velocity (v). The change in momentum (Δp) of an object is equal to the impulse applied to it:
   \[ F \times t = m \times \Delta v \]

   For a given change in velocity, a longer stopping time (t) requires a smaller force (F).

3. **Stopping distance**: When a vehicle has a longer stopping distance, it takes a longer time to come to a complete stop. This means that the time over which the force acts is increased.

For example, consider a car traveling at a certain velocity. If the car stops abruptly (short stopping distance), the force required to stop it is high because the time over which the force acts is short. However, if the car stops gradually (long stopping distance), the force required to stop it is lower because the time over which the force acts is longer. This is why airbags are designed to inflate and increase the stopping distance for occupants during a collision - to reduce the force experienced by the occupants.

In summary, a longer stopping distance allows for a longer time over which the force acts, reducing the force on the colliding object, in accordance with the impulse-momentum theorem.",,1.0,,,
response,HS-PS2-020,2,Gemma 3 27b,HS-PS2,conceptual,,,"This relationship is explained by **Newton’s Second Law of Motion**. It states that the acceleration of an object is directly proportional to the net force acting on the object, is in the same direction as the net force, and is inversely proportional to the object’s mass. 

We can write this as an equation:

**F = ma**

Where:
* **F** = Force (measured in Newtons)
* **m** = mass (measured in kilograms)
* **a** = acceleration (measured in meters per second squared)

If you apply the *same* force (F) to two objects with *different* masses (m), the object with the *larger* mass will experience *less* acceleration (a).  This is because to keep the equation balanced, if ‘m’ increases, ‘a’ must decrease. 

Think of it this way: mass is a measure of *inertia* – an object’s resistance to changes in its motion. A heavier object has more inertia, so it ""resists"" being accelerated as much as a lighter object does when the same force is applied.",,1.0,,,
response,HS-PS2-023,1,Gemma 3 27b,HS-PS2,conceptual,,,"Friction is a force that opposes motion between two surfaces in contact. When you apply a constant pushing force to an object, friction acts in the *opposite* direction, reducing the *net force* acting on the object. 

**Net force** is the overall force experienced by an object – it's the vector sum of all forces acting on it.  Newton's Second Law of Motion states that acceleration (a) is directly proportional to net force (Fnet) and inversely proportional to mass (m):  **Fnet = ma**.

Therefore, even with a constant applied force, if friction is present, the net force will be *less* than the applied force. Because acceleration depends on the net force, the object will experience *less* acceleration than it would in the absence of friction. 

Here's a simple example:

*   **No friction:** If you push a box with 10 N of force and the box has a mass of 2 kg, its acceleration would be 10 N / 2 kg = 5 m/s².
*   **With friction:** If there's 2 N of friction opposing your push, the net force is 10 N - 2 N = 8 N. The acceleration then becomes 8 N / 2 kg = 4 m/s².



Essentially, friction ""uses up"" some of the force you apply, leaving less force to actually accelerate the object.",,1.0,,,
response,HS-PS2-097,3,Mistral Small 3.1,HS-PS2,recall,,,"A crumple zone is a designed section of a car's body that is meant to deform and crumple in a controlled manner during a collision. The primary purpose of a crumple zone is to absorb and dissipate the energy generated during the impact, reducing the force transmitted to the vehicle's occupants. Here's a simple breakdown:

1. **Energy Absorption**: During a collision, the car's momentum is converted into kinetic energy. Crumple zones absorb this energy by crumpling and deforming.

2. **Increased Crash Distance**: By designing parts of the car to crumple steadily, engineers create a longer duration for the crash event. This is important because the amount of force experienced during a crash is inversely proportional to the time over which the crash happens. In other words, if the crash takes longer, the forces are less severe.

3. **Protecting the Passenger Compartment**: The goal of a crumple zone is to ensure that the passenger compartment remains as intact as possible. By absorbing energy in the front or rear (depending on the type of collision), crumple zones help to keep the space where passengers sit safe and undisturbed.

4. **Types of Crumple Zones**: Cars typically have crumple zones at the front and rear. Some modern vehicles also have side crumple zones to protect against side impacts.

Examples of crumple zone structures in cars that help absorb energy include:
- Engine framework.
- Front or rear bumper assemblies and support structures that bend under impact.
- Front of rear longitudinal (or side) impact beams.

In summary, crumple zones are essential for safety in vehicles, as they help to reduce the impact forces on occupants during a collision.",,1.0,,,
response,HS-PS2-008,3,Nemotron 3 Nano 30ba3,HS-PS2,recall,,,"**Elastic collision:**  
Both momentum (the total “oomph” of moving objects) and kinetic energy (the energy of motion) are conserved. After the collision the objects bounce off each other and keep moving, but their speeds may change. A classic example is two billiard balls hitting each other.

**Inelastic collision:**  
Momentum is still conserved, but kinetic energy is not. Some of the kinetic energy is transformed into other forms—heat, sound, or deformation of the objects. In a *perfectly inelastic* collision the objects stick together after impact, moving as one combined mass.

**Key difference:**  
- **Elastic:** kinetic energy stays the same; the objects separate after colliding.  
- **Inelastic:** kinetic energy is lost (converted to other types); the objects may stick together or deform, resulting in a loss of total kinetic energy.",,1.0,,,
response,HS-PS2-015,3,Nemotron 3 Nano 30ba3,HS-PS2,recall,,,"- **Value:** \(6.67430 \times 10^{-11}\) (to the appropriate number of significant figures).  
- **Unit:** newton · meter\(^2\) / kilogram\(^2\) (N·m\(^2\)/kg\(^2\)), which is equivalent to m\(^3\) · kg\(^{-1}\) · s\(^{-2}\).  

*Why the unit makes sense:*  
Newton (N) measures force (kg·m/s\(^2\)). Multiplying by m\(^2\)/kg\(^2\) and dividing by kg\(^2\) gives the overall dimension of (kg·m/s\(^2\))·(m\(^2\)/kg\(^2\)) = m\(^3\) · kg\(^{-1}\) · s\(^{-2}\). This matches the way Newton’s law of universal gravitation is written:  

\[
F = G\,\frac{m_1 m_2}{r^2},
\]

where \(F\) is force (N), \(m_1\) and \(m_2\) are masses (kg), and \(r\) is a distance (m). Hence, \(G\) must carry the unit N·m\(^2\)/kg\(^2\).",,1.0,,,
response,HS-PS3-071,3,Llama 3.3 70b,HS-PS3,applied,,,"When the tank is raised higher, the water in the tank has more potential energy due to its increased height. As the water flows down through the turbine, this potential energy is converted into kinetic energy, which is then transferred to the turbine. The higher the tank, the greater the potential energy of the water, resulting in a faster flow rate and more kinetic energy being transferred to the turbine.

This increase in kinetic energy leads to a greater rotational speed and torque in the turbine, which in turn increases the mechanical energy output. The generator connected to the turbine converts this mechanical energy into electrical energy. As a result, raising the tank higher increases the electrical energy output of the hydroelectric model.

In more technical terms, the increased height of the tank increases the head pressure, which is the pressure exerted by the water due to its height. This increased head pressure results in a greater flow rate and more energy being available for conversion, leading to a higher output from the turbine and generator. Overall, raising the tank higher in a hydroelectric model increases the energy conversion efficiency and the electrical output.",,1.0,,,
response,HS-PS3-063,2,Gemma 4 31b,HS-PS3,applied,,,"The ball launched by the spring compressed by **4 cm** will move faster.

This happens because of the relationship between **elastic potential energy** and **kinetic energy**. Here is the step-by-step scientific breakdown:

### 1. Elastic Potential Energy
When you compress a spring, you store energy in it called elastic potential energy. The amount of energy stored depends on the spring constant (the stiffness of the spring) and the distance it is compressed. 

The formula for this energy is:
$PE_{elastic} = \frac{1}{2}kx^2$

*   **$k$** is the spring constant (since the springs are identical, $k$ is the same for both).
*   **$x$** is the displacement (how far the spring is compressed).

Because the distance ($x$) is **squared**, even a small increase in compression leads to a large increase in stored energy. The spring compressed by 4 cm stores significantly more energy than the one compressed by 2 cm.

### 2. Energy Transfer
When the springs are released, the stored elastic potential energy is converted into **kinetic energy** (the energy of motion). 

Since the balls are identical, they have the same mass. According to the law of conservation of energy, the spring with more potential energy will transfer more kinetic energy to its ball.

### 3. Velocity
Kinetic energy is calculated using the formula:
$KE = \frac{1}{2}mv^2$

Since the ball from the 4 cm spring has more kinetic energy, it must have a higher **velocity** ($v$) to balance the equation.

**In short:** More compression $\rightarrow$ more stored energy $\rightarrow$ more kinetic energy $\rightarrow$ higher speed.",,1.0,,,
response,HS-PS3-061,2,OSS 20b,HS-PS3,applied,,,"When the book is just on the shelf it has gravitational **potential energy** (PE) relative to the floor,
\[
PE_i = m g h ,
\]
where \(m\) is the book’s mass, \(g\) is the acceleration of gravity, and \(h\) is the height of the shelf.  
Because it is at rest, its kinetic energy (KE) is zero.

---

### 1. Total mechanical energy of the book–Earth system  

In the absence of friction or other non‑conservative forces, the *total mechanical energy* of the isolated system “book + Earth” is conserved.  
The Earth is so massive that its own motion is negligible, so we can treat the Earth as a fixed reference point for energy calculations.

- **Initial total energy**  
  \[
  E_{\text{total}} = PE_i + KE_i = mgh + 0 = mgh .
  \]

- **During the fall**  
  As the book speeds up, some of its gravitational potential energy turns into kinetic energy. The sum of PE and KE stays the same:
  \[
  PE(t) + KE(t) = mgh = \text{constant}.
  \]

- **When it reaches the floor**  
  The book’s PE relative to the floor is zero, so all the energy that was initially stored as potential is now kinetic:
  \[
  KE_{\text{floor}} = mgh .
  \]

If we let the book come to a complete stop when it hits the floor, that kinetic energy must go somewhere: it is converted into sound, heat, and a tiny amount of deformation of the book and the floor. That energy leaves the mechanical energy balance of the book–Earth system, so the final total mechanical energy of the system is less than the initial value. The loss is due to the non‑conservative interaction during the collision.

---

### 2. Energy distribution during the fall  

| Moment | Potential Energy (PE) | Kinetic Energy (KE) | Total (PE+KE) |
|--------|-----------------------|---------------------|---------------|
| At shelf (starting point) | \(mgh\) | 0 | \(mgh\) |
| Mid‑fall | decreases as height decreases | increases correspondingly | remains \(mgh\) |
| At floor (just before impact) | 0 | \(mgh\) | \(mgh\) |
| After impact (when stopped) | 0 | 0 | less than \(mgh\) (energy dissipated elsewhere) |

So, the book’s **total mechanical energy stays constant** during the free fall (assuming no air resistance). As the book falls, its **potential energy decreases** while its **kinetic energy increases**, keeping their sum the same. Once it hits the floor, the kinetic energy is transferred to other forms (sound, heat, deformation), so the total mechanical energy of the book–Earth system drops slightly.

That’s the full picture of how energy behaves as the book falls from the shelf to the floor.",,1.0,,,
response,HS-PS3-041,3,Gemma 3 27b,HS-PS3,conceptual,,,"Heat flows from hotter to cooler objects due to the laws of thermodynamics, specifically the Second Law. This law states that systems naturally tend toward increased entropy – essentially, a state of greater disorder. 

Here’s how it applies to heat flow:

* **Temperature and Molecular Motion:** Temperature is a measure of the average kinetic energy (energy of motion) of the atoms and molecules within an object. Hotter objects have molecules moving faster, while cooler objects have molecules moving slower.
* **Energy Transfer:** When a hotter and cooler object are in contact, faster-moving molecules from the hot object collide with slower-moving molecules from the cool object. These collisions transfer energy from the faster molecules to the slower ones.
* **Increasing Entropy:** This transfer of energy equalizes the temperatures.  A system where energy is spread out more evenly (like when temperatures are equal) is more disordered—it has higher entropy—than a system where energy is concentrated (a big temperature difference). 
* **Spontaneous Processes:**  The Second Law dictates that spontaneous processes (things that happen on their own) will always increase the total entropy of a system and its surroundings. Heat flowing from hot to cold *increases* entropy. Heat flowing from cold to hot would *decrease* entropy, and that doesn’t happen spontaneously.

To make heat flow from cold to hot, you need to *put in* energy – like a refrigerator uses electricity to move heat from the inside to the warmer outside. This external energy input allows for the decrease in entropy locally, but the overall entropy of the system (refrigerator + room) still increases.",,1.0,,,
response,HS-PS3-022,3,OSS 120b,HS-PS3,conceptual,,,"**The short answer:**  
In a *closed* system no energy can cross the boundary, so whatever energy one part loses must be gained by another part. Because energy cannot be created or destroyed, the sum of all the individual energy changes must be zero.

---

### 1. What “closed system” means  

A **closed system** is a set of objects that is isolated from its surroundings with respect to energy (but not necessarily with respect to matter).  
- *No heat* can flow in or out.  
- *No work* (pushes, pulls, electric currents, etc.) can be done on it from outside.  

Everything that happens inside the system must use only the energy that was already inside.

---

### 2. The law of conservation of energy  

The *first law of thermodynamics* (or the **law of conservation of energy**) states:

\[
\Delta E_{\text{total}} = 0
\]

for a closed system, where \( \Delta E_{\text{total}} \) is the change in the system’s total energy.

Why is this true?  
- **Experimental evidence:** Every experiment from mechanics to electricity shows that when energy seems to disappear in one form, it appears in another.  
- **Fundamental symmetry:** In physics, the fact that the laws do not change when we shift the time coordinate (they are the same today as tomorrow) leads mathematically to a conserved quantity—energy. (You don’t need the full Noether‑theorem, just the idea that “time‑invariance → energy conservation.”)

---

### 3. How energy changes inside the system

Imagine we split the system into several *components* (a block, a spring, a gas, etc.). Each component can gain or lose energy:

| Component | Typical form of energy | Possible change |
|-----------|-----------------------|-----------------|
| Block falling | Gravitational potential → kinetic | Potential ↓, kinetic ↑ |
| Spring   | Elastic potential | Increases when compressed, decreases when released |
| Gas      | Thermal (internal) energy | Can increase if work is done on it, decrease if it expands and does work |

If the block loses 5 J of potential energy, those 5 J must show up elsewhere—perhaps as 5 J of kinetic energy of the block, or 3 J as kinetic and 2 J as heat in the surrounding air. The **total** amount that left the block equals the **total** amount that entered the other parts.

Mathematically,

\[
\Delta E_{\text{block}} + \Delta E_{\text{spring}} + \Delta E_{\text{gas}} + \dots = 0
\]

The signs take care of “loss” (negative) and “gain” (positive). The sum is zero because the energy that disappears from one part reappears in another.

---

### 4. What would happen if the sum weren’t zero?

If the total change were **positive**, the system would have gained energy from nowhere—contradicting the definition of a closed system.  
If the total change were **negative**, the system would have lost energy to the outside, which again is forbidden for a closed system.

Thus the only consistent possibility is that the algebraic sum of all individual energy changes is zero.

---

### 5. Quick example  

A 2‑kg ball is dropped from a height of 5 m.  
- Initial potential energy: \(E_p = mgh = 2 \times 9.8 \times 5 = 98\ \text{J}\).  
- Just before hitting the ground, kinetic energy: \(E_k = 98\ \text{J}\).  

Change in potential: \(\Delta E_p = -98\ \text{J}\) (lost).  
Change in kinetic: \(\Delta E_k = +98\ \text{J}\) (gained).  

\[
\Delta E_p + \Delta E_k = -98\ \text{J} + 98\ \text{J} = 0
\]

The total energy of the closed system (ball + Earth) stayed the same.

---

### 6. Bottom line  

Because a closed system does not exchange energy with its environment, the **only** way its energy can change is by moving from one part of the system to another. Energy can be transformed (potential → kinetic, chemical → thermal, etc.), but the net amount of energy in the whole system never changes. Hence the total change in energy of all components must always add up to zero.",,1.0,,,
response,HS-PS3-022,3,Mistral Small 3.1,HS-PS3,conceptual,,,"In a closed system, energy cannot be created or destroyed, only transformed from one form to another or transferred from one part of the system to another. This is known as the **law of conservation of energy**.

Here's why the total change in energy must add up to zero:

1. **Energy Transfer**: When energy is transferred within the system, it moves from one component to another. For example, heat energy might transfer from a hot object to a cool object. In this process, the hot object loses energy (negative change), and the cool object gains energy (positive change).

2. **Energy Transformation**: Energy can also change from one form to another. For instance, chemical energy in a battery can transform into electrical energy. Here, the chemical energy decreases (negative change), while the electrical energy increases (positive change).

3. **Net Change**: Because energy is neither created nor destroyed, the energy lost by one component is exactly equal to the energy gained by another. Therefore, when you add up all the changes in energy for every component in the system, the positive changes (energy gained) will cancel out the negative changes (energy lost), resulting in a total change of zero.

In equation form, this can be represented as:

ΔE_total = ΔE_1 + ΔE_2 + ... + ΔE_n = 0

where ΔE_i represents the change in energy of the i-th component, and n is the total number of components.

This principle is fundamental in understanding how energy behaves in various physical and chemical processes.",,1.0,,,
response,HS-PS3-006,2,Mistral Small 3.1,HS-PS3,recall,,,"At the particle level an increase in temperature of a substance indicates that the particles (like atoms or molecules) that make up the substance are moving faster and have higher kinetic energy. Kinetic energy is the energy of motion. So, when you heat something up, you're essentially making its particles move more vigorously. Here are a couple examples of how they might move:

* In a **solid**, particles vibrate more quickly.
* In a **liquid** or **gas**, particles move faster, which can also lead to an increase in pressure (since faster-moving particles hit the sides of their container more often and with more force).

This increased kinetic energy also means that the particles have more **thermal energy**, which is just the total kinetic energy of all the particles in a substance. That's why temperature is a measure of the average kinetic energy of the particles in a substance.",,1.0,,,
response,HS-PS3-005,3,Gemma 4 31b,HS-PS3,recall,,,"**Internal energy** is the total energy contained within a thermodynamic system. It is the sum of all the microscopic kinetic and potential energies of the particles (atoms and molecules) that make up that system.

To understand internal energy, it helps to break it down into two main components:

### 1. Microscopic Kinetic Energy
Kinetic energy is the energy of motion. At the microscopic level, particles are always moving. Depending on the state of matter, this looks different:
*   **Gases:** Particles move rapidly in straight lines.
*   **Liquids:** Particles slide past one another.
*   **Solids:** Particles vibrate in fixed positions.

The average kinetic energy of these particles is what we measure as **temperature**. Therefore, if you increase the temperature of a substance, you are increasing its internal energy.

### 2. Microscopic Potential Energy
Potential energy is energy stored based on the position or arrangement of particles. In a substance, this primarily comes from the **intermolecular forces** (the attractions and repulsions between molecules). 

When a substance changes phase—such as ice melting into water—energy is added to break or weaken the bonds between molecules. Even though the temperature might stay the same during a phase change, the internal energy increases because the potential energy of the particles is increasing.

### The Big Picture: The First Law of Thermodynamics
In physics and chemistry, internal energy is often discussed in terms of how it changes. You can change a system's internal energy in two ways:
1.  **Adding Heat ($Q$):** Transferring thermal energy into the system.
2.  **Doing Work ($W$):** For example, compressing a gas by pushing a piston down.

The formula for this relationship is: 
$$\Delta U = Q + W$$
*(Where $\Delta U$ is the change in internal energy, $Q$ is the heat added, and $W$ is the work done on the system.)*

**Summary:** Internal energy is not the energy of the object moving through space (which is macroscopic kinetic energy), but rather the ""hidden"" energy of the trillions of tiny particles buzzing and pulling on each other inside the object.",,1.0,,,
response,HS-PS3-011,2,Nemotron 3 Nano 30ba3,HS-PS3,recall,,,"**Efficiency** in an energy‑converting device is the fraction or percentage of the energy that goes **into** the device that appears as useful output energy.  

- **Energy input** – the amount of energy supplied to the device (e.g., electrical power to a motor, chemical energy in fuel, or sunlight on a solar cell).  
- **Useful output** – the portion of that input that does something we want, such as moving a load, producing heat, generating electricity, or providing light.  
- **Wasted output** – the remainder of the input that is lost, usually as heat, sound, or other non‑useful forms.

Mathematically,  

\[
\text{Efficiency} = \frac{\text{Useful output energy}}{\text{Input energy}} \times 100\%.
\]

The result is always ≤ 100 % because some energy is inevitably lost.  
Higher efficiency means the device converts a larger portion of the supplied energy into the desired form, reducing waste and often saving cost or resources. 

*Key points to remember*  
- Efficiency does **not** tell you how much total energy the device can handle; it only measures how well it uses what it receives.  
- Real devices are never 100 % efficient because of inevitable losses (friction, resistance, radiation, etc.).  
- Engineers design devices to maximize efficiency by minimizing those losses (e.g., using low‑resistance wires, better bearings, or aerodynamic shapes).",,1.0,,,
response,HS-PS4-069,1,Mistral Small 3.1,HS-PS4,applied,,,"This observation tells you that infrared (IR) waves travel in straight lines and can be easily blocked by objects, whereas radio waves can often pass through objects or bend around them.

Infrared waves are part of the electromagnetic spectrum, just like visible light. They travel in straight paths (like rays) and can be obstructed by solid objects. That's why when you stand between the remote and the TV, the signal is blocked—your body is interrupting the straight-line path of the infrared waves.

On the other hand, radio waves, which are also part of the electromagnetic spectrum but have longer wavelengths, can diffract (bend around objects) and can even pass through some materials. This is why you can listen to the radio inside a building, or why radio signals can be received around obstacles.

Here's a simple comparison:

- **IR Waves (Like Light)**: Travel in straight lines, can be blocked by objects.
- **Radio Waves**: Can bend around objects, can pass through some materials.

This difference is due to the varying wavelengths of IR and radio waves, with IR waves having shorter wavelengths and thus behaving more like light.",,1.0,,,
response,HS-PS4-048,2,OSS 20b,HS-PS4,applied,,,"Microwaves obey the same relationship between speed, frequency, and wavelength that all waves do:

\[
\lambda = \frac{c}{f}
\]

where  

* \(c\) is the speed of light (≈ \(3.0 \times 10^{8}\) m/s)  
* \(f\) is the frequency  

The oven’s frequency is 2.45 GHz, which is

\[
f = 2.45 \text{ GHz} = 2.45 \times 10^{9}\ \text{Hz}
\]

Now plug the numbers in:

\[
\lambda = \frac{3.0 \times 10^{8}\ \text{m/s}}{2.45 \times 10^{9}\ \text{Hz}}
       = \frac{3.0}{2.45} \times 10^{8-9}
       = 1.224 \times 10^{-1}\ \text{m}
\]

Convert to centimeters:

\[
1.224 \times 10^{-1}\ \text{m} = 12.24\ \text{cm}
\]

**Answer:** The wavelength of the microwaves inside the oven is about **12 cm (≈ 0.12 m)**.",,1.0,,,
response,HS-PS4-048,1,OSS 120b,HS-PS4,applied,,,"The wavelength (\(\lambda\)) of an electromagnetic wave is found from the relationship  

\[
\lambda = \frac{c}{f}
\]

where  

* \(c\) = speed of light \(= 3 \times 10^{8}\ \text{m/s}\)  
* \(f\) = frequency of the wave.

The oven’s frequency is  

\[
f = 2.45\ \text{GHz}=2.45 \times 10^{9}\ \text{Hz}
\]

Now plug the numbers in:

\[
\lambda = \frac{3 \times 10^{8}\ \text{m/s}}{2.45 \times 10^{9}\ \text{Hz}}
        = \frac{3}{2.45} \times 10^{-1}\ \text{m}
\]

\[
\frac{3}{2.45} \approx 1.22
\]

\[
\lambda \approx 1.22 \times 10^{-1}\ \text{m}=0.122\ \text{m}
\]

So the microwaves in a typical microwave oven have a wavelength of **about 0.12 m, or 12 cm**.",,1.0,,,
response,HS-PS4-039,2,OSS 20b,HS-PS4,conceptual,,,"**How noise‑cancelling headphones use sound waves**

1. **What a sound wave is**  
   A sound wave is a vibration that travels through air. It can be described by its *amplitude* (loudness) and *phase* (where it is in the cycle of the vibration).

2. **The problem**  
   Outside noise is a sound wave that the headphones want to keep out. If we could make another wave that is the same shape but flipped upside down, the two would cancel each other out as they meet.

3. **Detecting the noise**  
   The headphones have tiny built‑in microphones that listen to the ambient noise. They measure the wave’s amplitude and phase.

4. **Producing an opposite wave**  
   The headphones’ electronics generate a second sound wave that has the same amplitude as the detected noise but is 180° out of phase (the peaks become troughs and vice‑versa). Think of it as rubbing your hands together in a way that creates a wave exactly opposite to the incoming wave.

5. **Superposition – the key principle**  
   When two waves occupy the same space, their vibrations add together. If one wave is opposite to the other, the addition is 0 – the waves cancel each other. This is called *destructive interference*.

6. **Result**  
   The cancelling wave travels through the earbuds and meets the incoming noise inside the listening area. The combined sound that reaches your ear is much quieter, so you hear your music or podcast more clearly.

7. **Why it works best for low‑frequency, steady sounds**  
   Noise‑cancelling headphones are most effective on continuous, low‑frequency sounds like a hum from an airplane or air‑conditioning fan. The microphones need enough time to detect the wave and build the opposite wave before it reaches you. Sudden or high‑frequency noises (e.g., a shout) change too fast for the system to cancel them effectively.

In short, the headphones use microphones to sense unwanted sound waves, then electronically create new waves that are identical but inverted. When the two waves meet, they interfere destructively, leaving much less noise for you to hear.",,1.0,,,
response,HS-PS4-031,3,Nemotron 3 Nano 30ba3,HS-PS4,conceptual,,,"The wave model treats light as a collection of moving disturbances in a field. When a wave reaches an opening whose size is comparable to its wavelength, two facts about waves cause the light to spread out:

1. **Huygens’ principle** – every point on a wavefront acts as a tiny new source of secondary wavelets. After the light encounters the opening, each point inside the opening becomes a new source of wavelets that travel outward.

2. **Interference of those wavelets** – the secondary wavelets overlap and interfere with one another. Where they arrive in step (peaks align with peaks), they reinforce each other; where they are out of step (peaks meet troughs), they cancel. This pattern of constructive and destructive interference creates a series of bright and dark regions on the other side of the opening.

The result of this interference is that the wavefront emerging from the opening is no longer flat; it bends and expands. The amount of spreading depends on the ratio of the opening size to the wavelength: the smaller the opening relative to the wavelength, the more the wavefronts spread. This phenomenon is called **diffraction**, and it explains why light emerging from a narrow slit produces a broad pattern rather than a sharp, unchanged beam.",,1.0,,,
response,HS-PS4-027,3,Llama 3.1 8b,HS-PS4,conceptual,,,"Error-checking is a crucial process in digital transmissions that helps detect and correct mistakes in data. It's based on the idea of adding a small amount of redundant data to the original message, which can be used to identify and fix errors.

Here's how it works:

1. **Encoding**: When data is sent, it's first encoded with a special code that includes some extra bits (0s and 1s). These extra bits are used for error-checking.
2. **Transmission**: The encoded data is then transmitted over a communication channel, such as the internet or a satellite.
3. **Error**: During transmission, errors can occur due to noise, interference, or other factors. This can cause bits to be flipped or lost.
4. **Receiving**: The encoded data is received by the destination device, which then performs error-checking.
5. **Error-checking**: The receiving device uses the extra bits added during encoding to check if any errors occurred during transmission. This is done by performing a mathematical operation, such as addition or multiplication, on the received data and the extra bits.
6. **Detection**: If an error is detected, the receiving device can request the sender to retransmit the data.
7. **Correction**: If the error can be corrected, the receiving device can use the extra bits to fix the mistake.

There are two main types of error-checking methods:

1. **Parity checking**: This method adds a single extra bit to each byte of data, which is used to check if any errors occurred.
2. **Cyclic redundancy check (CRC)**: This method adds a longer sequence of extra bits to the data, which is used to check if any errors occurred.

Error-checking is essential in digital transmissions because it helps ensure that data is delivered accurately and reliably. It's used in a wide range of applications, including internet communication, data storage, and satellite transmissions.",,1.0,,,
response,HS-PS4-092,1,Llama 3.1 8b,HS-PS4,recall,,,"To understand what happens to the wavelength of a wave when its frequency increases, we need to use the formula that relates the speed, frequency, and wavelength of a wave.

The formula is: Speed (v) = Frequency (f) x Wavelength (λ)

Rearranging this formula to solve for wavelength, we get: Wavelength (λ) = Speed (v) / Frequency (f)

Since the speed of the wave stays the same, the only variable changing is the frequency. If the frequency increases, the wavelength must decrease to keep the equation balanced.

Think of it like this: if you're walking at a constant speed, you can cover more ground in the same amount of time if you take bigger steps (increase your frequency). But if you're still walking at the same speed, you can't cover more ground, so your steps must get smaller (decrease your wavelength).",,1.0,,,
response,HS-PS4-096,3,OSS 120b,HS-PS4,recall,,,"**Amplitude Modulation (AM)** is a method of putting information—usually sound such as a voice or music—onto a radio‑frequency (RF) wave so it can travel through the air to a receiver.

### The basic idea
1. **Carrier wave** – A steady, high‑frequency electromagnetic wave that the transmitter generates.  
   *Example:* a sine wave at 1 MHz (1 million cycles per second) that by itself carries no audio.

2. **Message (modulating) signal** – The low‑frequency audio waveform you want to broadcast, e.g., a human voice that varies between about 300 Hz and 3 kHz.

3. **Modulation** – The transmitter varies one property of the carrier in step with the audio signal. In **amplitude modulation** the property that changes is the **amplitude** (the height) of the carrier wave, while its **frequency** stays the same.

### How it works
- When the audio signal is quiet, the carrier’s amplitude is small; when the audio gets louder, the carrier’s amplitude becomes larger.  
- Mathematically, the transmitted signal looks like this:

\[
\text{AM signal}= \big[1 + m(t)\big]\;\cos(2\pi f_c t)
\]

where  
\(f_c\) = carrier frequency (e.g., 1 MHz)  
\(m(t)\) = normalized audio signal (values between –1 and +1).  

The term “\(1 + m(t)\)” makes the carrier’s height rise and fall in exactly the same shape as the audio waveform.

### What the receiver does
An AM radio has a **detector** (or demodulator) that measures the changing amplitude of the incoming wave and extracts \(m(t)\). It then drives a speaker to reproduce the original sound.

### Why AM is useful for broadcasting
- **Simple hardware:** Generating and detecting amplitude changes is relatively easy and cheap, which is why AM was the first widely used radio technology.
- **Long‑range propagation:** AM signals in the medium‑frequency band (around 530 kHz–1700 kHz) can travel far, especially at night, by reflecting off the ionosphere.

### Quick visual
Imagine a smooth, steady “wiggle” (the carrier). When you overlay a slower, louder‑and‑softer pattern (the audio) onto it, the wiggle’s peaks get taller and shorter in step with the audio. That combined picture is the AM signal.

In short, **amplitude modulation** means “encoding the audio information by making the height of a high‑frequency radio wave vary in the same way as the sound you want to send.” The radio receiver reads those height changes and turns them back into the original sound.",,1.0,,,
response,HS-PS4-004,2,Nemotron 3 Nano 30ba3,HS-PS4,recall,,,"An analog signal is a continuous wave that can take any value within a range. Unlike digital signals, which jump from one distinct level to another, an analog signal varies smoothly over time and amplitude, much like a moving hand on a clock or the changing pitch of a violin string. Because it can represent an infinite number of values, an analog signal often carries more nuanced information, but it also makes the data more susceptible to noise and distortion when transmitted. Think of the sound wave that a microphone records: it’s a pressure that rises and falls in an endless, fluid pattern—that’s an analog signal.",,1.0,,,
