question_id,judge,score,rationale
HS-PS1-001,OSS 120b,1,"The answer correctly identifies outermost electrons as valence electrons and provides a brief, accurate description."
HS-PS1-002,OSS 120b,1,The answer correctly states that the group number equals the number of valence electrons for main-group elements and provides accurate examples.
HS-PS1-003,Nemotron 3 Super 120b a12,1,"The answer correctly identifies ionization energy as the energy required to remove an electron from a neutral gaseous atom, matching the standard's focus on periodic trends."
HS-PS1-003,OSS 120b,1,The answer correctly identifies the term as ionization energy and accurately defines it as the minimum energy to remove an electron from a neutral gaseous atom.
HS-PS1-002,Nemotron 3 Super 120b a12,1,"The reference answer correctly states that for main-group elements the group number equals the number of valence electrons, giving appropriate examples, which fully answers the question."
HS-PS1-001,Nemotron 3 Super 120b a12,1,The answer correctly identifies the outermost electrons as valence electrons and provides appropriate supporting detail.
HS-PS1-003,Gemini Flash 3,1,"The reference answer correctly identifies and defines ionization energy, which is a key periodic property related to the electron patterns addressed in standard HS-PS1-1."
HS-PS1-001,Gemini Flash 3,1,"The reference answer correctly identifies the electrons as valence electrons and explains their significance in chemical reactions, which is central to understanding periodic trends in the HS-PS1-1 standard."
HS-PS1-004,OSS 120b,1,"The answer correctly names Group 18 as noble gases and explains their stability by the full outer electron shell, fully addressing the question."
HS-PS1-005,OSS 120b,1,"The answer accurately defines electron affinity and notes the trend of high affinity in halogens, meeting the standard."
HS-PS1-004,Nemotron 3 Super 120b a12,1,"The answer correctly identifies the group 18 elements as noble gases and explains their stability due to a full outer electron shell, which satisfies HS-PS1-1."
HS-PS1-005,Nemotron 3 Super 120b a12,1,"The answer accurately defines electron affinity as the energy change when a neutral gaseous atom gains an electron and notes halogens as high‑affinity elements, which is correct and sufficient for the question."
HS-PS1-006,OSS 120b,1,"The answer correctly states that Group 17 elements have seven valence electrons, directly addressing the question."
HS-PS1-006,Nemotron 3 Super 120b a12,1,"The reference answer correctly states that Group 17 elements have seven valence electrons and adds relevant explanatory context, fully addressing the question."
HS-PS1-004,Gemini Flash 3,1,"The answer accurately identifies the group as noble gases and correctly explains their stability through the presence of a full outermost energy level, which aligns perfectly with HS-PS1-1."
HS-PS1-006,Gemini Flash 3,1,The answer accurately identifies that Group 17 elements have seven valence electrons and correctly explains how this configuration influences their reactivity and chemical behavior.
HS-PS1-007,OSS 120b,1,"The answer correctly explains that a higher melting point reflects stronger intermolecular (electrical) forces, matching the standard."
HS-PS1-005,Gemini Flash 3,1,"The answer correctly defines electron affinity and connects it to periodic trends by citing halogens, which aligns with the requirement of predicting properties based on the periodic table."
HS-PS1-008,OSS 120b,1,The answer accurately defines covalent network solids as extended covalent structures and correctly contrasts them with molecular solids held together by weaker intermolecular forces.
HS-PS1-008,Nemotron 3 Super 120b a12,1,"The answer correctly defines a covalent network solid and contrasts it with a molecular solid, meeting the standard's requirement."
HS-PS1-007,Nemotron 3 Super 120b a12,1,"The answer correctly states that a higher melting point reflects stronger intermolecular/electrical forces because more thermal energy is needed to break them, which aligns with the standard's goal."
HS-PS1-007,Gemini Flash 3,1,The answer correctly identifies that higher melting points correlate with stronger interparticle forces and explains the relationship in terms of the energy required to overcome those attractions.
HS-PS1-009,OSS 120b,1,"The answer correctly defines hydrogen bonding with key details about the electronegative atoms and lone pairs, matching the expected response."
HS-PS1-010,OSS 120b,1,"The answer correctly names hardness and explains that stronger electrical forces between particles make a solid harder, addressing both parts of the question."
HS-PS1-008,Gemini Flash 3,1,"The answer accurately defines both types of solids and correctly distinguishes between the strong covalent bonds in network solids and the weaker intermolecular forces in molecular solids, which aligns with the standard's focus on particle-level electrical forces."
HS-PS1-009,Nemotron 3 Super 120b a12,1,"The reference answer correctly defines hydrogen bonding as a relatively strong intermolecular force involving hydrogen covalently bonded to N, O, or F attracted to a lone pair on another electronegative atom, which is accurate and sufficiently complete for the standard."
HS-PS1-011,OSS 120b,1,"The answer correctly states that breaking a chemical bond requires an input of energy, which aligns with the standard's focus on energy absorption during bond breaking."
HS-PS1-010,Gemini Flash 3,1,"The answer correctly identifies hardness as the resistance to scratching and accurately explains its relationship to the strength of electrical forces between particles, which directly addresses the standard."
HS-PS1-009,Gemini Flash 3,1,"The answer provides a scientifically accurate and complete definition of hydrogen bonding, correctly identifying the specific atoms involved and the nature of the intermolecular attraction."
HS-PS1-010,Nemotron 3 Super 120b a12,1,"The answer correctly identifies hardness as the resistance to scratching and explains that stronger interparticle electrical forces result in greater hardness, directly linking bulk‑scale property to particle‑level forces as required by the standard."
HS-PS1-012,OSS 120b,1,The answer correctly describes an exothermic reaction as having net energy release because product bond formation releases more energy than is consumed breaking reactant bonds.
HS-PS1-011,Nemotron 3 Super 120b a12,1,"The answer correctly states that breaking a chemical bond requires energy (endothermic) and explains why, which directly addresses the question and aligns with the bond‑energy concept in HS‑PS1-4."
HS-PS1-002,Gemini Flash 3,1,The answer accurately describes the relationship between group numbers and valence electron counts for main-group elements and provides a clarifying example for groups 13-18.
HS-PS1-011,Gemini Flash 3,1,"The answer accurately states that breaking a chemical bond is an endothermic process requiring energy to overcome attractive forces, which is a foundational concept for the standard."
HS-PS1-013,OSS 120b,1,The answer correctly states the bond-energy formula ΔH = Σ(broken bond energies) – Σ(formed bond energies) and clarifies the sign convention.
HS-PS1-012,Nemotron 3 Super 120b a12,1,"The answer correctly defines an exothermic reaction in terms of bond energies, stating that energy released from forming new bonds exceeds energy required to break reactant bonds, which aligns with the bond‑energy concept in HS‑PS1‑4."
HS-PS1-014,OSS 120b,1,The answer correctly defines activation energy as the minimum energy required for reacting particles to undergo a chemical reaction.
HS-PS1-012,Gemini Flash 3,1,"The answer correctly defines an exothermic reaction by comparing the energy required to break bonds with the energy released during bond formation, which aligns perfectly with the HS-PS1-4 standard."
HS-PS1-015,OSS 120b,1,"The answer correctly explains that higher temperature raises particle speed, collision frequency, and the fraction of collisions with sufficient energy, thereby increasing reaction rate."
HS-PS1-013,Nemotron 3 Super 120b a12,1,The answer correctly states ΔH = (energy to break reactant bonds) − (energy released forming product bonds) and explains the sign convention for exothermic and endothermic reactions.
HS-PS1-015,Nemotron 3 Super 120b a12,1,"The answer correctly explains that raising temperature increases reaction rate by boosting particle speed, collision frequency, and the proportion of collisions exceeding activation energy, fully addressing the standard."
HS-PS1-014,Gemini Flash 3,1,The definition provided is scientifically accurate and covers the essential components of activation energy within the context of collision theory and chemical kinetics.
HS-PS1-016,OSS 120b,1,"The answer correctly defines concentration as the amount of solute per volume of solution and notes the common unit (molarity), meeting the question's requirement."
HS-PS1-013,Gemini Flash 3,1,The formula correctly identifies the relationship between bond breaking and bond forming energies and accurately describes the sign convention for endothermic and exothermic reactions.
HS-PS1-016,Nemotron 3 Super 120b a12,1,"The answer correctly defines concentration as the amount of solute per volume of solution and notes the typical unit, which is accurate and sufficient for the high‑school standard."
HS-PS1-015,Gemini Flash 3,1,"The answer accurately explains the relationship between temperature and reaction rate using collision theory and activation energy, which fully satisfies the standard's requirements."
HS-PS1-014,Nemotron 3 Super 120b a12,1,The answer correctly defines activation energy as the minimum energy that colliding particles must have to initiate a chemical reaction and form products.
HS-PS1-017,OSS 120b,1,"The answer correctly states that higher reactant concentration raises the reaction rate due to increased collision frequency, fully addressing the question."
HS-PS1-018,OSS 120b,1,"The answer accurately defines Le Chatelier's Principle, covering stresses (concentration, temperature, pressure) and the system's shift to counteract them, which sufficiently answers the question."
HS-PS1-016,Gemini Flash 3,1,"The answer accurately defines concentration in terms of solute and volume, providing the necessary conceptual basis for understanding how particle density affects reaction rates."
HS-PS1-018,Nemotron 3 Super 120b a12,1,The answer accurately describes Le Chatelier's Principle and adequately addresses the question for the given standard.
HS-PS1-019,OSS 120b,1,The answer accurately defines the equilibrium constant and correctly explains that K>1 means products are favored at equilibrium.
HS-PS1-017,Nemotron 3 Super 120b a12,1,"The answer correctly explains that higher concentration increases particle collision frequency, thereby raising the reaction rate, which satisfies the standard's requirement to explain concentration effects on reaction rate."
HS-PS1-017,Gemini Flash 3,1,"The answer accurately explains that increasing concentration raises the reaction rate due to a higher frequency of particle collisions, satisfying the requirements of the HS-PS1-5 standard."
HS-PS1-019,Nemotron 3 Super 120b a12,1,"The answer accurately defines the equilibrium constant and correctly explains that K>1 indicates products are favored, which fully addresses the question."
HS-PS1-020,OSS 120b,1,"The answer correctly explains that raising a reactant concentration shifts the equilibrium toward products per Le Chatelier’s principle, fulfilling the standard."
HS-PS1-021,Nemotron 3 Super 120b a12,1,"The answer correctly applies Le Chatelier's principle, stating that increased pressure shifts equilibrium toward the side with fewer gas moles, which directly addresses the question."
HS-PS1-020,Nemotron 3 Super 120b a12,1,"The answer correctly applies Le Chatelier's principle, stating that increasing a reactant concentration shifts the equilibrium forward to produce more products, which directly addresses the question and meets the standard's intent."
HS-PS1-022,Nemotron 3 Super 120b a12,1,"The answer accurately states that total mass of reactants equals total mass of products, fully addressing the law's claim about mass conservation in chemical reactions."
HS-PS1-021,OSS 120b,1,"The answer correctly explains that increasing pressure shifts equilibrium toward the side with fewer gas moles, fully addressing the question."
HS-PS1-020,Gemini Flash 3,1,The answer accurately applies Le Chatelier's Principle to explain that increasing reactant concentration shifts the equilibrium toward the products to alleviate the stress.
HS-PS1-018,Gemini Flash 3,1,"The reference answer provides a scientifically accurate and comprehensive definition of Le Chatelier's Principle, which is the fundamental concept required to meet the HS-PS1-6 standard."
HS-PS1-022,OSS 120b,1,"The answer correctly and completely states that the total mass of reactants equals the total mass of products, indicating mass is conserved in a chemical reaction."
HS-PS1-021,Gemini Flash 3,1,The answer accurately applies Le Chatelier's Principle to explain how the equilibrium position shifts in response to a pressure change in a gaseous system.
HS-PS1-023,OSS 120b,1,"The answer correctly explains that atom conservation means no atoms are created or destroyed, only rearranged, which fully addresses the question."
HS-PS1-023,Nemotron 3 Super 120b a12,1,"The answer correctly states that atom conservation means no atoms are created or destroyed and that reactant atoms are merely rearranged into products, which aligns with the standard's concept of conservation in chemical reactions."
HS-PS1-024,OSS 120b,1,"The answer correctly explains that changing subscripts changes the chemical identity, so only coefficients can be adjusted when balancing equations."
HS-PS1-024,Nemotron 3 Super 120b a12,1,"The answer correctly explains that altering a subscript changes the chemical identity of a substance, so only coefficients may be adjusted to balance equations without misrepresenting the chemicals, which aligns with the principle of atom conservation."
HS-PS1-023,Gemini Flash 3,1,The answer accurately explains the law of conservation of mass in the context of atoms by stating they are neither created nor destroyed but rearranged.
HS-PS1-025,Nemotron 3 Super 120b a12,1,"The answer accurately defines nuclear fission as the splitting of a heavy nucleus into smaller fragments with energy and neutron release, meeting the standard's expectation."
HS-PS1-022,Gemini Flash 3,1,"The answer accurately defines the Law of Conservation of Mass by stating that mass is neither created nor destroyed and that the mass of reactants equals the mass of products, which is the fundamental concept of the standard."
HS-PS1-025,Gemini Flash 3,1,"The answer accurately describes the splitting of a heavy nucleus, the formation of smaller nuclei, and the subsequent release of energy and neutrons, aligning perfectly with the HS-PS1-8 standard."
HS-PS1-027,Nemotron 3 Super 120b a12,1,"The answer correctly defines an alpha particle as a helium-4 nucleus emitted in radioactive decay, which fully addresses the question."
HS-PS1-025,OSS 120b,1,"The answer correctly defines nuclear fission, describing the splitting of a heavy nucleus into smaller nuclei, the release of energy, and the emission of neutrons, which satisfies the standard."
HS-PS1-026,Nemotron 3 Super 120b a12,1,"The answer correctly defines radioactive decay as a spontaneous process where an unstable nucleus loses energy by emitting radiation and transforms into a different nucleus, which captures the composition change and energy release required by HS‑PS1‑8."
HS-PS1-026,Gemini Flash 3,1,"The answer accurately defines radioactive decay, identifies the primary types of radiation, and notes the resulting transformation of the nucleus, which aligns with the requirements of the standard."
HS-PS1-026,OSS 120b,1,"The answer accurately defines radioactive decay, mentions it is spontaneous, involves unstable nuclei, releases energy via alpha, beta, or gamma emission, and results in a different nucleus, meeting the standard."
HS-PS1-019,Gemini Flash 3,1,The answer provides a scientifically accurate definition of the equilibrium constant and correctly identifies that a K value greater than 1 signifies that products are favored at equilibrium.
HS-PS1-027,OSS 120b,1,"The answer correctly defines an alpha particle and notes its composition as a helium-4 nucleus, fully addressing the question."
HS-PS1-024,Gemini Flash 3,1,"The answer correctly explains that subscripts define the identity of a chemical substance, and changing them would describe a different reaction rather than balancing the existing one."
HS-PS1-028,Nemotron 3 Super 120b a12,1,"The answer correctly defines nuclear binding energy as the energy required to separate nucleons, notes it is released upon formation, and explains its role in holding the nucleus together, which adequately addresses the question."
HS-PS1-028,OSS 120b,1,"The answer correctly defines binding energy as the energy needed to separate nucleons and the energy released upon formation, which fully addresses the question."
HS-PS1-029,Nemotron 3 Super 120b a12,1,"The answer correctly states that elements in the same group share the same number of valence electrons, which governs their chemical behavior, aligning with HS‑PS1‑1."
HS-PS1-028,Gemini Flash 3,1,The answer provides a scientifically accurate definition of nuclear binding energy that encompasses both the energy needed to disassemble a nucleus and the energy released upon its formation.
HS-PS1-029,OSS 120b,1,"The answer correctly explains that shared valence electron count gives similar chemical behavior, which fully addresses the question."
HS-PS1-029,Gemini Flash 3,1,"The answer accurately identifies that valence electrons govern chemical reactivity and that their consistent number within a group leads to similar chemical properties, aligning perfectly with the HS-PS1-1 standard."
HS-PS1-030,Nemotron 3 Super 120b a12,1,"The answer correctly explains that increasing protons add nuclear charge while electrons fill the same energy level, pulling the outer electrons closer and reducing atomic radius."
HS-PS1-030,OSS 120b,1,"The answer correctly explains that increased nuclear charge with electrons added to the same shell raises effective nuclear attraction, pulling electrons inward and decreasing atomic radius."
HS-PS1-031,OSS 120b,1,"The answer correctly explains that left‑side metals have few valence electrons and lower energy cost to lose them to achieve a full outer shell, which addresses the question per the standard."
HS-PS1-031,Nemotron 3 Super 120b a12,1,"The answer correctly explains that left‑side metals have few valence electrons, low ionization energy, and achieve stability by losing electrons to fill their outer shell."
HS-PS1-031,Gemini Flash 3,1,"The answer accurately explains that metals on the left have few valence electrons and that losing them is energetically favorable to achieve a stable octet, which aligns with the HS-PS1-1 standard."
HS-PS1-032,OSS 120b,1,"The answer correctly explains that increasing nuclear charge across a period strengthens the attraction to valence electrons, raising ionization energy."
HS-PS1-030,Gemini Flash 3,1,The answer accurately explains the trend in atomic radius by referencing the increase in nuclear charge and constant shielding within the same energy level.
HS-PS1-032,Nemotron 3 Super 120b a12,1,"The answer correctly states that increasing nuclear charge across a period, with no new electron shell, strengthens the pull on valence electrons, thus requiring more energy to remove them."
HS-PS1-032,Gemini Flash 3,1,"The answer accurately explains the trend in ionization energy by connecting increased nuclear charge and constant shielding to the strength of attraction on valence electrons, which aligns with HS-PS1-1."
HS-PS1-033,Nemotron 3 Super 120b a12,1,"The answer correctly explains that noble gases are unreactive due to a full outermost energy level, which matches the standard's focus on electron patterns determining reactivity."
HS-PS1-033,OSS 120b,1,"The answer correctly explains that noble gases have a full valence shell, giving them maximum stability and thus low reactivity, which aligns with the standard."
HS-PS1-034,OSS 120b,1,"The answer correctly explains that noble gases have a complete valence shell, making them stable and unlikely to gain, lose, or share electrons, which fully addresses why they rarely form bonds."
HS-PS1-034,Nemotron 3 Super 120b a12,1,"The answer correctly explains that noble gases have a full outermost electron shell, which gives them exceptional stability and little tendency to gain, lose, or share electrons, thus rarely forming bonds."
HS-PS1-033,Gemini Flash 3,1,"The answer accurately explains that the unreactivity of noble gases is due to their full valence electron shells, which is the specific mechanism required by the HS-PS1-1 standard."
HS-PS1-035,Nemotron 3 Super 120b a12,1,"The answer correctly describes the electron transfer and resulting stable octet, which explains the vigorous reaction."
HS-PS1-035,OSS 120b,1,"The answer correctly explains the vigorous reaction by describing the valence electron configurations of Na and Cl, the electron transfer to achieve full shells, and the energy release that drives the reaction."
HS-PS1-034,Gemini Flash 3,1,"The answer correctly identifies that a full valence shell leads to chemical stability and a lack of reactivity, which aligns with the requirements of the HS-PS1-2 standard."
HS-PS1-036,Nemotron 3 Super 120b a12,1,"The answer correctly identifies that identical valence electron counts lead to similar bonding behavior and compound formulas, satisfying the standard's focus on outermost electron states explaining chemical similarities."
HS-PS1-036,OSS 120b,1,"The answer correctly links shared valence electron counts to similar bonding behavior and compound formation, satisfying the standard."
HS-PS1-035,Gemini Flash 3,1,"The answer accurately explains the reaction using valence electron states and the octet rule, which are central to the HS-PS1-2 standard."
HS-PS1-036,Gemini Flash 3,1,"The answer accurately identifies that valence electron configurations determine chemical bonding behavior and the resulting stoichiometry of compounds, which aligns with the HS-PS1-2 standard."
HS-PS1-037,OSS 120b,1,The answer correctly explains that fluorine’s higher electronegativity—due to more protons and a smaller atomic radius—gives it a stronger pull on shared electrons.
HS-PS1-038,Nemotron 3 Super 120b a12,1,"The answer correctly links higher melting points to greater energy needed to overcome stronger electrostatic attractions between particles, which aligns with the standard’s goal of inferring force strength from bulk-scale observations."
HS-PS1-038,OSS 120b,1,"The answer correctly explains that higher melting points reflect stronger electrostatic attractions that require more energy to break, directly answering the question."
HS-PS1-037,Nemotron 3 Super 120b a12,1,"The answer correctly attributes fluorine's stronger electron pull to its higher effective nuclear charge and smaller atomic radius, which yields greater electronegativity than oxygen."
HS-PS1-037,Gemini Flash 3,1,"The answer accurately attributes fluorine's higher electronegativity to its greater nuclear charge and smaller atomic radius compared to oxygen, which aligns with periodic trend explanations required by the standard."
HS-PS1-039,OSS 120b,1,"The answer correctly explains that the strong ionic bonds in NaCl create a solid, whereas weaker intermolecular forces in rubbing alcohol result in a liquid at room temperature."
HS-PS1-038,Gemini Flash 3,1,"The answer correctly identifies that higher melting points reflect a greater requirement for thermal energy to overcome the electrostatic attractions between particles, which is a direct application of standard HS-PS1-3."
HS-PS1-040,OSS 120b,1,"The answer correctly explains that hardness reflects the strength of electrical forces holding particles together, linking harder materials to stronger forces and softer materials to weaker ones."
HS-PS1-039,Gemini Flash 3,1,"The answer accurately attributes the difference in physical states to the relative strengths of ionic bonds versus intermolecular forces, which directly aligns with the standard's focus on electrical forces between particles."
HS-PS1-041,OSS 120b,1,The answer correctly explains that hydrogen bonding—strong intermolecular electrical attractions—causes water’s higher boiling point relative to similar-sized molecules.
HS-PS1-040,Gemini Flash 3,1,The answer accurately explains how bulk hardness relates to the strength of electrical forces between particles by describing the resistance to particle displacement.
HS-PS1-039,Nemotron 3 Super 120b a12,1,"The answer correctly explains that NaCl’s solid state results from strong ionic (electrical) forces, while rubbing alcohol’s liquid state arises from weaker intermolecular forces, directly connecting bulk-scale observations to the strength of electrical forces between particles."
HS-PS1-041,Nemotron 3 Super 120b a12,1,"The answer correctly explains that hydrogen bonding—a strong electrostatic attraction between molecules—accounts for water's unusually high boiling point, directly linking molecular structure to the strength of electrical forces as required by HS-PS1-3."
HS-PS1-040,Nemotron 3 Super 120b a12,1,"The answer correctly links hardness to the strength of interparticle electrical forces, explaining that stronger forces yield greater hardness and weaker forces yield softer materials, which aligns with the standard's goal of inferring force strength from bulk properties."
HS-PS1-041,Gemini Flash 3,1,The answer accurately identifies hydrogen bonding as the specific intermolecular force responsible for water's high boiling point and correctly links these electrical attractions to the energy required for the phase change.
HS-PS1-042,OSS 120b,1,"The answer correctly explains that breaking bonds requires input energy to overcome attractive forces, while forming bonds releases energy as atoms reach a lower-energy, more stable state."
HS-PS1-043,OSS 120b,1,"The answer correctly explains that exothermic reactions release net energy because product bonds are stronger (lower energy) than reactant bonds, and the excess energy is transferred to the surroundings."
HS-PS1-043,Nemotron 3 Super 120b a12,1,"The answer correctly states that exothermic reactions release more energy forming stronger bonds than is needed to break reactant bonds, with the excess released as heat, which directly addresses the question."
HS-PS1-042,Nemotron 3 Super 120b a12,1,"The answer correctly explains that breaking bonds requires overcoming attractive forces while forming bonds releases energy due to a lower‑energy stable arrangement, which aligns with the concept of energy changes from bond energy."
HS-PS1-044,OSS 120b,1,"The answer correctly explains that net energy is absorbed because bond breaking requires more energy than bond formation releases, causing heat to be drawn from the surroundings and making the reaction feel cold."
HS-PS1-042,Gemini Flash 3,1,"The answer accurately explains the energetic costs and gains associated with bond breaking and formation, aligning with the core concepts of bond energy required by the standard."
HS-PS1-045,OSS 120b,1,"The answer correctly explains that stronger bonds correspond to lower-energy, more stable configurations, while weaker bonds store more potential energy, matching the standard."
HS-PS1-044,Nemotron 3 Super 120b a12,1,"The answer correctly explains that endothermic reactions absorb more energy to break bonds than they release forming new bonds, drawing heat from the surroundings."
HS-PS1-043,Gemini Flash 3,1,The answer accurately explains that an exothermic reaction results from the net release of energy when stronger product bonds are formed compared to the reactant bonds broken.
HS-PS1-046,OSS 120b,1,"The answer correctly explains that higher temperature increases kinetic energy, collision frequency, and the proportion of collisions that exceed activation energy, fully addressing the question."
HS-PS1-044,Gemini Flash 3,1,"The answer accurately explains that endothermic reactions require a net input of energy because bond-breaking requires more energy than bond-forming releases, leading to energy absorption from the surroundings."
HS-PS1-046,Nemotron 3 Super 120b a12,1,"The answer correctly states that higher temperature increases particles' kinetic energy, collision frequency, and the fraction of collisions with sufficient energy to overcome the activation barrier, which fully addresses the effect of temperature on reaction rate as required by HS-PS1-5."
HS-PS1-047,OSS 120b,1,"The answer correctly explains that lower temperature reduces kinetic energy, leading to fewer and less energetic collisions, which decreases reaction rate, meeting the standard."
HS-PS1-045,Nemotron 3 Super 120b a12,1,"The answer correctly explains that stronger bonds correspond to a lower-energy, more stable configuration and thus store less potential energy, aligning with the standard's focus on bond‑energy changes determining energy release or absorption."
HS-PS1-045,Gemini Flash 3,1,The answer accurately describes the inverse relationship between bond strength and potential energy and correctly identifies that energy release occurs when weak bonds are replaced by stronger ones.
HS-PS1-048,OSS 120b,1,"The answer correctly explains that a minimum energy (activation energy) is required to break bonds and form products, and collisions with less energy fail to react."
HS-PS1-047,Nemotron 3 Super 120b a12,1,"The answer correctly describes how lowering temperature reduces kinetic energy, decreasing both collision frequency and the fraction of collisions with enough energy to overcome activation energy, thereby slowing the reaction rate."
HS-PS1-046,Gemini Flash 3,1,"The answer accurately addresses both the increased frequency of collisions and the increased fraction of collisions that exceed the activation energy, which are the key scientific principles required by the standard."
HS-PS1-048,Nemotron 3 Super 120b a12,1,The answer correctly explains activation energy and why insufficient energy leads to non‑reactive collisions.
HS-PS1-049,OSS 120b,1,"The answer correctly explains that dilution reduces reactant concentration, leading to fewer collisions and thus a slower reaction rate, meeting the standard."
HS-PS1-049,Nemotron 3 Super 120b a12,1,"The answer correctly explains that dilution lowers reactant concentration, reducing collision frequency and thus reaction rate, which directly addresses the effect of concentration on reaction rate as required by the standard."
HS-PS1-050,OSS 120b,1,"The answer correctly explains that adding reactant raises collision frequency, speeds the forward reaction, and shifts equilibrium toward more products, which aligns with the standard."
HS-PS1-048,Gemini Flash 3,1,The answer accurately identifies activation energy as the required energy barrier to break chemical bonds and correctly explains that insufficient energy results in non-reactive collisions.
HS-PS1-049,Gemini Flash 3,1,"The answer accurately explains the relationship between dilution, concentration, collision frequency, and reaction rate according to collision theory."
HS-PS1-051,OSS 120b,1,"The answer correctly explains that removing product decreases its concentration, and Le Chatelier’s principle predicts the equilibrium shifts forward to produce more product."
HS-PS1-050,Nemotron 3 Super 120b a12,1,"The answer correctly uses collision theory to note that added reactant increases forward reaction rate, causing a net shift toward products to re‑establish equilibrium, which aligns with Le Chatelier’s principle for HS‑PS1‑6."
HS-PS1-050,Gemini Flash 3,1,The answer accurately explains the mechanism of increased collision frequency leading to a faster forward reaction rate and the subsequent shift in equilibrium to produce more products.
HS-PS1-051,Nemotron 3 Super 120b a12,1,"The answer correctly explains that lowering product concentration shifts equilibrium forward per Le Chatelier's Principle, which aligns with the standard."
HS-PS1-052,OSS 120b,1,"The answer correctly explains that heat is a reactant in an endothermic reaction, so raising temperature adds heat and shifts equilibrium toward the products, increasing product yield."
HS-PS1-051,Gemini Flash 3,1,The answer correctly applies Le Chatelier's Principle to explain how decreasing product concentration shifts the equilibrium to favor the forward reaction.
HS-PS1-052,Nemotron 3 Super 120b a12,1,"The answer correctly applies Le Chatelier's principle by treating heat as a reactant in an endothermic reaction and explains that increasing temperature shifts equilibrium toward the products, which adequately addresses the question."
HS-PS1-053,OSS 120b,1,"The answer correctly explains that decreasing volume raises pressure and the system shifts toward the side with fewer gas moles to relieve the pressure increase, matching the principle."
HS-PS1-053,Nemotron 3 Super 120b a12,1,"The answer correctly explains that decreasing volume raises pressure and the equilibrium shifts toward the side with fewer gas moles to relieve that pressure, aligning with Le Chatelier's principle for HS-PS1-6."
HS-PS1-054,Nemotron 3 Super 120b a12,1,"The answer correctly states the conservation of atoms and explains why counts must match, fully addressing the question."
HS-PS1-054,OSS 120b,1,"The answer correctly explains that atoms are conserved and merely rearranged, so the atom count must be equal on both sides."
HS-PS1-052,Gemini Flash 3,1,The answer accurately applies Le Chatelier's Principle by treating heat as a reactant in an endothermic reaction to explain why increasing temperature shifts equilibrium toward the products.
HS-PS1-053,Gemini Flash 3,1,The answer accurately explains Le Chatelier's Principle in the context of pressure and volume changes for a high-school level science standard.
HS-PS1-054,Gemini Flash 3,1,"The reference answer correctly explains the Law of Conservation of Mass as the reason for equal atom counts, which aligns perfectly with the conceptual requirements of standard HS-PS1-7."
HS-PS1-055,OSS 120b,1,"The answer correctly explains that mass is conserved because atoms are neither created nor destroyed, which directly addresses the question and aligns with the standard."
HS-PS1-056,Nemotron 3 Super 120b a12,1,"The answer correctly explains that balancing ensures equal atom counts on both sides, which mathematically demonstrates mass conservation."
HS-PS1-055,Nemotron 3 Super 120b a12,1,"The answer correctly states that mass is conserved because atoms are neither created nor destroyed, which directly supports the claim of mass conservation in chemical reactions as required by HS‑PS1-7."
HS-PS1-055,Gemini Flash 3,1,The answer accurately explains that mass is conserved in a chemical reaction because the number and type of atoms remain constant throughout the rearrangement process.
HS-PS1-056,OSS 120b,1,"The answer correctly explains that balancing an equation equalizes the number of atoms of each element on both sides, which implies equal total mass and thus demonstrates mass conservation."
HS-PS1-057,Nemotron 3 Super 120b a12,1,"The answer correctly explains that apparent mass loss is due to gaseous products escaping, and notes that measuring all reactants and products would show mass conservation, aligning with HS‑PS1‑7."
HS-PS1-056,Gemini Flash 3,1,The answer accurately explains the conceptual and logical link between the conservation of atoms in a balanced equation and the resulting conservation of mass.
HS-PS1-057,OSS 120b,1,"The answer correctly explains that the apparent loss of mass is due to gaseous products escaping, and that total mass is conserved when all reactants and products are accounted for."
HS-PS1-058,OSS 120b,1,"The answer correctly explains that fusion releases energy due to the mass defect and conversion to energy via E=mc², which is the key concept needed."
HS-PS1-057,Gemini Flash 3,1,"The answer accurately explains that the apparent mass loss is due to the formation of gaseous products that escape, while affirming that total mass is conserved if all reactants and products are accounted for."
HS-PS1-059,OSS 120b,1,"The answer correctly explains that alpha emission removes four nucleons, reducing the mass number by 4, while beta decay only changes a neutron to a proton (or vice versa) without changing the total nucleon count, so the mass number stays the same."
HS-PS1-058,Nemotron 3 Super 120b a12,1,"The answer correctly attributes the large energy release in fusion to the mass defect converted to energy via E=mc², which fully addresses why no chemical bonds are needed."
HS-PS1-059,Nemotron 3 Super 120b a12,1,"The answer correctly states that alpha decay emits an alpha particle (2 protons + 2 neutrons) reducing the mass number by 4, while beta decay only converts a neutron to a proton (or vice versa), leaving the total nucleon count unchanged."
HS-PS1-058,Gemini Flash 3,1,"The answer accurately explains that nuclear fusion releases energy through the conversion of mass defect into energy as described by E=mc², which is the fundamental mechanism for energy release in nuclear processes."
HS-PS1-060,OSS 120b,1,The answer correctly identifies neon as the less reactive material and explains using valence electron configurations as required by the standard.
HS-PS1-060,Nemotron 3 Super 120b a12,1,"The answer correctly identifies neon's full valence shell as the reason for its low reactivity and contrasts it with sulfur's valence electrons, satisfying HS-PS1-1."
HS-PS1-061,OSS 120b,1,The answer correctly identifies Group 1 alkali metals and explains that their single valence electron is readily lost to form a stable +1 ion.
HS-PS1-060,Gemini Flash 3,1,"The answer correctly identifies neon's stability based on its full outer electron shell compared to sulfur's reactivity, directly addressing the periodic table trends required by the standard."
HS-PS1-059,Gemini Flash 3,1,The answer accurately explains the change in nucleon count for alpha decay and the conservation of total nucleons during the conversion process in beta decay.
HS-PS1-061,Nemotron 3 Super 120b a12,1,"The answer correctly identifies Group 1 elements as having a single valence electron that is readily lost to form a +1 ion, which directly reflects the valence‑electron pattern required by HS‑PS1‑1."
HS-PS1-062,Nemotron 3 Super 120b a12,1,"The answer correctly identifies potassium as most reactive due to decreasing effective nuclear charge on the outermost electron down Group 1, aligning with the standard’s focus on predicting properties from electron patterns."
HS-PS1-062,OSS 120b,1,The answer correctly identifies potassium as the most reactive and explains it using the periodic trend of decreasing outer‑electron attraction down Group 1.
HS-PS1-063,OSS 120b,1,"The answer correctly identifies chlorine as more likely to gain an electron due to its 7 valence electrons and explains that magnesium tends to lose its 2 valence electrons, matching the standard."
HS-PS1-063,Nemotron 3 Super 120b a12,1,"The answer correctly identifies chlorine’s greater tendency to gain an electron due to its 7 valence electrons, while magnesium tends to lose its 2 valence electrons."
HS-PS1-062,Gemini Flash 3,1,The answer accurately identifies potassium as the most reactive and correctly explains the trend based on atomic structure and the ease of losing a valence electron as distance from the nucleus increases.
HS-PS1-064,OSS 120b,1,"The answer correctly explains that fluorine’s valence electrons are closer to the nucleus (top of Group 17), giving it a greater tendency to attract electrons and be a stronger oxidizing agent."
HS-PS1-065,Nemotron 3 Super 120b a12,1,"The answer correctly predicts KCl formation and explains the reaction's readiness via electron transfer to achieve full outer shells, aligning with HS‑PS1‑2."
HS-PS1-065,OSS 120b,1,The answer correctly identifies KCl as the product and explains that electron transfer to achieve full outer shells drives the favorable reaction.
HS-PS1-064,Nemotron 3 Super 120b a12,1,"The answer correctly explains that fluorine’s valence electrons are closer to the nucleus than iodine’s, giving it a greater tendency to attract electrons and thus making it the stronger oxidizing agent, which aligns with the periodic table’s trend."
HS-PS1-064,Gemini Flash 3,1,The answer correctly identifies fluorine's higher oxidizing strength by linking its position in the periodic table to its atomic structure and ability to attract electrons.
HS-PS1-065,Gemini Flash 3,1,"The answer accurately identifies the product and explains the reaction mechanism based on the valence electron states and the octet rule, which is appropriate for the HS-PS1-2 standard."
HS-PS1-066,Nemotron 3 Super 120b a12,1,"The answer correctly explains that fluorine’s outermost electrons are closer to the nucleus and less shielded, giving it a stronger attraction for electrons (higher electronegativity) than iodine, which accounts for the observed difference in reactivity with hydrogen."
HS-PS1-066,OSS 120b,1,"The answer correctly links the closer, less shielded outer electrons of fluorine to its stronger electron attraction and higher reactivity compared to the more distant, shielded electrons of iodine."
HS-PS1-066,Gemini Flash 3,1,"The answer accurately explains the difference in reactivity by relating the principal energy levels and shielding to the atoms' ability to attract electrons, which is central to the HS-PS1-2 standard."
HS-PS1-067,OSS 120b,0,"The answer misstates CO's bonding, claiming carbon's bonding capacity is unsatisfied, which is inaccurate, so the explanation is misleading and incomplete."
HS-PS1-068,Nemotron 3 Super 120b a12,1,"The answer correctly explains that cesium's outer electron is farther from the nucleus and more shielded, making it easier to lose and thus more reactive with oxygen."
HS-PS1-068,OSS 120b,1,"The answer correctly explains that cesium’s larger atomic size and greater shielding lower its ionization energy, making it lose its outer electron more easily and react more vigorously with oxygen."
HS-PS1-068,Gemini Flash 3,1,The answer accurately explains the trend in reactivity for alkali metals by correctly identifying how atomic radius and shielding affect ionization energy down a group.
HS-PS1-069,Nemotron 3 Super 120b a12,1,"The answer correctly states that argon's full valence shell prevents electron exchange, explaining its lack of reaction with chlorine under normal conditions."
HS-PS1-067,Nemotron 3 Super 120b a12,0,"The reference answer incorrectly states that carbon in CO does not fully satisfy its bonding capacity and ignores that CO also meets the octet rule, undermining the explanation despite correctly identifying CO₂ as more stable."
HS-PS1-069,OSS 120b,1,"The answer correctly predicts no reaction and explains it by referencing argon's complete valence shell and lack of tendency to gain, lose, or share electrons."
HS-PS1-069,Gemini Flash 3,1,"The answer accurately predicts the lack of reactivity based on argon's full valence shell, which is the primary explanation required by the standard."
HS-PS1-067,Gemini Flash 3,1,The answer correctly identifies CO₂ as the more stable product and provides a clear explanation based on carbon's valence electrons and the typical pattern of carbon forming four covalent bonds to reach its most stable state.
HS-PS1-070,Nemotron 3 Super 120b a12,1,The answer correctly links the higher melting point of substance A to stronger electrical forces between its particles and explains why more thermal energy is needed.
HS-PS1-070,OSS 120b,1,"The answer correctly states that a higher melting point implies stronger electrical (intermolecular/ionic) forces between particles, which aligns with the standard."
HS-PS1-070,Gemini Flash 3,1,"The answer accurately explains the relationship between a bulk property (melting point) and the strength of the underlying electrical forces, aligning perfectly with the standard."
HS-PS1-071,Nemotron 3 Super 120b a12,1,The answer correctly links the observed melting behavior to the relative strength of electrical forces (weak intermolecular forces in wax vs strong metallic bonding in iron) and thus addresses the standard.
HS-PS1-071,OSS 120b,1,"The answer correctly links the observed melting behavior to weaker intermolecular forces in wax versus strong metallic bonding in iron, satisfying the standard."
HS-PS1-071,Gemini Flash 3,1,"The answer correctly identifies that lower melting points indicate weaker intermolecular forces while higher melting points indicate stronger atomic/metallic forces, directly addressing the relationship between bulk properties and particle-level forces."
HS-PS1-072,Nemotron 3 Super 120b a12,1,"The answer correctly states that faster evaporation indicates weaker intermolecular (electrical) forces, while slower evaporation indicates stronger forces, directly addressing the question."
HS-PS1-072,OSS 120b,1,"The answer correctly links faster evaporation to weaker intermolecular (electrical) forces and slower evaporation to stronger forces, fully addressing the question."
HS-PS1-073,Nemotron 3 Super 120b a12,1,The answer correctly identifies the substance as ionic and explains that its dissolution and conductivity imply strong electrostatic attractions between oppositely charged ions.
HS-PS1-072,Gemini Flash 3,1,"The answer correctly identifies the inverse relationship between evaporation rate and the strength of intermolecular forces, which directly addresses the inference required by the standard."
HS-PS1-073,Gemini Flash 3,1,The answer accurately identifies that conductivity in solution and solubility characterize ionic bonds and correctly links these bulk properties to strong electrostatic forces between particles.
HS-PS1-074,Nemotron 3 Super 120b a12,1,"The answer correctly states that the energy released from forming bonds in products exceeds the energy needed to break bonds in reactants, explaining the exothermic nature of methane combustion."
HS-PS1-073,OSS 120b,1,The answer correctly links solubility and conductivity to an ionic compound and infers that the solid is held together by strong electrostatic forces between ions.
HS-PS1-074,OSS 120b,1,"The answer correctly states that the total energy of bonds formed exceeds the energy required to break the original bonds, explaining the exothermic heat release."
HS-PS1-075,Nemotron 3 Super 120b a12,1,"The answer correctly identifies the reaction as endothermic, explains that breaking bonds requires more energy than forming bonds releases, and links this to the observed cooling of the flask, satisfying the standard."
HS-PS1-074,Gemini Flash 3,1,"The answer accurately explains that an exothermic reaction occurs when the energy released during bond formation exceeds the energy required to break the initial bonds, directly addressing the core concept of standard HS-PS1-4."
HS-PS1-075,OSS 120b,1,"The answer correctly explains, using bond energy, that more energy is needed to break reactant bonds than is released forming product bonds, causing heat absorption and a cold flask."
HS-PS1-075,Gemini Flash 3,1,The answer correctly identifies the reaction as endothermic and accurately explains the relationship between bond-breaking energy and bond-forming energy as required by the standard.
HS-PS1-076,Nemotron 3 Super 120b a12,1,"The answer correctly identifies that breaking N₂'s strong triple bond requires a large energy input (~945 kJ/mol), explaining that reactions starting with N₂ need significant energy to proceed, which aligns with the bond‑energy principle in HS‑PS1-4."
HS-PS1-076,Gemini Flash 3,1,The reference answer correctly identifies that breaking the strong triple bond in nitrogen requires significant energy and accurately explains how this results in high activation energy for reactions using nitrogen gas as a reactant.
HS-PS1-076,OSS 120b,1,"The answer correctly states that breaking N₂’s triple bond requires a large amount of energy and explains that reactions starting with N₂ need significant energy input, fully addressing the question."
HS-PS1-077,Nemotron 3 Super 120b a12,1,"The answer correctly identifies Fuel B as having a greater bond energy difference because its larger exothermic release indicates stronger bonds formed relative to bonds broken, aligning with bond energy concepts."
HS-PS1-078,Nemotron 3 Super 120b a12,1,"The answer correctly explains that higher temperature increases particle kinetic energy, leading to more frequent and energetic collisions, which raises the reaction rate, producing brighter light that is consumed more quickly, aligning with HS-PS1-5."
HS-PS1-077,OSS 120b,1,"The answer correctly identifies Fuel B as having the larger bond energy difference, explaining that its greater energy release reflects a larger net difference between bonds broken and formed."
HS-PS1-078,OSS 120b,1,"The answer correctly explains that increased temperature raises kinetic energy, leading to more frequent/forceful collisions, accelerating the reaction, which makes the glow stick brighter and causes it to fade faster."
HS-PS1-077,Gemini Flash 3,1,"The answer correctly identifies Fuel B as having the greater difference and explains this difference using the relative strengths of bonds broken versus bonds formed, which aligns with the net energy release of the reactions."
HS-PS1-079,Nemotron 3 Super 120b a12,1,"The answer correctly explains that lowering temperature reduces molecular kinetic energy, decreasing collision frequency and force, thereby slowing the oxidation reaction, which aligns with HS-PS1-5."
HS-PS1-078,Gemini Flash 3,1,The answer accurately applies kinetic molecular theory and collision theory to explain how increased temperature leads to a faster reaction rate and brighter light.
HS-PS1-079,OSS 120b,1,"The answer correctly explains that refrigeration lowers temperature, decreasing kinetic energy and collision frequency/energy, thus slowing the oxidation reaction that causes browning."
HS-PS1-080,Nemotron 3 Super 120b a12,1,"The answer correctly explains that increasing reactant concentration raises collision frequency and thus reaction rate, which aligns with the standard's focus on concentration effects on reaction rates."
HS-PS1-079,Gemini Flash 3,1,"The answer accurately applies collision theory by connecting lower temperature to reduced kinetic energy, collision frequency, and collision force, which correctly explains the slowed reaction rate."
HS-PS1-080,OSS 120b,1,"The answer correctly explains that doubling the concentration increases particle collisions and thus raises the reaction rate, which directly answers the question."
HS-PS1-081,Nemotron 3 Super 120b a12,1,"The answer correctly explains that raising temperature increases kinetic energy, leading to more frequent and energetic collisions, which raises the reaction rate."
HS-PS1-080,Gemini Flash 3,1,"The answer accurately applies collision theory to explain how increasing concentration results in a higher frequency of collisions and a faster reaction rate, fulfilling the requirements of the standard."
HS-PS1-081,OSS 120b,1,"The answer correctly states that raising temperature increases kinetic energy, leading to more frequent and energetic collisions, thus increasing the reaction (production) rate."
HS-PS1-081,Gemini Flash 3,1,"The answer accurately applies collision theory and kinetic molecular theory to explain how increasing temperature leads to a faster reaction rate, fully addressing the requirements of standard HS-PS1-5."
HS-PS1-082,Nemotron 3 Super 120b a12,1,"The answer correctly states that high pressure favors ammonia production because the reaction reduces total gas moles (4 → 2), shifting equilibrium toward products per Le Chatelier's principle."
HS-PS1-082,OSS 120b,1,"The answer correctly states that high pressure favors ammonia formation due to the reduction in gas moles, fully addressing the question."
HS-PS1-083,Nemotron 3 Super 120b a12,1,"The answer correctly states that increasing temperature favors the endothermic forward reaction, producing more SO₃."
HS-PS1-083,OSS 120b,1,"The answer correctly states that increasing temperature shifts the equilibrium toward the endothermic forward reaction, producing more SO₃."
HS-PS1-082,Gemini Flash 3,1,The answer correctly identifies high pressure as the optimal condition and provides an accurate explanation based on the molar ratio of reactants to products and Le Chatelier's Principle.
HS-PS1-084,Nemotron 3 Super 120b a12,1,"The answer correctly applies Le Chatelier's principle, stating that removing water vapor shifts the equilibrium to the right, thereby increasing overall CH₄ production."
HS-PS1-085,Nemotron 3 Super 120b a12,1,"Lowering the temperature favors the exothermic forward reaction, shifting equilibrium to the right and increasing the yield of C, which correctly answers the question."
HS-PS1-084,Gemini Flash 3,1,The answer accurately applies Le Chatelier's Principle to explain how removing a product shifts the equilibrium to favor the production of more products.
HS-PS1-084,OSS 120b,1,"The answer correctly explains that removing the product (water) shifts the equilibrium toward the right, increasing overall CH₄ production, which fully addresses the question."
HS-PS1-085,OSS 120b,1,"The answer correctly states that lowering temperature shifts the equilibrium toward the exothermic forward reaction, increasing C yield."
HS-PS1-086,Nemotron 3 Super 120b a12,1,"The answer correctly applies conservation of mass: 4 g H₂ + 32 g O₂ = 36 g H₂O, which matches the stoichiometric calculation and satisfies the standard."
HS-PS1-085,Gemini Flash 3,1,"The answer correctly applies Le Chatelier's Principle, explaining that lowering the temperature favors the exothermic forward reaction, thereby increasing the yield of product C."
HS-PS1-083,Gemini Flash 3,1,"The answer correctly applies Le Chatelier's Principle, stating that increasing the temperature of an endothermic reaction shifts the equilibrium toward the products."
HS-PS1-087,Nemotron 3 Super 120b a12,1,The answer correctly explains the mass increase due to oxygen incorporation and notes conservation of mass when accounting for reactants from air.
HS-PS1-086,OSS 120b,1,"The answer correctly applies conservation of mass, giving the correct product mass of 36 g, which fully answers the question."
HS-PS1-086,Gemini Flash 3,1,"The answer correctly applies the law of conservation of mass by summing the masses of the reactants, which align with the stoichiometric requirements for the formation of water."
HS-PS1-087,OSS 120b,1,"The answer correctly explains that Mg combined with oxygen from the air, increasing mass, and notes that total mass is conserved when the added oxygen is considered."
HS-PS1-088,Nemotron 3 Super 120b a12,1,"The answer correctly applies stoichiometry to find 44 g CO₂ and 36 g H₂O, sums them to 80 g, and explicitly links this to mass conservation, fulfilling HS‑PS1‑7."
HS-PS1-088,OSS 120b,1,The answer correctly calculates the total product mass (80 g) using stoichiometry and conservation of mass.
HS-PS1-087,Gemini Flash 3,1,The answer correctly explains that the mass increase is due to the addition of oxygen from the air and confirms that mass is conserved when all reactants are accounted for.
HS-PS1-088,Gemini Flash 3,1,The answer accurately applies the law of conservation of mass by demonstrating that the total mass of the reactants equals the total mass of the products.
HS-PS1-089,OSS 120b,1,The answer correctly predicts a mass increase of about 24 g by using the correct stoichiometric ratio.
HS-PS1-089,Nemotron 3 Super 120b a12,1,"The answer correctly applies the stoichiometry of the rusting reaction to show that 56 g of Fe reacts with about 24 g of O₂, producing roughly 80 g of Fe₂O₃, so the mass increases by about 24 g."
HS-PS1-090,Nemotron 3 Super 120b a12,1,"The answer correctly calculates that one‑quarter of the original carbon‑14 corresponds to two half‑lives (2 × 5,730 = 11,460 years), providing a complete and accurate solution."
HS-PS1-090,OSS 120b,1,"The answer correctly calculates that two half‑lives (2 × 5,730 yr) are needed to reduce carbon‑14 to one‑quarter, giving ~11,460 years, and provides the proper reasoning."
HS-PS1-089,Gemini Flash 3,1,The answer correctly applies stoichiometry and the law of conservation of mass to calculate that 56 grams of iron reacts with 24 grams of oxygen gas to produce 80 grams of rust.
HS-PS1-091,Nemotron 3 Super 120b a12,1,"The answer correctly describes the change from four protons to a helium-4 nucleus (2 protons, 2 neutrons) with positron/neutrino emission and explains energy release via the mass defect."
HS-PS1-090,Gemini Flash 3,1,The calculation correctly identifies that two half-lives are required to reach one-quarter of the original amount and accurately computes the age based on the provided half-life of carbon-14.
HS-PS1-091,Gemini Flash 3,1,The answer accurately identifies the change in nuclear composition and correctly attributes the energy release to the mass difference between the reactants and the product.
HS-PS1-092,OSS 120b,1,The answer correctly calculates Z=84 and A=218 for the alpha decay of Radon-222 and provides the appropriate daughter nucleus.
HS-PS1-091,OSS 120b,1,"The answer correctly describes the conversion of four protons into a helium-4 nucleus with two protons and two neutrons, mentions the emission of positrons and neutrinos, and explains that the mass defect is released as energy."
HS-PS1-092,Nemotron 3 Super 120b a12,1,"The answer correctly subtracts 2 from the atomic number and 4 from the mass number of radon-222, yielding polonium-218, which fully answers the question."
HS-PS1-092,Gemini Flash 3,1,The answer correctly identifies the reduction in atomic number and mass number for alpha decay and provides the accurate resulting values for Polonium-218.
HS-PS1-093,OSS 120b,1,The answer correctly calculates the remaining iodine-131 after 5 half-lives and accurately describes the nuclear change caused by beta decay.
HS-PS2-001,Nemotron 3 Super 120b a12,1,"The answer correctly states that acceleration doubles when force doubles at constant mass, directly reflecting Newton's second law."
HS-PS1-093,Nemotron 3 Super 120b a12,1,The calculation of remaining iodine-131 is correct and the description of beta decay accurately reflects the nuclear change and emission of a beta particle.
HS-PS2-001,OSS 120b,1,"The answer correctly states that acceleration doubles, accurately applying a = F/m and fully addressing the question."
HS-PS1-093,Gemini Flash 3,1,"The calculation correctly identifies 5 half-lives resulting in 1 mg remaining, and the description of beta decay accurately reflects the change in nuclear composition and particle emission."
HS-PS2-001,Gemini Flash 3,1,"The answer accurately applies Newton's second law, showing the direct proportionality between force and acceleration when mass is held constant."
HS-PS2-002,OSS 120b,1,The answer correctly defines macroscopic objects and explains that Newton's second law applies to everyday-sized objects rather than quantum-scale particles.
HS-PS2-003,Nemotron 3 Super 120b a12,1,"The answer correctly applies Newton's second law (F=ma) to show that zero net force results in zero acceleration, directly addressing the standard's focus on the force‑mass‑acceleration relationship."
HS-PS2-002,Gemini Flash 3,1,"The answer accurately defines macroscopic objects by their scale and correctly distinguishes them from quantum particles, where classical mechanics no longer applies."
HS-PS2-002,Nemotron 3 Super 120b a12,1,"The answer correctly states that Newton's second law accurately describes the motion of everyday-sized (macroscopic) objects, as opposed to subatomic or quantum-scale particles, which captures the intended meaning for the standard."
HS-PS2-003,OSS 120b,1,"The answer correctly states that zero net force implies zero acceleration, indicating the object remains at rest or moves at constant velocity, which fully addresses the question."
HS-PS2-003,Gemini Flash 3,1,"The answer correctly applies Newton's second law (F=ma) to show that a net force of zero results in zero acceleration, consistent with the standard's focus on the mathematical relationship between force and motion."
HS-PS2-004,OSS 120b,1,"The answer correctly and completely states that total momentum remains constant in the absence of net external forces, matching the conservation of momentum principle."
HS-PS2-004,Nemotron 3 Super 120b a12,1,"The answer accurately states that total momentum is conserved when no net external force acts, matching the HS‑PS2‑2 standard."
HS-PS2-005,Nemotron 3 Super 120b a12,1,"The answer correctly states that total momentum is conserved when there is no net external force, which aligns with HS‑PS2‑2."
HS-PS2-005,OSS 120b,1,"The answer correctly states that momentum is conserved when there is no net external force (i.e., the system is isolated), which fully addresses the condition asked."
HS-PS2-004,Gemini Flash 3,1,The answer accurately and completely states the law of conservation of momentum and includes the necessary condition regarding net external forces.
HS-PS2-006,OSS 120b,1,"The answer correctly defines an isolated system as one with only internal forces and no net external force, explaining why momentum is conserved."
HS-PS2-005,Gemini Flash 3,1,The answer accurately identifies that the absence of a net external force is the fundamental requirement for the conservation of momentum in a system.
HS-PS2-006,Nemotron 3 Super 120b a12,1,"The answer correctly defines an isolated system and explains why its total momentum remains constant, aligning with HS‑PS2‑2."
HS-PS2-006,Gemini Flash 3,1,"The answer correctly defines an isolated system by the absence of net external forces and explains how internal force cancellation leads to momentum conservation, which directly supports the requirements of HS-PS2-2."
HS-PS2-007,Nemotron 3 Super 120b a12,1,"The answer correctly provides the momentum conservation equation for two objects and defines all symbols, fully addressing the question."
HS-PS2-007,OSS 120b,1,The answer correctly states the conservation of momentum equation for two colliding objects and defines all variables.
HS-PS2-008,Nemotron 3 Super 120b a12,1,"The reference answer correctly states that momentum is conserved in both elastic and inelastic collisions while kinetic energy is conserved only in elastic collisions, directly addressing the difference."
HS-PS2-008,OSS 120b,1,"The answer correctly distinguishes elastic and inelastic collisions by stating that both conserve momentum while only elastic collisions also conserve kinetic energy, which fully addresses the question."
HS-PS2-008,Gemini Flash 3,1,"The answer accurately distinguishes between elastic and inelastic collisions by correctly stating that momentum is conserved in both, while kinetic energy is only conserved in elastic collisions."
HS-PS2-007,Gemini Flash 3,1,The formula correctly represents the principle of conservation of momentum for a two-body system as required by the HS-PS2-2 standard.
HS-PS2-009,Nemotron 3 Super 120b a12,1,"The reference answer correctly defines a perfectly inelastic collision and mentions momentum conservation, which is sufficient for the question."
HS-PS2-009,OSS 120b,1,"The answer correctly defines a perfectly inelastic collision, noting that objects stick together, momentum is conserved, and kinetic energy loss is maximal."
HS-PS2-009,Gemini Flash 3,1,"The answer accurately defines a perfectly inelastic collision by stating that objects stick together, momentum is conserved, and maximum kinetic energy is lost."
HS-PS2-010,OSS 120b,1,"The answer correctly defines the impulse-momentum theorem and provides the appropriate formula linking force, time, and change in momentum."
HS-PS2-010,Nemotron 3 Super 120b a12,1,The reference answer correctly states the impulse-momentum theorem (impulse equals change in momentum) and is sufficient for the high-school benchmark.
HS-PS2-011,Nemotron 3 Super 120b a12,1,"The answer correctly explains that for a given change in momentum, increasing collision time reduces average force because impulse (force×time) stays constant."
HS-PS2-011,OSS 120b,1,"The answer correctly states that a longer collision time reduces average force, referencing the constant impulse relationship."
HS-PS2-012,Nemotron 3 Super 120b a12,1,"The answer correctly defines a crumple zone as a deformable vehicle region that lengthens impact time to reduce force on occupants, which fully addresses the question."
HS-PS2-010,Gemini Flash 3,1,"The answer accurately defines the impulse-momentum theorem and provides the correct mathematical formula, which is the foundational concept for explaining how increasing collision time reduces impact force."
HS-PS2-013,Nemotron 3 Super 120b a12,1,"The answer correctly states that the SI unit of impulse is the newton‑second (N·s), equivalent to kg·m/s, fully addressing the question."
HS-PS2-012,OSS 120b,1,The answer accurately defines a crumple zone and explains its purpose of deforming to increase impact time and reduce force on occupants.
HS-PS2-011,Gemini Flash 3,1,"The answer correctly applies the impulse-momentum theorem to explain how increasing collision time reduces average force, which is the fundamental principle required by the standard."
HS-PS2-012,Gemini Flash 3,1,"The answer accurately defines crumple zones and correctly identifies the physics mechanism of increasing impact time to decrease force, which aligns perfectly with HS-PS2-3."
HS-PS2-013,OSS 120b,1,"The answer correctly identifies the SI unit of impulse as the newton-second (N·s) and provides the equivalent kg·m/s, fully addressing the question."
HS-PS2-014,OSS 120b,1,"The answer correctly explains that the air bag lengthens the deceleration time, reducing the force on the passenger, which aligns with the standard's focus on minimizing collision forces."
HS-PS2-014,Nemotron 3 Super 120b a12,1,"The answer correctly explains that an airbag lengthens deceleration time, thereby reducing average force and injury risk, aligning with HS‑PS2-3."
HS-PS2-013,Gemini Flash 3,1,The answer correctly identifies both the primary SI unit for impulse (N·s) and its equivalent base unit expression (kg·m/s).
HS-PS2-014,Gemini Flash 3,1,"The answer accurately applies the impulse-momentum theorem by explaining that increasing the time of impact reduces the average force, which is the fundamental principle addressed in standard HS-PS2-3."
HS-PS2-015,Gemini Flash 3,1,"The reference answer correctly provides the numerical value and the standard SI units for the universal gravitational constant, which is essential for applying Newton's Law of Gravitation as required by the standard."
HS-PS2-016,Nemotron 3 Super 120b a12,1,"The answer correctly states that doubling the distance reduces the gravitational force to one‑fourth, which follows from the inverse‑square law of gravitation."
HS-PS2-015,OSS 120b,1,The answer correctly provides both the numerical value and the correct SI unit for the universal gravitational constant.
HS-PS2-016,Gemini Flash 3,1,The answer accurately applies the inverse-square law of Newton's Law of Gravitation to correctly predict how force changes with distance.
HS-PS2-017,Nemotron 3 Super 120b a12,1,"The answer correctly states that gravitational force is always attractive whereas electrostatic force can be attractive or repulsive, directly addressing the key difference in interaction types."
HS-PS1-027,Gemini Flash 3,1,"The answer accurately describes the composition and source of an alpha particle, which is necessary for understanding radioactive decay as required by the standard."
HS-PS2-017,OSS 120b,1,"The answer correctly states that gravity is always attractive while electrostatic forces can be either attractive or repulsive, which directly addresses the key difference."
HS-PS2-017,Gemini Flash 3,1,The answer accurately describes the fundamental qualitative difference between the two forces as required by the standard's conceptual basis.
HS-PS2-015,Nemotron 3 Super 120b a12,1,The answer provides the correct numerical value and proper SI units for G.
HS-PS2-016,OSS 120b,1,"The answer correctly states that the force becomes one‑fourth as the distance doubles, reflecting the inverse‑square law."
HS-PS2-018,OSS 120b,1,"The answer correctly identifies r as the distance between the centers of the two masses, fully addressing the question."
HS-PS2-018,Gemini Flash 3,1,"The answer accurately defines r as the distance between the centers of the two objects, which is the standard definition used in Newton's Law of Gravitation at the high school level."
HS-PS2-019,OSS 120b,1,The answer correctly identifies the right-hand rule (right-hand grip rule) and explains how to use it to find the magnetic field direction around a current-carrying wire.
HS-PS2-019,Gemini Flash 3,1,The answer correctly identifies the right-hand rule and accurately describes how to apply it to determine the direction of the magnetic field around a current-carrying wire.
HS-PS2-019,Nemotron 3 Super 120b a12,1,"The right-hand rule (Ampere's right-hand grip rule) correctly gives the magnetic field direction around a current‑carrying wire, as described."
HS-PS2-018,Nemotron 3 Super 120b a12,1,The answer correctly identifies r as the distance between the centers of the two objects in Newton's law of gravitation.
HS-PS2-020,OSS 120b,1,The answer correctly cites Newton's second law and explains that acceleration decreases with increased mass for a constant force.
HS-PS2-021,Nemotron 3 Super 120b a12,1,"The answer correctly applies Newton's second law (a = F_net/m) and explains that with constant mass, doubling force doubles acceleration."
HS-PS2-020,Gemini Flash 3,1,The answer accurately applies the mathematical relationship of Newton's second law to explain the inverse proportionality between mass and acceleration when force is held constant.
HS-PS2-020,Nemotron 3 Super 120b a12,1,"The answer correctly applies Newton's second law to explain that acceleration decreases with increasing mass for a constant force, directly addressing the question."
HS-PS2-021,OSS 120b,1,"The answer correctly cites Newton's second law and explains that, with constant mass, acceleration is directly proportional to net force, so doubling the force doubles the acceleration."
HS-PS2-022,Nemotron 3 Super 120b a12,1,"The reference answer correctly states that only the vector sum (net force) determines acceleration, making it appropriate for Newton's second law."
HS-PS2-023,Nemotron 3 Super 120b a12,1,"The answer correctly states that friction opposes motion, reducing net force and thus acceleration per a = F_net/m, which aligns with Newton's second law and sufficiently addresses the question."
HS-PS2-021,Gemini Flash 3,1,The answer correctly identifies the direct proportionality between net force and acceleration as defined by Newton's second law and explains the effect of doubling force while keeping mass constant.
HS-PS2-023,OSS 120b,1,"The answer correctly explains that friction opposes motion, reduces the net force, and thus lowers the acceleration according to Newton's second law, fully addressing the question."
HS-PS2-022,Gemini Flash 3,1,The answer accurately defines net force as the vector sum and correctly explains that only the resultant force determines the acceleration of an object.
HS-PS2-024,OSS 120b,1,"The answer correctly applies Newton's second law, explaining that decreasing mass while thrust remains constant increases acceleration."
HS-PS2-024,Nemotron 3 Super 120b a12,1,"The answer correctly applies Newton's second law (a = F/m), explaining that decreasing mass with constant thrust yields greater acceleration, which directly addresses the question."
HS-PS2-024,Gemini Flash 3,1,The answer correctly applies Newton's Second Law (a = F/m) to explain how a decrease in mass results in increased acceleration when force remains constant.
HS-PS2-023,Gemini Flash 3,1,"The answer accurately applies Newton's second law by explaining how friction reduces the net force, which directly results in a lower acceleration for a constant mass."
HS-PS2-025,OSS 120b,1,"The answer correctly explains that a persistent net force causes continuous acceleration and, lacking opposing forces like friction, the object never reaches a maximum speed."
HS-PS2-025,Nemotron 3 Super 120b a12,1,"The answer correctly applies Newton's second law (net force → acceleration) and explains that without friction or another opposing force there is nothing to reduce the net force, so the object's velocity continually increases, which directly addresses the question."
HS-PS2-025,Gemini Flash 3,1,The answer correctly applies Newton's Second Law ($F=ma$) to explain that a constant net force produces continuous acceleration and velocity change in the absence of opposing forces.
HS-PS2-026,Nemotron 3 Super 120b a12,1,"The answer correctly states that Newton's second law (F = dp/dt) implies zero net external force yields zero rate of change of momentum, so total momentum remains constant, which satisfies HS-PS2-2."
HS-PS2-026,OSS 120b,1,"The answer correctly explains that without a net external force, momentum cannot change, aligning with Newton's second law and the conservation principle."
HS-PS2-022,OSS 120b,1,"The answer correctly explains that Newton's second law uses the vector sum of all forces, as only the net force determines the object's acceleration."
HS-PS2-026,Gemini Flash 3,1,"The answer accurately explains the relationship between net force and the rate of change of momentum as defined by Newton's Second Law, which directly supports the principle of conservation of momentum."
HS-PS2-027,OSS 120b,1,"The answer correctly links Newton's third law (equal and opposite forces) to equal and opposite impulses, explaining why one object's momentum gain equals the other's loss, thus conserving total momentum."
HS-PS1-047,Gemini Flash 3,1,The answer accurately explains the dual effect of temperature on reaction rate by addressing both collision frequency and the proportion of particles with sufficient activation energy.
HS-PS2-028,OSS 120b,1,"The answer correctly explains recoil using momentum conservation, matching the HS-PS2-2 standard."
HS-PS2-028,Nemotron 3 Super 120b a12,1,"The answer correctly states that the gun-bullet system’s initial momentum is zero and that momentum conservation requires equal and opposite momenta for the bullet and gun, which aligns with HS‑PS2-2."
HS-PS2-029,OSS 120b,1,"The answer correctly explains that defining system boundaries identifies internal versus external forces, ensuring the condition of no net external force for momentum conservation."
HS-PS2-029,Gemini Flash 3,1,"The answer accurately explains that system boundaries are necessary to distinguish between internal and external forces, which is essential for determining if the net external force is zero as required for momentum conservation."
HS-PS2-030,Nemotron 3 Super 120b a12,1,"The answer correctly states that friction is an external force that can change the system's total momentum, so momentum is only approximately conserved when friction is negligible or the collision time is very short."
HS-PS2-028,Gemini Flash 3,1,The answer correctly uses the principle of conservation of momentum to explain that the gun's backward momentum must balance the bullet's forward momentum to maintain the system's initial total momentum of zero.
HS-PS2-031,Nemotron 3 Super 120b a12,1,"The answer correctly applies conservation of momentum to explain the astronaut's backward motion, which directly supports HS‑PS2‑2."
HS-PS2-030,OSS 120b,1,"The answer correctly explains that friction is an external force that can change total momentum, so momentum is not perfectly conserved except when friction is negligible or the collision is very brief."
HS-PS2-030,Gemini Flash 3,1,The answer accurately identifies friction as an external force that changes a system's momentum and correctly notes that conservation only applies when external forces are negligible or the collision duration is extremely brief.
HS-PS2-031,OSS 120b,1,"The answer correctly explains that, due to conservation of momentum with no external forces, the astronaut recoils backward when throwing an object forward."
HS-PS2-032,Nemotron 3 Super 120b a12,1,"The answer correctly applies the impulse‑momentum theorem to show that, for a fixed change in momentum, a longer collision time results in a smaller average force, directly answering the question."
HS-PS2-031,Gemini Flash 3,1,"The answer accurately applies the principle of conservation of momentum to explain the interaction in a closed system, directly addressing the requirements of standard HS-PS2-2."
HS-PS2-032,Gemini Flash 3,1,"The answer accurately explains the relationship between force, time, and momentum using the impulse-momentum theorem, which is the core scientific principle for this standard."
HS-PS2-027,Nemotron 3 Super 120b a12,1,"The answer correctly explains that Newton's third law produces equal and opposite impulses, leading to equal and opposite momentum changes that keep total momentum conserved in the absence of external forces."
HS-PS2-032,OSS 120b,1,"The answer correctly explains that for a constant change in momentum, a longer collision time leads to a smaller average force via the impulse–momentum relation."
HS-PS2-033,Nemotron 3 Super 120b a12,1,"The answer correctly explains that crumple zones increase collision time, reducing average force on passengers, which aligns with the impulse-momentum principle required by HS-PS2-3."
HS-PS2-034,Nemotron 3 Super 120b a12,1,"The answer correctly applies the impulse-momentum principle, explaining that padding increases collision time to reduce average force."
HS-PS2-033,Gemini Flash 3,1,"The answer accurately explains how increasing collision time reduces average force according to the impulse-momentum theorem, directly addressing the core concept of standard HS-PS2-3."
HS-PS2-029,Nemotron 3 Super 120b a12,1,"The reference answer correctly explains that defining system boundaries distinguishes internal from external forces, which is necessary to apply momentum conservation when net external force is zero."
HS-PS1-061,Gemini Flash 3,1,"The answer accurately identifies Group 1 based on its single valence electron and explains the resulting stability of the +1 ion, which directly aligns with the HS-PS1-1 standard."
HS-PS2-027,Gemini Flash 3,1,"The answer accurately links Newton's Third Law to the concept of impulse and the resulting equal and opposite changes in momentum, which explains the conservation of total momentum."
HS-PS2-035,Nemotron 3 Super 120b a12,1,"The answer correctly explains that a longer stopping distance increases the collision time, which reduces the average force needed to stop the object, aligning with impulse‑momentum and work‑energy principles relevant to HS‑PS2‑3."
HS-PS2-034,OSS 120b,1,"The answer correctly explains that the padding lengthens the collision time by compressing, thereby reducing the average force on the head, which fully addresses the question."
HS-PS2-035,OSS 120b,1,"The answer correctly explains that a greater stopping distance increases the deceleration distance and time, thereby reducing the average force required, which fully addresses the question."
HS-PS2-036,Nemotron 3 Super 120b a12,1,"The answer correctly explains that energy absorption lengthens impact time, reducing peak force, which directly addresses the standard's goal of minimizing collision forces."
HS-PS1-063,Gemini Flash 3,1,The answer correctly identifies that chlorine forms a negative ion due to having seven valence electrons while magnesium's two valence electrons lead it to form a positive ion.
HS-PS2-036,OSS 120b,1,"The answer correctly explains that energy-absorbing helmets reduce peak forces by extending impact time, which is why they are important for safety."
HS-PS2-036,Gemini Flash 3,1,"The answer accurately applies the impulse-momentum theorem by explaining how extending the duration of a collision reduces the resulting force, which is the core concept required by the standard."
HS-PS2-037,Nemotron 3 Super 120b a12,1,"The answer correctly explains that stretching the bungee cord increases the stopping time, reducing average force via the impulse‑momentum principle, which fully addresses how the device minimizes collision force."
HS-PS2-038,Nemotron 3 Super 120b a12,1,"The answer correctly identifies the inverse‑square nature of Newton’s law of gravitation and provides a clear example, directly explaining why the force decreases with increased distance."
HS-PS2-034,Gemini Flash 3,1,The answer accurately applies the impulse-momentum theorem by explaining that increasing the collision duration reduces the average force for a constant change in momentum.
HS-PS2-038,OSS 120b,1,"The answer correctly cites the inverse-square law, explaining that gravitational force decreases with the square of the distance, fulfilling the standard."
HS-PS2-037,Gemini Flash 3,1,The answer accurately applies the impulse-momentum theorem by explaining that increasing the time interval of the collision reduces the average force exerted on the object.
HS-PS2-038,Gemini Flash 3,1,"The answer accurately identifies the inverse-square relationship between distance and force, which is the fundamental mathematical principle required by the standard."
HS-PS2-035,Gemini Flash 3,1,The answer accurately applies the impulse-momentum theorem to explain how increasing collision time via stopping distance reduces the average impact force.
HS-PS2-039,Nemotron 3 Super 120b a12,1,"The answer correctly explains that electric charge exists as positive and negative, allowing both attraction and repulsion, while mass is only positive, making gravity always attractive, which fully addresses the question."
HS-PS2-033,OSS 120b,1,"The answer correctly explains that crumple zones increase the collision time, thereby reducing the average force on passengers, which aligns with the standard."
HS-PS2-039,OSS 120b,1,"The answer correctly explains that opposite electric charges attract and like charges repel because charge has positive and negative types, whereas mass is only positive, making gravity always attractive."
HS-PS2-040,Nemotron 3 Super 120b a12,1,"The answer correctly states that doubling one charge doubles the force, consistent with Coulomb's Law, and adequately addresses the question."
HS-PS2-040,Gemini Flash 3,1,The answer accurately applies the proportional relationship defined in Coulomb's Law to correctly predict that doubling one charge results in doubling the electrostatic force.
HS-PS2-039,Gemini Flash 3,1,"The answer correctly identifies that the existence of two types of charge allows for both attraction and repulsion, whereas the single positive nature of mass limits gravity to attraction."
HS-PS2-037,OSS 120b,1,"The answer correctly explains that the cord’s stretch extends the deceleration time, reducing average force, which directly addresses how a bungee cord lessens force compared to a rigid rope."
HS-PS2-042,Nemotron 3 Super 120b a12,1,"The answer correctly applies Coulomb's inverse-square law, showing that halving the distance quadruples the electrostatic force."
HS-PS2-042,OSS 120b,1,"The answer correctly applies Coulomb's inverse-square law, stating the force becomes four times larger when the distance is halved."
HS-PS2-041,OSS 120b,1,The answer correctly explains that G is a proportionality constant needed to set the magnitude of gravitational force and indicates the absolute strength (weakness) of gravity.
HS-PS2-041,Nemotron 3 Super 120b a12,1,"The answer correctly identifies G as a proportionality constant that sets the scale and strength of gravitational force, which satisfies the standard's expectation to explain the role of constants in force laws."
HS-PS2-041,Gemini Flash 3,1,The answer correctly identifies G as a proportionality constant that defines the strength of gravity and accurately notes that its small value indicates gravity is a relatively weak fundamental force.
HS-PS2-042,Gemini Flash 3,1,The answer accurately applies the inverse-square relationship of Coulomb's Law to correctly conclude that halving the distance increases the force by a factor of four.
HS-PS2-044,Nemotron 3 Super 120b a12,1,"The answer correctly explains that a stationary magnet produces constant magnetic flux, so no changing flux and thus no induced current, which aligns with Faraday's law and the HS-PS2-5 standard."
HS-PS2-044,OSS 120b,1,"The answer correctly explains that a stationary magnet yields a constant magnetic flux, and without a change in flux no emf or current is induced, fulfilling the required concept."
HS-PS2-040,OSS 120b,1,"The answer correctly applies Coulomb's Law, stating that force is directly proportional to charge, so doubling one charge doubles the force, which fully addresses the question."
HS-PS2-043,Gemini Flash 3,1,"The answer accurately explains the principle of superposition, where individual magnetic field vectors from each loop sum together to create a stronger resultant field."
HS-PS2-043,OSS 120b,1,"The answer correctly explains that the fields from each loop align and sum, concentrating the magnetic field inside the solenoid, which justifies the stronger field compared to a straight wire."
HS-PS2-044,Gemini Flash 3,1,"The answer accurately explains that electromagnetic induction requires a change in magnetic flux over time, which does not occur when both the magnet and coil are stationary."
HS-PS2-045,OSS 120b,1,"The answer correctly explains that a faster magnet motion increases the rate of magnetic flux change, producing a larger emf and thus a larger induced current, which fully addresses the question."
HS-PS2-045,Nemotron 3 Super 120b a12,1,"The answer correctly explains that a faster-moving magnet increases the rate of magnetic flux change, leading to a greater induced EMF and thus a larger current, aligning with Faraday's law and the standard."
HS-PS2-046,Nemotron 3 Super 120b a12,1,"The answer correctly explains that induced voltages from each loop add together, consistent with Faraday's law, and thus adequately addresses why more loops increase the induced voltage."
HS-PS2-045,Gemini Flash 3,1,"The answer accurately explains the relationship between the speed of the magnet, the rate of change of magnetic flux, Faraday's law, and the resulting current."
HS-PS2-046,OSS 120b,1,"The answer correctly explains that each loop contributes its own induced voltage, which sum to give a larger total emf, matching the principle that emf scales with the number of turns."
HS-PS2-047,OSS 120b,1,The answer correctly explains that Lenz's law causes the current direction to reverse when the flux change reverses (magnet moving toward vs away).
HS-PS2-048,OSS 120b,1,"The answer correctly applies Newton's second law, stating that the lighter car's acceleration is twice that of the heavier car when force is constant."
HS-PS2-047,Nemotron 3 Super 120b a12,1,"The answer correctly explains that induced current direction changes with increasing or decreasing flux, as required by Lenz's law, fully addressing the question."
HS-PS2-046,Gemini Flash 3,1,"The answer accurately explains that induced voltages in individual loops add together to increase the total voltage, which correctly addresses Faraday's Law of Induction within the scope of the standard."
HS-PS2-048,Nemotron 3 Super 120b a12,1,"The answer correctly applies a = F/m, showing that the lighter car’s acceleration is twice that of the heavier car, which aligns with HS‑PS2‑1’s focus on the relationship among force, mass, and acceleration."
HS-PS2-049,Nemotron 3 Super 120b a12,1,The calculation correctly applies Newton's second law (F=ma) and provides the correct acceleration value.
HS-PS2-049,OSS 120b,1,The answer correctly applies F=ma to compute a = 500 N / 250 kg = 2 m/s² and includes a relevant note about the net force in space.
HS-PS2-048,Gemini Flash 3,1,The answer correctly applies Newton's second law to demonstrate that acceleration is inversely proportional to mass when force is constant.
HS-PS2-049,Gemini Flash 3,1,"The answer correctly applies Newton's Second Law (a = F/m), performs the calculation accurately with proper units, and provides relevant context regarding net force in space."
HS-PS2-047,Gemini Flash 3,1,The answer accurately applies Lenz's Law to explain how the direction of induced current depends on the direction of the change in magnetic flux.
HS-PS2-051,Nemotron 3 Super 120b a12,1,"The answer correctly applies Newton's second law to show that halving acceleration with constant force requires doubling the mass, giving a required mass of 4 kg."
HS-PS2-050,OSS 120b,1,"The answer correctly applies Newton's second law, gives the accelerations for both carts, identifies the empty cart as faster, and quantifies the difference."
HS-PS2-043,Nemotron 3 Super 120b a12,1,"The answer correctly explains that the magnetic fields from each loop of a solenoid align and add together inside the coil, producing a stronger field than a straight wire."
HS-PS2-050,Nemotron 3 Super 120b a12,1,"The answer correctly applies Newton's second law (a=F/m) to compute accelerations and compares them, showing the empty cart accelerates three times more, which aligns with the standard."
HS-PS2-051,OSS 120b,1,"The answer correctly applies Newton's second law, showing that doubling the mass to 4 kg yields half the original acceleration, fully addressing the question."
HS-PS2-050,Gemini Flash 3,1,The answer correctly applies Newton's Second Law ($a=F/m$) to both scenarios and accurately calculates the acceleration values and their ratio.
HS-PS2-052,OSS 120b,1,The answer correctly applies F=ma to compute the acceleration as 9.8 m/s² downward and fully addresses the question.
HS-PS2-053,OSS 120b,1,The answer correctly applies Newton's second law (a = F/m) and provides the magnitude of deceleration as 5 m/s².
HS-PS2-052,Nemotron 3 Super 120b a12,1,The answer correctly applies Newton's second law to compute acceleration and provides the expected value.
HS-PS2-051,Gemini Flash 3,1,The reference answer correctly identifies the inverse relationship between mass and acceleration for a constant force and provides the accurate numerical value.
HS-PS2-053,Nemotron 3 Super 120b a12,1,The answer correctly applies Newton's second law to calculate the magnitude of deceleration and explains why the car slows down.
HS-PS2-054,OSS 120b,1,The answer correctly applies momentum conservation to find the 70 kg skater’s speed (~2.14 m/s) and direction opposite to the 50 kg skater.
HS-PS2-054,Nemotron 3 Super 120b a12,1,"The answer correctly applies conservation of momentum, computes the velocity as −2.14 m/s (left), and provides the necessary mathematical representation."
HS-PS2-055,OSS 120b,1,"The answer correctly applies conservation of momentum, computes the initial momentum, solves for the final velocity, and provides the correct result of 1 m/s east."
HS-PS2-052,Gemini Flash 3,1,"The answer correctly applies Newton's second law by dividing the net force by the mass to find the acceleration, yielding the correct numerical result and units."
HS-PS2-055,Nemotron 3 Super 120b a12,1,"The answer correctly computes the initial momentum, applies conservation of momentum for a perfectly inelastic collision, and solves for the combined velocity of 1 m/s east."
HS-PS2-053,Gemini Flash 3,1,The answer correctly applies Newton's second law by dividing the net force by the mass to find the acceleration magnitude with the correct units.
HS-PS2-056,OSS 120b,1,The answer correctly applies conservation of momentum and provides the correct final speed with appropriate calculations.
HS-PS2-057,OSS 120b,1,"The answer correctly applies momentum conservation to determine the post‑collision velocity as zero, fully addressing the question."
HS-PS2-056,Nemotron 3 Super 120b a12,1,"The answer correctly applies momentum conservation, shows the calculation, and gives the resulting speed, fulfilling the standard's requirement to use mathematical representations to support the claim."
HS-PS2-057,Nemotron 3 Super 120b a12,1,"The answer correctly uses conservation of momentum to show the initial total momentum is zero, leading to zero final velocity for the stuck‑together carts, which satisfies HS‑PS2‑2."
HS-PS2-054,Gemini Flash 3,1,"The answer correctly applies the principle of conservation of momentum to calculate the velocity, providing the correct magnitude, direction, and mathematical setup required by the standard."
HS-PS2-058,OSS 120b,1,"The answer correctly applies conservation of momentum, computes the combined speed as 3.6 m/s in the original direction, fully addressing the question."
HS-PS2-055,Gemini Flash 3,1,"The reference answer correctly applies the principle of conservation of momentum and provides the accurate magnitude, units, and direction for the final velocity."
HS-PS2-058,Nemotron 3 Super 120b a12,1,"The reference answer correctly applies conservation of momentum to compute the final speed of the combined players, demonstrating the required mathematical support for the claim."
HS-PS2-059,OSS 120b,1,"The answer correctly explains that crumpling lengthens the collision time, decreasing the average force via the impulse-momentum relationship, fully addressing the question."
HS-PS2-060,OSS 120b,1,"The answer correctly identifies the foam pad as the safer surface and explains that the longer stopping time reduces the peak force on the egg, matching the physics standard."
HS-PS2-057,Gemini Flash 3,1,"The answer correctly applies the principle of conservation of momentum by identifying that the equal and opposite initial momenta sum to zero, resulting in a final velocity of zero."
HS-PS2-056,Gemini Flash 3,1,The answer correctly applies the conservation of momentum principle and provides the accurate calculation for the final velocity of the coupled system.
HS-PS2-060,Nemotron 3 Super 120b a12,1,"The answer correctly states that the foam pad lengthens the stopping time, lowering the peak force on the egg despite equal momentum change, making breakage less likely."
HS-PS2-059,Nemotron 3 Super 120b a12,1,"The answer correctly applies the impulse-momentum theorem, explaining that increasing collision time reduces average force for the same change in momentum."
HS-PS2-058,Gemini Flash 3,1,"The reference answer correctly applies the law of conservation of momentum to a perfectly inelastic collision, showing accurate calculations and the correct final speed."
HS-PS2-059,Gemini Flash 3,1,The answer accurately applies the impulse-momentum theorem by explaining that increasing the duration of a collision reduces the average force for a fixed change in momentum.
HS-PS2-061,OSS 120b,1,"The answer correctly explains that increasing deployment time reduces the peak force by spreading the impulse over a longer interval, addressing the core concept of minimizing force."
HS-PS2-062,Nemotron 3 Super 120b a12,1,"The answer correctly explains that foam padding increases impact time, reducing peak force via the impulse‑momentum principle, which satisfies the standard."
HS-PS2-062,OSS 120b,1,"The answer correctly identifies the foam‑lined helmet as better and explains that its compressibility lengthens the impact time, lowering the peak force on the skull."
HS-PS2-060,Gemini Flash 3,1,The answer accurately applies the impulse-momentum theorem by explaining that extending collision time reduces the force applied to the object when the change in momentum is constant.
HS-PS2-061,Nemotron 3 Super 120b a12,1,The answer correctly uses the impulse‑momentum relationship (F = Δp/Δt) to explain that increasing the deployment time reduces the average (and peak) force on the driver's face.
HS-PS2-063,OSS 120b,1,"The answer correctly explains that bubble wrap compresses, lengthening collision time and thus lowering the average force on the vase, which fully addresses the question."
HS-PS2-064,OSS 120b,1,"The answer correctly explains that distributing the impact over a larger area lowers pressure on any point, reducing tissue damage and injury risk."
HS-PS2-062,Gemini Flash 3,1,"The answer accurately applies the impulse-momentum theorem by explaining how increasing collision time via compression reduces the force of impact, which is the core concept of standard HS-PS2-3."
HS-PS2-063,Gemini Flash 3,1,The answer correctly applies the impulse-momentum theorem by explaining that increasing the collision time reduces the average force for a given change in momentum.
HS-PS2-063,Nemotron 3 Super 120b a12,1,"The answer correctly applies the impulse‑momentum principle, explaining that bubble wrap lengthens collision time to reduce force, which directly addresses HS‑PS2‑3."
HS-PS2-065,OSS 120b,1,"The answer correctly applies the inverse-square law, giving the force as 1/3600 of the surface value, which fully addresses the question."
HS-PS2-065,Nemotron 3 Super 120b a12,1,"The answer correctly applies the inverse-square law, showing the gravitational force at the Moon's distance is 1/3600 of that at Earth's surface."
HS-PS2-064,Nemotron 3 Super 120b a12,1,"The answer correctly states that spreading the same force over a larger area reduces pressure (force/area), thereby lowering stress on tissue and injury risk, which addresses the question and aligns with the standard's goal of minimizing force effects during a collision."
HS-PS2-065,Gemini Flash 3,1,The answer correctly applies the inverse square law of gravitation to determine that the force is 1/3600th the surface force when distance increases by a factor of 60.
HS-PS2-066,OSS 120b,1,"The answer correctly states that the force doubles, citing Coulomb's law and the charge change."
HS-PS2-061,Gemini Flash 3,1,"The answer correctly applies the impulse-momentum theorem, explaining that increasing the time over which momentum changes results in a lower average and peak force."
HS-PS2-066,Nemotron 3 Super 120b a12,1,"Coulomb's law gives F ∝ q1q2; doubling one charge from +e to +2e makes the product double, so the force doubles."
HS-PS2-067,OSS 120b,1,"The answer correctly states that the gravitational force doubles, correctly applying F = G m₁m₂/r²."
HS-PS2-066,Gemini Flash 3,1,"The answer correctly identifies that Coulomb's Law makes force proportional to the product of charges, accurately predicting that doubling one charge doubles the resulting force."
HS-PS2-067,Nemotron 3 Super 120b a12,1,"The answer correctly applies Newton's law of gravitation, showing force is directly proportional to the satellite's mass, so doubling the mass doubles the force."
HS-PS2-067,Gemini Flash 3,1,"The answer correctly applies Newton's Law of Gravitation to show that force is directly proportional to mass, accurately predicting that doubling the satellite's mass doubles the gravitational force."
HS-PS2-068,Nemotron 3 Super 120b a12,1,"The answer correctly applies the inverse‑square law (F ∝ 1/r²) to show that halving the distance increases the force by a factor of 4, giving 16 N, which matches the expected use of Coulomb’s law for this standard."
HS-PS2-068,OSS 120b,1,"The answer correctly applies Coulomb's inverse-square law, showing the force quadruples to 16 N when the distance is halved, which fully answers the question."
HS-PS2-069,OSS 120b,1,"The answer correctly applies the inverse-square law to show the force is one-fourth of Earth's, which fully addresses the question."
HS-PS2-069,Nemotron 3 Super 120b a12,1,"The gravitational force is inversely proportional to the square of the distance; doubling the radius reduces the force to one‑fourth, which matches the reference answer."
HS-PS2-070,OSS 120b,1,The answer correctly applies Coulomb's law and gives the factor 3/2 (1.5) as the change in force.
HS-PS2-070,Nemotron 3 Super 120b a12,1,"The electrostatic force is proportional to the product of the charges; tripling one charge and halving the other changes the product by a factor of 3 × 1/2 = 3/2 = 1.5, so the force magnitude increases by that factor."
HS-PS2-071,Nemotron 3 Super 120b a12,1,"The answer correctly states that the induced current reverses direction when the magnet is pushed in versus pulled out, explaining this via Lenz's law and the change in magnetic flux, which fully addresses the question."
HS-PS2-071,OSS 120b,1,"The answer correctly states that the induced current reverses direction for insertion versus removal of the magnet, invoking Lenz's law."
HS-PS2-069,Gemini Flash 3,1,The answer correctly applies Newton's Law of Gravitation by identifying that doubling the radius results in one-fourth the gravitational force due to the inverse square law.
HS-PS2-070,Gemini Flash 3,1,"The answer correctly applies the proportionality of Coulomb's Law, showing that multiplying the charges by 3 and 0.5 results in a net force change factor of 1.5."
HS-PS2-068,Gemini Flash 3,1,The answer correctly applies the inverse square law relationship found in Coulomb's Law to determine that halving the distance results in four times the initial force.
HS-PS2-064,Gemini Flash 3,1,"The answer correctly identifies that increasing the surface area reduces pressure (force per unit area), which is a scientifically accurate explanation for how distributing an impact reduces injury."
HS-PS2-071,Gemini Flash 3,1,"The answer accurately describes the reversal of current direction based on Lenz's law and the change in magnetic flux, which directly addresses the physics principle in the standard."
HS-PS2-072,Nemotron 3 Super 120b a12,1,"The answer correctly applies Faraday's law, noting that doubling the coil's speed doubles the rate of magnetic flux change, which increases induced voltage and electrical output."
HS-PS2-072,OSS 120b,1,"The answer correctly explains that increasing the spin speed doubles the rate of change of magnetic flux, raising the induced voltage and thus increasing the generator's electrical output."
HS-PS2-073,OSS 120b,1,"The answer correctly describes the induced current in the second coil during the transient change and the absence of induced current once the first coil's current is steady, matching the expected explanation."
HS-PS2-073,Nemotron 3 Super 120b a12,1,"The answer correctly describes that a changing magnetic field from the first coil induces a brief current in the second coil when the switch is closed, and that no current is induced once the current becomes steady, aligning with HS‑PS2‑5."
HS-PS2-074,Nemotron 3 Super 120b a12,1,"The answer correctly explains that an electromagnet allows controllable, switchable magnetic fields via electric current, which aligns with the standard's focus on current-produced fields and changing fields inducing currents."
HS-PS2-073,Gemini Flash 3,1,"The answer accurately describes electromagnetic induction during the transition and the lack of induction during steady state, which correctly demonstrates the principles required by the standard."
HS-PS2-072,Gemini Flash 3,1,"The answer accurately applies Faraday's Law by explaining that doubling the rotation speed increases the rate of change of magnetic flux, thereby increasing the induced voltage and electrical output."
HS-PS2-074,Gemini Flash 3,1,"The answer correctly explains the advantages of an electromagnet, specifically the ability to control and deactivate the magnetic field by adjusting the electric current, which directly relates to the target standard."
HS-PS2-074,OSS 120b,1,"The answer correctly explains that electromagnets allow precise control and can be turned off, which permanent magnets cannot, matching the question's requirement."
HS-PS2-075,OSS 120b,1,"The answer correctly explains that induced voltage is proportional to the number of turns, matching Faraday's law and fully addressing the question."
HS-PS2-075,Nemotron 3 Super 120b a12,1,"The answer correctly explains that increasing the number of loops increases the induced voltage proportionally, as each loop adds its own EMF according to Faraday's law."
HS-PS3-001,OSS 120b,1,"The answer accurately distinguishes energy transfer (movement between objects) from energy transformation (change of form) with clear examples, meeting the standard."
HS-PS2-075,Gemini Flash 3,1,The answer accurately explains the proportional relationship between the number of loops and induced voltage based on Faraday's Law of Induction.
HS-PS3-001,Nemotron 3 Super 120b a12,1,"The answer correctly distinguishes energy transfer as movement between objects and energy transformation as a change of form within a system, using clear examples that match the standard's conceptual requirements."
HS-PS3-002,Nemotron 3 Super 120b a12,1,"The answer correctly describes an energy flow diagram as a visual tool for representing energy distribution, transfer, and transformation among system components and for tracking inputs and outputs, which fulfills the question's intent."
HS-PS3-002,OSS 120b,1,"The answer accurately describes the purpose of an energy flow diagram as a visual tool for showing energy distribution, transfer, and transformation, which is the intended use."
HS-PS3-003,Nemotron 3 Super 120b a12,1,"The answer correctly defines an isolated system as having no energy or matter exchange with surroundings, leading to constant internal energy, which fully addresses the question."
HS-PS3-001,Gemini Flash 3,1,The answer accurately defines and distinguishes between energy transfer and energy transformation using appropriate real-world examples.
HS-PS3-003,OSS 120b,1,"The answer accurately defines an isolated system as one with no exchange of matter or energy, implying constant total energy, which fully addresses the question."
HS-PS3-002,Gemini Flash 3,1,The reference answer correctly and comprehensively describes the purpose of energy flow diagrams in the context of tracking energy transfers and transformations within a system as required by the standard.
HS-PS3-003,Gemini Flash 3,1,The answer accurately defines an isolated system by noting the lack of matter and energy exchange and correctly identifies that this leads to energy conservation.
HS-PS3-004,OSS 120b,1,"The answer accurately defines the law of conservation of energy, stating that energy is neither created nor destroyed and that total energy in an isolated system stays constant."
HS-PS3-005,OSS 120b,1,"The answer correctly defines internal energy as the sum of kinetic and potential energy of a system's particles, matching the standard."
HS-PS3-004,Nemotron 3 Super 120b a12,1,The answer correctly states the law of conservation of energy and is sufficient for a high‑school level explanation.
HS-PS3-006,Nemotron 3 Super 120b a12,1,"The answer correctly links temperature increase to increased average kinetic energy of particles, which aligns with the particle‑level description of energy in HS-PS3-2."
HS-PS3-005,Nemotron 3 Super 120b a12,1,"The answer correctly defines internal energy as the total kinetic plus potential energy of the system's particles, which matches the standard's description of macroscopic energy as a combination of particle motion and position energies."
HS-PS3-005,Gemini Flash 3,1,"The answer correctly defines internal energy by identifying both the kinetic and potential components at the particle level, which directly aligns with the requirements of standard HS-PS3-2."
HS-PS3-006,OSS 120b,1,"The answer correctly states that a temperature rise reflects higher average kinetic energy of the particles, which aligns with the standard."
HS-PS3-007,OSS 120b,1,"The answer correctly defines elastic potential energy as stored in a deformed elastic object due to the relative positions of its particles, matching the standard."
HS-PS3-006,Gemini Flash 3,1,"The answer accurately identifies that temperature is a measure of the average kinetic energy of particles, which directly relates to the motion aspect of the standard."
HS-PS3-007,Nemotron 3 Super 120b a12,1,"The answer correctly defines elastic potential energy as stored energy due to the relative positions of particles in a deformed elastic object, which aligns with HS‑PS3-2's focus on energy from particle positions."
HS-PS3-007,Gemini Flash 3,1,"The answer accurately defines elastic potential energy and explicitly connects it to the relative positions of particles, which directly addresses the core requirement of standard HS-PS3-2."
HS-PS3-008,OSS 120b,1,"The answer correctly distinguishes temperature as average kinetic energy per particle from thermal energy as the total kinetic energy of all particles, providing a complete high‑school level explanation."
HS-PS3-009,Nemotron 3 Super 120b a12,1,"The answer correctly identifies that a solar panel converts light (radiant) energy into electrical energy, which satisfies the standard's focus on energy conversion."
HS-PS3-008,Nemotron 3 Super 120b a12,0,"The answer correctly notes temperature as average kinetic energy and thermal energy as total kinetic energy, but it omits the potential‑energy component that the standard requires to account for macroscopic energy as both motion and position energies, making it inadequate."
HS-PS3-009,OSS 120b,1,"The answer correctly identifies that a solar panel converts light (radiant) energy into electrical energy, fully addressing the question."
HS-PS3-010,Nemotron 3 Super 120b a12,1,"The answer correctly states that a generator converts mechanical (kinetic) energy into electrical energy and describes the underlying mechanism, fully addressing the question."
HS-PS3-009,Gemini Flash 3,1,"The answer accurately identifies the primary energy conversion in a solar panel, which directly relates to the energy conversion concepts outlined in standard HS-PS3-3."
HS-PS3-011,Nemotron 3 Super 120b a12,1,"The reference answer accurately defines efficiency as the useful energy output divided by total energy input (often a percentage) and explains that higher efficiency means less wasted energy, which fully answers the question."
HS-PS3-010,OSS 120b,1,"The answer correctly identifies the conversion of mechanical (kinetic) energy to electrical energy, which fully addresses the question."
HS-PS3-010,Gemini Flash 3,1,"The answer accurately identifies the input and output energy forms and the basic physical mechanism of a generator, which aligns with the core concepts of energy conversion in the HS-PS3-3 standard."
HS-PS3-011,OSS 120b,1,"The answer correctly defines efficiency as the ratio of useful output to total input and notes it is expressed as a percentage, accurately addressing the question."
HS-PS3-012,OSS 120b,1,"The answer correctly identifies that an electric motor converts electrical energy into mechanical (kinetic) energy, fully addressing the question."
HS-PS3-012,Nemotron 3 Super 120b a12,1,"The answer correctly identifies the conversion of electrical energy into mechanical (kinetic) energy in an electric motor, which directly satisfies the question."
HS-PS3-013,Nemotron 3 Super 120b a12,1,The answer accurately defines a constraint and provides appropriate examples that align with the standard's focus on design limitations.
HS-PS3-011,Gemini Flash 3,1,"The definition accurately describes energy efficiency as a ratio of useful output to total input and correctly identifies that wasted energy is typically lost as heat, which is appropriate for the high school level."
HS-PS3-012,Gemini Flash 3,1,The answer accurately identifies the primary energy conversion in an electric motor from electrical energy to mechanical energy and provides clear examples of the output.
HS-PS3-013,OSS 120b,1,"The answer correctly defines a constraint as a limitation or requirement and provides relevant examples, adequately addressing the question."
HS-PS3-013,Gemini Flash 3,1,The answer accurately defines a constraint as a design limitation and provides relevant examples that are appropriate for the high-school level and the specific standard.
HS-PS3-015,Nemotron 3 Super 120b a12,1,"The answer correctly defines thermal equilibrium as equal temperature and no net thermal energy transfer, which fully addresses the question."
HS-PS3-014,Nemotron 3 Super 120b a12,1,The answer correctly states the Clausius formulation of the second law regarding spontaneous heat flow from hot to cold.
HS-PS3-014,OSS 120b,1,The answer correctly and succinctly states the second law’s claim about spontaneous heat flow from hot to cold.
HS-PS3-015,OSS 120b,1,"The answer accurately defines thermal equilibrium as equal temperature and no net thermal energy transfer, matching the required concept."
HS-PS3-015,Gemini Flash 3,1,"The definition accurately captures the core principles of thermal equilibrium, including the cessation of net thermal energy transfer and the attainment of equal temperatures between objects."
HS-PS3-016,Nemotron 3 Super 120b a12,1,"The answer correctly identifies temperature as the property determining the direction of thermal energy transfer from higher to lower temperature, aligning with the second law of thermodynamics."
HS-PS3-016,OSS 120b,1,"The answer correctly identifies temperature as the property that determines the direction of thermal energy transfer, which fully addresses the question."
HS-PS3-016,Gemini Flash 3,1,The answer accurately identifies temperature as the property determining the direction of heat flow and correctly describes the movement of energy from higher to lower temperatures.
HS-PS3-014,Gemini Flash 3,1,"The answer accurately describes the Clausius statement of the second law regarding the spontaneous direction of heat flow, which is the fundamental mechanism leading to the uniform energy distribution mentioned in the standard."
HS-PS3-017,Nemotron 3 Super 120b a12,1,"The answer correctly defines entropy as a measure of disorder/randomness and links it to the second law, which is accurate and sufficiently complete for a high‑school level question."
HS-PS3-017,OSS 120b,1,"The answer correctly defines entropy as a measure of disorder/randomness and notes its increase in closed systems per the second law, meeting the standard."
HS-PS3-018,Nemotron 3 Super 120b a12,1,"The answer correctly states that a calorimeter measures heat transfer by monitoring temperature changes in a known substance, which is appropriate for the thermal energy investigation described in the standard."
HS-PS3-004,Gemini Flash 3,1,"The reference answer provides a scientifically accurate and complete definition of the law of conservation of energy, which is the foundational principle required to account for energy transfers at both the macroscopic and microscopic scales as described in standard HS-PS3-2."
HS-PS3-018,OSS 120b,1,"The answer correctly explains that a calorimeter measures heat transferred by tracking temperature changes, which directly addresses its purpose in a thermal energy investigation."
HS-PS3-019,Nemotron 3 Super 120b a12,1,"The answer accurately defines specific heat capacity as the thermal energy needed to raise the temperature of one gram of a substance by one degree Celsius, which is correct and adequate for a high‑school level question."
HS-PS3-018,Gemini Flash 3,1,"The answer accurately defines the function of a calorimeter in measuring heat transfer, which is the primary tool used to provide evidence for the thermal energy distribution described in the standard."
HS-PS3-019,OSS 120b,1,"The answer correctly defines specific heat capacity as the energy needed to raise one gram of a substance by one degree Celsius, which is an appropriate and complete definition for the standard."
HS-PS3-020,Nemotron 3 Super 120b a12,1,"The answer correctly identifies the term for stored field energy and relates it to electric and magnetic field contributions, satisfying the standard."
HS-PS3-017,Gemini Flash 3,1,The answer provides a scientifically accurate definition of entropy and its relationship with the second law of thermodynamics suitable for the high school level.
HS-PS3-019,Gemini Flash 3,1,The definition is scientifically accurate and provides the necessary detail to understand the property of substances involved in thermal energy transfer as described in the standard.
HS-PS3-020,OSS 120b,1,"The answer correctly identifies the term as field energy (electromagnetic field energy) and provides a concise, accurate explanation."
HS-PS3-021,Nemotron 3 Super 120b a12,1,"The answer correctly describes that the electric potential energy of opposite charges decreases (becomes more negative) as they move closer, which aligns with the standard's focus on energy changes in electric interactions."
HS-PS3-021,OSS 120b,1,"The answer correctly states that the potential energy decreases (becomes more negative) as opposite charges approach, and notes the release of energy as kinetic, fully addressing the question."
HS-PS3-022,OSS 120b,1,"The answer correctly cites energy conservation, explaining that losses in one component equal gains in another, so the net change is zero."
HS-PS3-021,Gemini Flash 3,1,The answer accurately describes the decrease in electric potential energy for opposite charges moving together and correctly links it to the work done by the attractive force and the increase in kinetic energy.
HS-PS3-023,OSS 120b,1,"The answer correctly explains that defining system boundaries distinguishes internal energy changes from external flows, which is essential for accurate energy calculations."
HS-PS3-022,Nemotron 3 Super 120b a12,1,"The answer correctly cites energy conservation, explaining that in a closed system any loss by one component is gained by another, making the total change zero."
HS-PS3-020,Gemini Flash 3,1,"The answer correctly identifies the term 'field energy' and appropriately relates it to potential energy, which is consistent with the scientific principles required by the HS-PS3-5 standard."
HS-PS3-023,Nemotron 3 Super 120b a12,1,"The answer correctly explains that system boundaries distinguish internal transfers from external flows, which is essential for tracking energy changes as required by HS-PS3-1."
HS-PS3-023,Gemini Flash 3,1,"The answer correctly identifies that system boundaries are necessary to distinguish between internal energy transfers and external energy flows, which is fundamental to the energy calculations required by the standard."
HS-PS3-008,Gemini Flash 3,0,"The reference answer is inadequate for standard HS-PS3-2 because it defines thermal energy as only the total kinetic energy, omitting the energy associated with the relative position of particles (potential energy)."
HS-PS3-024,OSS 120b,1,The answer correctly explains using conservation of energy to compute the unknown component's change by algebraically balancing the known changes and net flows.
HS-PS3-025,OSS 120b,1,"The answer correctly explains that added heat transfers energy and, due to conservation of energy, results in an increase in energy of other components, satisfying the standard."
HS-PS3-025,Nemotron 3 Super 120b a12,1,"The answer correctly explains that added heat must be absorbed by other components due to energy conservation, appearing as increased thermal, kinetic, or potential energy elsewhere."
HS-PS3-026,OSS 120b,1,The answer correctly explains that accounting for heat loss is necessary to conserve energy and accurately predict component energy changes.
HS-PS3-026,Nemotron 3 Super 120b a12,1,"The answer correctly explains that ignoring heat loss would violate energy conservation and lead to inaccurate predictions of component energies, which directly addresses why accounting for heat is essential."
HS-PS3-026,Gemini Flash 3,1,The answer accurately explains that accounting for heat loss is necessary to satisfy the law of conservation of energy and to ensure the mathematical accuracy of a computational energy model.
HS-PS3-024,Gemini Flash 3,1,"The answer accurately applies the Law of Conservation of Energy to explain how an algebraic balance can be used to solve for an unknown energy change, which directly aligns with the requirements of standard HS-PS3-1."
HS-PS3-027,OSS 120b,1,"The answer correctly explains that engineers use energy balance equations to account for all energy flows, predict performance, find losses, and ensure efficiency consistent with conservation of energy."
HS-PS3-024,Nemotron 3 Super 120b a12,1,"The answer correctly applies conservation of energy to show that the unknown component's energy change can be found by taking the negative sum of the known changes and accounting for net energy flows, which aligns with the standard."
HS-PS3-027,Nemotron 3 Super 120b a12,1,"The answer correctly explains that energy balance equations account for all energy inputs, outputs, and internal transfers to predict performance, identify losses, and ensure conservation of energy, which directly supports the standard's goal of calculating energy changes in a system."
HS-PS3-025,Gemini Flash 3,1,The answer correctly identifies the Law of Conservation of Energy as the underlying principle explaining how energy input is transferred or transformed among components within a system.
HS-PS3-028,OSS 120b,1,"The answer correctly explains that the extra energy is elastic potential stored in the displaced molecular positions, addressing the macroscopic energy as due to particle positions per HS-PS3-2."
HS-PS3-027,Gemini Flash 3,1,"The answer accurately explains that energy balance equations account for all energy transfers and changes within a system, which is the conceptual basis for the computational modeling required by standard HS-PS3-1."
HS-PS3-029,OSS 120b,1,"The answer correctly explains that rapid compression does work on the gas, raising its average kinetic energy and thus its temperature, consistent with the standard."
HS-PS3-028,Nemotron 3 Super 120b a12,1,"The answer correctly explains that a stretched rubber band stores elastic potential energy due to its molecules being displaced from equilibrium, showing that macroscopic energy can be accounted for by the relative positions of particles."
HS-PS3-022,Gemini Flash 3,1,The answer correctly identifies the Law of Conservation of Energy as the underlying principle and explains that energy transfer between components results in a net change of zero within the system boundary.
HS-PS3-028,Gemini Flash 3,1,"The answer correctly identifies that the energy is stored as elastic potential energy due to the relative positions of the molecules, which aligns perfectly with the requirements of standard HS-PS3-2."
HS-PS3-030,OSS 120b,1,"The answer correctly identifies higher gravitational potential energy at the top due to the water’s higher position, aligning with the standard’s focus on energy from relative positions."
HS-PS3-030,Nemotron 3 Super 120b a12,1,"The answer correctly identifies gravitational potential energy as the source of the extra energy at the top, aligning with the standard's focus on energy from particle positions."
HS-PS3-031,OSS 120b,1,"The answer correctly explains that added heat raises particle kinetic energy and eventually overcomes interparticle potential energy, leading to melting, matching the standard."
HS-PS3-029,Gemini Flash 3,1,"The answer correctly identifies that work done on the gas increases the average kinetic energy of its particles, which corresponds directly to the macroscopic measure of temperature."
HS-PS3-031,Nemotron 3 Super 120b a12,1,"The answer correctly describes how added heat increases particle kinetic energy, enabling them to overcome interparticle attractions (potential energy) and melt, aligning with the standard's view of macroscopic energy as kinetic plus potential."
HS-PS3-032,OSS 120b,1,"The answer correctly explains that friction transforms macroscopic kinetic energy into thermal energy (microscopic particle motion), conserving total energy while accounting for the ball’s slowdown."
HS-PS3-029,Nemotron 3 Super 120b a12,1,"The answer correctly explains that compressing a gas does work on the particles, raising their average kinetic energy and thus temperature, which illustrates the macroscopic energy as combination of motion and position‑related energy."
HS-PS3-032,Nemotron 3 Super 120b a12,1,"The answer correctly describes friction converting macroscopic kinetic energy into microscopic thermal energy, conserving total energy, which satisfies HS-PS3-2."
HS-PS3-031,Gemini Flash 3,1,"The answer accurately describes the transition from kinetic energy (vibration) to overcoming attractive forces (relative position), which aligns perfectly with the energy components required by the HS-PS3-2 standard."
HS-PS3-033,OSS 120b,0,"The answer only mentions kinetic energy and omits discussion of the energy related to particle positions, which is required by the standard."
HS-PS3-032,Gemini Flash 3,1,"The answer correctly identifies friction as the mechanism and explains the energy transfer from macroscopic kinetic energy to microscopic thermal energy, directly addressing the requirements of standard HS-PS3-2."
HS-PS3-033,Nemotron 3 Super 120b a12,1,"The answer correctly attributes gas expansion to the kinetic energy of particles moving randomly, which aligns with the standard's focus on particle motion energy as a component of macroscopic energy."
HS-PS3-034,OSS 120b,1,"The answer correctly explains that identical temperatures mean equal average kinetic energy per particle, but total thermal energy varies with the number of particles, accounting for differences between objects."
HS-PS3-035,OSS 120b,1,"The answer correctly explains that photons provide energy to excite electrons, enabling current flow, and without light no excitation occurs."
HS-PS3-035,Nemotron 3 Super 120b a12,1,"The answer correctly explains that photon energy excites electrons to create current, and without light no excitation occurs."
HS-PS3-030,Gemini Flash 3,1,"The answer accurately explains macroscopic gravitational potential energy in terms of the relative position of particles within a gravitational field, which directly aligns with the requirements of standard HS-PS3-2."
HS-PS3-034,Nemotron 3 Super 120b a12,0,"The answer correctly notes that thermal energy depends on particle count and average kinetic energy, but omits the potential energy component of internal energy, making it incomplete for the standard which requires accounting for both motion and position energies."
HS-PS3-036,OSS 120b,1,The answer correctly explains that inefficiencies and the second law cause unavoidable waste heat in all energy conversions.
HS-PS3-036,Nemotron 3 Super 120b a12,1,"The reference answer correctly explains that waste heat arises from unavoidable inefficiencies such as friction and resistance, rooted in the second law of thermodynamics, which fully addresses the question."
HS-PS3-037,OSS 120b,1,"The answer correctly explains that friction diverts useful energy into unwanted heat, decreasing the fraction of input energy converted to the desired form, thus lowering efficiency."
HS-PS3-035,Gemini Flash 3,1,"The answer accurately describes the photovoltaic effect by explaining how photon energy facilitates the movement of electrons to create current, which is appropriate for the high school level."
HS-PS3-037,Nemotron 3 Super 120b a12,1,"The answer correctly explains that friction transforms useful mechanical energy into unwanted heat, reducing the fraction of input energy converted to the desired output."
HS-PS3-036,Gemini Flash 3,1,The answer accurately identifies specific mechanisms of energy dissipation and correctly attributes the phenomenon to the second law of thermodynamics.
HS-PS3-038,Nemotron 3 Super 120b a12,1,"The answer accurately describes electromagnetic induction in a moving-coil microphone, correctly explaining how sound energy is converted to electrical energy."
HS-PS3-039,Nemotron 3 Super 120b a12,1,"The answer correctly explains that increased resistance due to longer length or smaller cross‑section leads to more electron‑atom collisions, converting electrical energy into thermal energy (heat)."
HS-PS3-038,OSS 120b,1,"The answer accurately explains the conversion process using a diaphragm, coil, and magnetic field, correctly describing how sound energy becomes electrical energy."
HS-PS3-037,Gemini Flash 3,1,"The answer accurately identifies that friction converts useful mechanical energy into wasted thermal energy, which directly explains the reduction in energy conversion efficiency."
HS-PS3-039,OSS 120b,1,"The answer correctly explains that longer or thinner wires have higher resistance, leading to more frequent electron-atom collisions that convert electrical energy into heat."
HS-PS3-033,Gemini Flash 3,0,"The answer only addresses the motion of particles (kinetic energy) and fails to include the energy associated with the relative position of particles (potential energy), which is a required component of standard HS-PS3-2."
HS-PS3-040,OSS 120b,1,"The answer correctly explains that high‑temperature steam expands and its pressure/kinetic energy push turbine blades, turning the shaft and converting thermal energy into mechanical rotation."
HS-PS3-038,Gemini Flash 3,1,"The answer accurately describes the process of electromagnetic induction used to convert kinetic energy from sound waves into electrical energy, which directly aligns with the energy conversion requirements of the standard."
HS-PS3-039,Gemini Flash 3,1,"The answer accurately explains the relationship between wire dimensions, electrical resistance, and the microscopic mechanism of energy conversion into heat through electron collisions."
HS-PS3-040,Nemotron 3 Super 120b a12,1,"The answer correctly explains that high‑pressure, high‑kinetic‑energy steam pushes turbine blades, converting the steam’s thermal energy into mechanical rotation of the shaft."
HS-PS3-041,OSS 120b,1,"The answer correctly explains that heat flows from hot to cold due to entropy increase and the second law, which fully addresses the question."
HS-PS3-040,Gemini Flash 3,1,The answer accurately describes the process of energy conversion from the thermal and kinetic energy of steam into the mechanical rotational energy of a turbine.
HS-PS3-041,Nemotron 3 Super 120b a12,1,"The answer correctly explains that heat flows from hot to cold because it increases the system's entropy, which is a direct consequence of the second law of thermodynamics required by HS-PS3-4."
HS-PS3-042,OSS 120b,1,"The answer correctly explains that particle collisions transfer kinetic energy until both objects have equal average kinetic energy, achieving thermal equilibrium with no net energy flow."
HS-PS3-042,Nemotron 3 Super 120b a12,1,"The answer correctly explains thermal equilibrium via particle collisions and equal average kinetic energy, satisfying HS-PS3-4."
HS-PS3-041,Gemini Flash 3,1,The answer correctly identifies the Second Law of Thermodynamics and the increase of entropy as the reasons for the unidirectional flow of heat toward a more uniform distribution.
HS-PS3-043,Nemotron 3 Super 120b a12,1,"The answer correctly explains that heat flows from the hotter to the cooler component, reducing temperature differences until energy is evenly distributed, which aligns with the second law of thermodynamics."
HS-PS3-043,OSS 120b,1,"The answer correctly explains heat transfer leading to equalization of temperature and uniform energy distribution, reflecting the second law and the standard's intent."
HS-PS3-042,Gemini Flash 3,1,"The answer accurately explains the mechanism of thermal energy transfer via particle collisions and the resulting state of thermal equilibrium, directly addressing the core concepts of HS-PS3-4."
HS-PS3-044,OSS 120b,1,"The answer correctly explains heat transfer via collisions, equilibrium, and why the final temperature lies between the initial values, meeting the standard."
HS-PS3-034,Gemini Flash 3,1,"The answer accurately explains that thermal energy is an extensive property dependent on the total number of particles, whereas temperature is an intensive property reflecting the average kinetic energy per particle."
HS-PS3-045,OSS 120b,1,"The answer correctly explains that entropy reflects the number of possible microstates, and a uniform energy distribution allows many more arrangements, thus higher entropy."
HS-PS3-044,Nemotron 3 Super 120b a12,1,"The answer correctly explains that thermal energy transfers via particle collisions until equilibrium, and notes that the final temperature depends on masses and specific heats, ensuring it falls between the initial temperatures."
HS-PS3-044,Gemini Flash 3,1,"The answer correctly explains the mechanism of energy transfer via particle collisions and the attainment of thermal equilibrium, which directly addresses the standard's focus on uniform energy distribution."
HS-PS3-043,Gemini Flash 3,1,"The answer accurately describes the transfer of energy from hot to cold components until thermal equilibrium is reached, correctly referencing temperature decrease and entropy in accordance with the second law of thermodynamics."
HS-PS3-046,Nemotron 3 Super 120b a12,1,"The answer correctly explains that a closed system prevents external energy exchange, ensuring observed changes are due solely to internal thermal energy transfer, which aligns with the standard."
HS-PS3-046,OSS 120b,1,"The answer correctly explains that a closed system prevents external energy exchange, ensuring observed temperature changes reflect internal redistribution, which is essential for studying thermal energy transfer."
HS-PS3-045,Nemotron 3 Super 120b a12,1,"The answer correctly explains that a more uniform energy distribution yields more possible microstates, increasing entropy, which fully addresses the question and aligns with HS-PS3-4."
HS-PS3-045,Gemini Flash 3,1,"The answer accurately explains entropy in terms of microstates and probability, correctly linking a uniform energy distribution to higher entropy as required by the second law of thermodynamics."
HS-PS3-047,OSS 120b,1,"The answer correctly explains repulsion using electric fields and the resulting forces, providing a valid model consistent with the standard."
HS-PS3-048,OSS 120b,1,"The answer correctly states that force follows an inverse-square relationship, so doubling distance reduces the force to one-quarter, fully addressing the question."
HS-PS3-048,Nemotron 3 Super 120b a12,1,"The answer correctly states Coulomb's inverse‑square law and that doubling the distance reduces the electric force to one‑quarter, directly answering the question."
HS-PS3-049,OSS 120b,1,"The answer correctly explains that work must be done against the attractive force, increasing the system's electric potential energy."
HS-PS3-046,Gemini Flash 3,1,"The answer correctly explains that a closed system prevents energy exchange with the environment, allowing for the observation of internal energy redistribution as required by the standard."
HS-PS3-049,Nemotron 3 Super 120b a12,1,"The answer correctly explains that separating opposite charges requires work against their attractive force, which adds energy to the system and increases its electric potential energy."
HS-PS3-049,Gemini Flash 3,1,The answer accurately explains that work done against the attractive electric force increases the electric potential energy of the system when opposite charges are moved apart.
HS-PS3-048,Gemini Flash 3,1,The answer accurately applies Coulomb's law to determine that doubling the distance results in one-quarter of the original electric force due to the inverse-square relationship.
HS-PS3-051,OSS 120b,1,"The answer correctly states that magnetic potential energy is minimized when the dipole aligns parallel to the field and maximized when anti‑parallel, matching the standard concept."
HS-PS3-050,OSS 120b,1,"The answer correctly explains that the repulsive force increases with decreasing distance (inverse‑square law), requiring more work and raising potential energy, thus fully addressing why more energy is needed."
HS-PS3-047,Nemotron 3 Super 120b a12,0,"The answer incorrectly claims the electric fields point in the same direction; in reality, each charge experiences a field from the other that points away from that other charge, producing a repulsive force."
HS-PS3-050,Gemini Flash 3,1,"The answer correctly explains the relationship between distance, the increasing repulsive force, and the resulting work required to increase electric potential energy, aligning well with the standard."
HS-PS3-050,Nemotron 3 Super 120b a12,1,"The answer correctly explains that the repulsive force grows stronger as distance decreases (inverse‑square law), so more work is needed to bring the charges closer, increasing their electric potential energy."
HS-PS3-052,OSS 120b,1,The answer correctly explains that magnetic fields mediate forces without contact and that movement under these forces transfers energy between magnetic potential and kinetic forms.
HS-PS3-051,Gemini Flash 3,1,"The answer accurately describes the relationship between a magnet's orientation in a field and its potential energy, correctly identifying the minimum and maximum energy states."
HS-PS3-051,Nemotron 3 Super 120b a12,1,"The answer correctly states that a magnetic dipole’s potential energy is lowest when aligned with the external field and highest when anti‑aligned, and notes that orientation changes the work done by the field, which accurately addresses the energy aspect of the interaction."
HS-PS3-052,Nemotron 3 Super 120b a12,1,"The answer correctly explains that magnetic fields mediate forces and that work done during motion transfers energy between magnetic potential and kinetic forms, satisfying HS-PS3-5."
HS-PS3-053,OSS 120b,1,"The answer correctly applies conservation of energy and computes the kinetic energy as 98 J, fully addressing the question."
HS-PS3-052,Gemini Flash 3,1,The answer accurately explains how magnetic fields facilitate non-contact forces and the resulting energy conversion between potential and kinetic forms through work.
HS-PS3-054,OSS 120b,1,The answer correctly calculates the initial gravitational potential energy and subtracts the friction loss to give the kinetic energy at the bottom.
HS-PS3-047,Gemini Flash 3,0,"The explanation is scientifically inaccurate because the electric fields of two positive charges point in opposite directions relative to each other, and the answer fails to address the changes in energy required by the standard."
HS-PS3-054,Nemotron 3 Super 120b a12,1,"The reference answer correctly computes the initial gravitational potential energy, subtracts the energy lost to friction, and yields the kinetic energy at the bottom, satisfying the standard."
HS-PS3-053,Nemotron 3 Super 120b a12,1,"The answer correctly uses conservation of energy to compute the ball's kinetic energy as 98 J, which directly answers the question and aligns with the energy‑change modeling required by HS‑PS3-1."
HS-PS3-055,OSS 120b,1,The answer correctly calculates the net thermal energy change as 1200 J − 300 J = 900 J and clearly states the block’s internal energy increase.
HS-PS3-053,Gemini Flash 3,1,The reference answer correctly applies the principle of conservation of energy and provides a precise calculation of the kinetic energy using the given mass and height.
HS-PS3-055,Nemotron 3 Super 120b a12,1,"The answer correctly computes the net thermal energy change as the energy added minus the energy lost, aligning with the standard's requirement to calculate a component's energy change from known energy flows."
HS-PS3-056,OSS 120b,1,The answer correctly calculates total energy (60 W × 10 s = 600 J) and subtracts the light energy (400 J) to give the heat energy (200 J).
HS-PS3-054,Gemini Flash 3,1,The calculation correctly applies the law of conservation of energy by determining the initial potential energy and subtracting the work done by friction to find the final kinetic energy.
HS-PS3-056,Nemotron 3 Super 120b a12,1,"The answer correctly applies energy conservation, computing total electrical energy and subtracting the known light energy to find heat released."
HS-PS3-055,Gemini Flash 3,1,The answer correctly applies the principle of conservation of energy by calculating the difference between energy input and energy loss to determine the net change in thermal energy.
HS-PS3-057,OSS 120b,1,"The answer correctly adds the gravitational potential energy gain and the work done against friction to give 600 J, which is the total work done on the box."
HS-PS3-058,OSS 120b,1,The answer correctly applies energy conservation and provides the correct 500 J value with appropriate explanation.
HS-PS3-056,Gemini Flash 3,1,"The answer correctly applies the conservation of energy and the relationship between power, time, and energy to determine the heat energy produced."
HS-PS3-059,OSS 120b,1,"The answer correctly calculates the car's initial kinetic energy and determines that the difference not absorbed by the brakes (20,000 J) is lost to the environment."
HS-PS3-057,Nemotron 3 Super 120b a12,1,"The answer correctly adds the gravitational potential energy gain and the work done against friction to compute the total work input, which satisfies the energy‑balance model required by HS‑PS3-1."
HS-PS3-058,Nemotron 3 Super 120b a12,1,"The answer correctly applies energy conservation (2000 J released − 1500 J stored as thermal = 500 J lost as heat) and provides a clear explanation, meeting the standard."
HS-PS3-060,OSS 120b,1,"The answer correctly identifies elastic potential energy stored in the stretched band before release and kinetic energy of the ball after release, fulfilling the standard."
HS-PS3-059,Nemotron 3 Super 120b a12,1,"The calculation correctly determines the car's initial kinetic energy, subtracts the energy absorbed by the brakes, and identifies the remaining 20,000 J as energy dissipated to the surroundings."
HS-PS3-060,Nemotron 3 Super 120b a12,1,"The answer correctly states that energy is stored as elastic potential energy (related to relative positions) before release and is converted to kinetic energy (related to motion) after release, which matches the standard's focus on energy from particle motion and position."
HS-PS3-059,Gemini Flash 3,1,The answer correctly calculates the initial kinetic energy and applies the principle of conservation of energy to determine the energy dissipated to the surroundings.
HS-PS3-061,Nemotron 3 Super 120b a12,1,"The answer correctly states that, neglecting air resistance, the book-Earth system’s total mechanical energy is conserved while gravitational potential energy converts to kinetic energy during the fall."
HS-PS3-060,Gemini Flash 3,1,The answer accurately identifies the energy transformation from elastic potential energy (position) to kinetic energy (motion) in alignment with the standard's emphasis on particle-level interpretations.
HS-PS3-061,OSS 120b,1,The answer correctly states that mechanical energy is conserved (ignoring air resistance) and explains the trade‑off between decreasing gravitational potential energy and increasing kinetic energy during the fall.
HS-PS3-062,OSS 120b,1,"The answer correctly explains that the coffee's thermal (kinetic) energy is transferred to surrounding air and the cup, increasing their particle motion, which aligns with the standard."
HS-PS3-061,Gemini Flash 3,1,"The answer accurately describes the conservation of mechanical energy and the conversion from potential to kinetic energy during the fall, which aligns with the standard's focus on motion and position-based energy."
HS-PS3-057,Gemini Flash 3,1,The reference answer correctly applies the principle of conservation of energy by summing the potential energy gained and the energy dissipated by friction to determine the total work input.
HS-PS3-063,OSS 120b,1,"The answer correctly explains that greater compression stores more elastic potential energy, which converts to greater kinetic energy, causing the ball from the 4 cm compression to move faster."
HS-PS3-062,Nemotron 3 Super 120b a12,1,"The answer correctly explains that the coffee’s thermal kinetic energy is transferred to surrounding particles via collisions, increasing their motion and lowering the coffee’s average kinetic energy, which aligns with HS‑PS3‑2’s focus on particle‑motion energy accounting."
HS-PS3-062,Gemini Flash 3,1,"The answer correctly explains the transfer of thermal energy as the transfer of kinetic energy between particles, directly addressing the particle motion aspect of the standard."
HS-PS3-064,OSS 120b,1,The answer correctly identifies the bottom of the swing as the point of maximum kinetic energy and the top of the swing as the point of maximum potential energy.
HS-PS3-063,Gemini Flash 3,1,"The answer accurately identifies that greater displacement increases elastic potential energy, which converts to greater kinetic energy, directly addressing the relationship between position and motion described in the standard."
HS-PS3-065,OSS 120b,1,"The answer correctly explains that the car's kinetic energy is transformed into thermal energy via friction, linking macroscopic motion to microscopic particle kinetic energy as required."
HS-PS3-063,Nemotron 3 Super 120b a12,1,"The answer correctly identifies that greater spring compression stores more elastic potential energy, which converts to greater kinetic energy, resulting in a faster ball."
HS-PS3-064,Nemotron 3 Super 120b a12,1,"The answer correctly states that kinetic energy is greatest at the bottom of the swing (maximum speed) and gravitational potential energy is greatest at the top (highest position), which aligns with the energy conversion described in HS-PS3-2."
HS-PS3-065,Nemotron 3 Super 120b a12,1,"The answer correctly explains that the car's kinetic energy is transformed into thermal energy via friction, which corresponds to increased microscopic particle motion, aligning with HS-PS3-2."
HS-PS3-066,OSS 120b,1,"The answer correctly explains that the gas particles’ kinetic and potential energies are transferred to the piston, illustrating the macroscopic motion as arising from microscopic particle energy."
HS-PS3-064,Gemini Flash 3,1,"The answer accurately identifies the points of maximum kinetic and potential energy in a pendulum's swing based on speed and height, correctly reflecting the relationship between energy, motion, and position required by the standard."
HS-PS3-067,Nemotron 3 Super 120b a12,1,"The answer correctly explains that winding the rubber band more tightly stores more elastic potential energy, which converts to greater kinetic energy, resulting in a faster car that travels farther."
HS-PS3-065,Gemini Flash 3,1,"The answer correctly identifies the conversion of macroscopic kinetic energy to thermal energy and explicitly connects it to the increased motion of microscopic particles, fulfilling the requirements of the standard."
HS-PS3-067,OSS 120b,1,"The answer correctly explains that tighter winding stores more elastic potential energy, which converts to more kinetic energy, resulting in higher speed and longer travel, matching the standard."
HS-PS3-066,Nemotron 3 Super 120b a12,1,"The answer correctly identifies both kinetic energy from particle motion and potential energy from intermolecular interactions as the microscopic energy sources that are transferred to the piston, satisfying the standard’s requirement to account for macroscopic energy via particle motion and positio"
HS-PS3-067,Gemini Flash 3,1,The answer accurately identifies the energy conversion process and the relationship between stored elastic potential energy and the resulting kinetic energy.
HS-PS3-068,Nemotron 3 Super 120b a12,1,"The reference answer correctly explains that a larger solar panel captures more light energy, yielding more electrical power to the pump, which increases water flow rate."
HS-PS3-066,Gemini Flash 3,1,"The answer accurately identifies both the kinetic and potential components of internal energy and explains how their transfer results in macroscopic kinetic energy, directly addressing the requirements of standard HS-PS3-2."
HS-PS3-068,OSS 120b,1,"The answer correctly explains that a larger panel harvests more light energy, producing more electrical power, which increases the pump's water flow rate."
HS-PS3-070,Nemotron 3 Super 120b a12,1,"The answer correctly states that wind power scales with the cube of wind speed, so doubling speed increases available power (and thus electrical energy output) by up to eight times, which accurately addresses the energy conversion concept in HS-PS3-3."
HS-PS3-068,Gemini Flash 3,1,The answer accurately describes the energy conversion process and correctly identifies how increasing the panel size affects the total energy captured and the resulting mechanical output of the pump.
HS-PS3-069,Nemotron 3 Super 120b a12,1,"The answer correctly states that gravitational potential energy of the raised counterweight converts to kinetic energy of the projectile as the arm swings down and releases the ball, and that increasing the counterweight mass stores more potential energy, yielding a faster and farther launch, which "
HS-PS3-069,OSS 120b,1,"The answer correctly identifies that the potential‑to‑kinetic conversion happens as the arm swings down and the projectile is released, and explains that a larger counterweight increases stored potential energy, yielding a faster, farther launch."
HS-PS3-069,Gemini Flash 3,1,The answer correctly identifies the energy transformation from gravitational potential to kinetic and accurately describes the effect of increasing the counterweight mass on the launch performance.
HS-PS3-070,OSS 120b,1,"The answer correctly applies the cubic relationship between wind speed and power, indicating that doubling speed can increase electrical output about eightfold, which sufficiently addresses the question."
HS-PS3-058,Gemini Flash 3,1,"The reference answer correctly applies the principle of energy conservation to determine that 500 J of energy must have left the system, although the phrasing regarding 'chemical energy flowing out' is slightly imprecise compared to describing it as a conversion to thermal energy followed by heat tr"
HS-PS3-070,Gemini Flash 3,1,"The answer accurately identifies the cubic relationship between wind speed and power, correctly stating that doubling the speed results in an eightfold increase in potential energy output."
HS-PS3-072,Nemotron 3 Super 120b a12,1,"The answer correctly states that reducing the temperature gradient decreases the driving force for thermoelectric conversion, resulting in less electrical output."
HS-PS3-072,OSS 120b,1,"The answer correctly explains that a smaller temperature gradient reduces the device's electrical output, directly addressing the question."
HS-PS3-071,Nemotron 3 Super 120b a12,1,"The answer correctly states that raising the tank increases the water's gravitational potential energy, resulting in more kinetic energy and thus greater electrical output from the turbine, which directly addresses how the energy conversion and output change."
HS-PS3-071,OSS 120b,1,"The answer correctly explains that raising the tank increases gravitational potential energy, leading to greater kinetic energy, faster turbine rotation, and increased electrical output, which adequately addresses the question."
HS-PS3-073,Nemotron 3 Super 120b a12,1,"The answer correctly explains that reducing friction reduces energy loss as heat, increasing kinetic energy and travel distance, directly addressing the question."
HS-PS3-071,Gemini Flash 3,1,"The answer accurately explains the relationship between height, gravitational potential energy, and the resulting increase in kinetic and electrical energy output."
HS-PS3-072,Gemini Flash 3,1,The answer accurately identifies the energy conversion process and correctly predicts that a reduced temperature gradient leads to lower electrical output based on the principles of thermoelectricity.
HS-PS3-073,OSS 120b,1,"The answer correctly explains that reduced wheel friction decreases energy loss, allowing more spring energy to become kinetic energy and increasing travel distance."
HS-PS3-074,Nemotron 3 Super 120b a12,1,"The answer correctly describes heat transfer from the hot spoon to the cold water until they reach a common equilibrium temperature, which aligns with the standard's requirement to show thermal energy transfer leading to a more uniform energy distribution."
HS-PS3-074,OSS 120b,1,"The answer correctly explains that heat will flow from the hot spoon to the cold water until both reach a common equilibrium temperature, matching the expected description of thermal energy transfer."
HS-PS3-075,OSS 120b,1,"The answer correctly predicts a final temperature of about 40 °C and explains it using equal masses and heat capacities, fulfilling the standard."
HS-PS3-075,Nemotron 3 Super 120b a12,1,"The final temperature is the average of the two initial temperatures because equal masses and specific heats cause the heat lost by the hot water to equal the heat gained by the cold water, yielding a uniform energy distribution."
HS-PS3-073,Gemini Flash 3,1,"The answer accurately applies the principle of energy conservation by explaining that reducing friction minimizes energy lost as heat, thereby maximizing the conversion of potential energy into distance."
HS-PS3-074,Gemini Flash 3,1,"The answer accurately describes the direction of thermal energy transfer and the attainment of thermal equilibrium, directly aligning with the requirements of standard HS-PS3-4."
HS-PS3-076,OSS 120b,1,"The answer correctly describes the thermometer's reading moving toward a single equilibrium temperature as thermal energy redistributes, fulfilling the standard."
HS-PS3-076,Gemini Flash 3,1,The reference answer accurately describes the progression toward thermal equilibrium and explicitly relates it to the uniform distribution of energy required by the standard.
HS-PS3-077,OSS 120b,1,"The answer correctly describes heat transfer from the warmer air to the cooler can, the resulting slight cooling of the air, and eventual equilibrium at a temperature near the room's initial temperature, satisfying the standard."
HS-PS3-076,Nemotron 3 Super 120b a12,1,"The answer correctly describes the thermometer’s change toward a uniform equilibrium temperature in a sealed, insulated system, satisfying the standard’s requirement."
HS-PS3-078,OSS 120b,1,"The answer correctly predicts an intermediate temperature (~45 °C) and provides a valid explanation based on equal masses and heat exchange, satisfying the question and standard."
HS-PS3-075,Gemini Flash 3,1,"The answer accurately predicts the final temperature using conservation of energy and explains the result based on equal mass and specific heat, which demonstrates the principle of thermal energy distribution required by the standard."
HS-PS3-077,Gemini Flash 3,1,"The answer correctly identifies the direction of heat transfer, the attainment of thermal equilibrium, and the role of thermal mass in a closed system, which aligns perfectly with the requirements of standard HS-PS3-4."
HS-PS3-077,Nemotron 3 Super 120b a12,1,"The answer correctly describes heat transfer from the warmer room to the colder can, eventual equilibrium, and explains why the room’s temperature changes negligibly due to its larger thermal mass, which satisfies HS-PS3-4."
HS-PS3-079,OSS 120b,1,"The answer correctly identifies that the final temperature will be nearer to 20 °C (≈25 °C) due to the larger mass of the cool water, providing accurate reasoning."
HS-PS3-080,Nemotron 3 Super 120b a12,1,"The answer correctly states that heat flows from the hotter nail to the cooler water until they reach thermal equilibrium, so the nail cannot become colder than the water, aligning with the second law of thermodynamics."
HS-PS3-078,Nemotron 3 Super 120b a12,1,"The answer correctly states that with equal masses and identical specific heat, the equilibrium temperature is the average of 90°C and 0°C, i.e., about 45°C, which satisfies the standard's requirement."
HS-PS3-080,OSS 120b,1,"The answer correctly states that heat will flow until thermal equilibrium is reached, so the nail cannot become colder than the water."
HS-PS3-079,Gemini Flash 3,1,The answer correctly identifies that the final temperature will be approximately 25°C and provides a scientifically accurate explanation based on the mass ratio and energy distribution as required by the standard.
HS-PS3-079,Nemotron 3 Super 120b a12,1,"The reference answer correctly calculates the final temperature (~25 °C) and explains that the larger mass of cool water dominates, making the final temperature closer to 20°C, which satisfies the standard."
HS-PS3-080,Gemini Flash 3,1,"The answer accurately applies the second law of thermodynamics by stating that energy flows from hot to cold until thermal equilibrium is reached, preventing the nail from becoming colder than the water."
HS-PS3-081,Nemotron 3 Super 120b a12,1,"The answer correctly states that bringing like charges closer increases potential energy due to work done against repulsion, which directly addresses the energy change in an electric interaction."
HS-PS3-081,OSS 120b,1,"The answer correctly states that the electric potential energy increases as like‑charged balloons are brought closer, explaining it via work against repulsive force."
HS-PS3-081,Gemini Flash 3,1,"The answer correctly identifies that electric potential energy increases as work is done against the repulsive force between like charges, accurately reflecting the energy change described in the standard."
HS-PS3-082,Nemotron 3 Super 120b a12,1,"The answer correctly explains that as the negative charge accelerates toward the positive charge, electric potential energy decreases and is converted into kinetic energy, accurately describing the energy changes in the interacting system."
HS-PS3-082,OSS 120b,1,The answer correctly states that kinetic energy increases while electric potential energy decreases as the opposite charges attract.
HS-PS3-083,Nemotron 3 Super 120b a12,1,"The answer correctly describes the decrease in magnetic potential energy and its conversion to kinetic energy as the magnets attract, illustrating the energy change due to magnetic interaction as required by HS‑PS3‑5."
HS-PS3-083,OSS 120b,1,"The answer correctly states that magnetic potential energy decreases and is transformed into kinetic energy as the magnets attract, fulfilling the required explanation of energy change."
HS-PS3-082,Gemini Flash 3,1,The answer accurately describes the energy transformation from potential to kinetic energy as the attractive electric force causes the charges to accelerate toward each other.
HS-PS3-083,Gemini Flash 3,1,"The answer accurately describes the conversion of magnetic potential energy into kinetic energy as the magnets attract, correctly applying the principles of energy conservation and field interactions required by the standard."
HS-PS3-084,OSS 120b,1,"The answer correctly states that the proton’s kinetic energy increases as the electric field does positive work, converting potential energy to kinetic energy."
HS-PS3-084,Nemotron 3 Super 120b a12,1,"The reference answer correctly states that the proton's kinetic energy increases due to positive work done by the electric force as it moves in the direction of the field, consistent with HS‑PS3‑5."
HS-PS3-084,Gemini Flash 3,1,"The answer accurately describes the force direction, the work being done, and the resulting energy transformation from electric potential to kinetic energy."
HS-PS3-086,Nemotron 3 Super 120b a12,1,"The answer correctly states that the repulsive force between like poles grows as they approach and that the magnetic field's potential energy increases due to work done against this force, satisfying the standard's focus on force and energy changes in magnetic interactions."
HS-PS4-001,Nemotron 3 Super 120b a12,1,"The equation v = fλ correctly and completely expresses the relationship among wave speed, frequency, and wavelength."
HS-PS3-085,OSS 120b,1,"The answer correctly states that the field of a negatively charged plate points toward the plate, exerts a repulsive force on the electron, and decelerates it, converting kinetic energy to electric potential energy."
HS-PS3-085,Gemini Flash 3,0,"The answer contains a factual error stating that the electric field points away from a negative charge, when it actually points toward it."
HS-PS3-086,OSS 120b,1,"The answer correctly states that repulsive force grows as distance shrinks and that the magnetic field energy increases due to work done against the repulsion, fully addressing the question."
HS-PS3-085,Nemotron 3 Super 120b a12,0,"The answer incorrectly describes the electric field direction for a negatively charged plate and includes contradictory statements, making it inaccurate and insufficient."
HS-PS3-086,Gemini Flash 3,1,The answer accurately describes the increase in repulsive force and the increase in stored magnetic potential energy as work is performed to move like poles closer together.
HS-PS3-078,Gemini Flash 3,0,"The term 'iced water' implies the presence of ice, which requires significant latent heat to melt, meaning the final equilibrium temperature would be much lower than the 45°C predicted by the reference answer."
HS-PS4-001,OSS 120b,1,"The answer correctly provides the standard wave relationship v = fλ, fully addressing the question."
HS-PS4-002,OSS 120b,1,"The answer correctly states the reciprocal relationship T = 1/f (and implicitly f = 1/T), fully addressing the question."
HS-PS4-002,Nemotron 3 Super 120b a12,1,"The answer correctly states that period and frequency are reciprocals (T = 1/f) and notes the inverse relationship, fully answering the question."
HS-PS4-003,Nemotron 3 Super 120b a12,1,"The answer correctly states that wavelength decreases inversely with increasing frequency at constant wave speed, using the wave equation v = fλ."
HS-PS4-001,Gemini Flash 3,1,"The answer accurately identifies the fundamental wave equation and correctly defines all the variables, which directly addresses the question and the associated science standard."
HS-PS4-003,OSS 120b,1,"The answer correctly states that wavelength decreases (inversely) when frequency rises at constant speed, fully addressing the question."
HS-PS4-003,Gemini Flash 3,1,"The answer accurately applies the wave equation v = fλ to demonstrate the inverse relationship between frequency and wavelength when speed is constant, which directly supports the requirements of HS-PS4-1."
HS-PS4-002,Gemini Flash 3,1,The answer accurately provides the reciprocal mathematical formula and correctly describes the inverse relationship between period and frequency.
HS-PS4-004,OSS 120b,1,"The answer accurately defines an analog signal as a continuous, smoothly varying signal that can assume any value within a range and gives a relevant example."
HS-PS4-004,Nemotron 3 Super 120b a12,1,"The answer accurately defines an analog signal as a continuous, smoothly varying quantity, which is correct and sufficient for the question."
HS-PS4-005,OSS 120b,1,"The answer correctly defines error correction as a technique that detects and corrects transmission errors to ensure the received data matches the original, which sufficiently answers the question."
HS-PS4-005,Nemotron 3 Super 120b a12,1,"The answer accurately defines error correction as detecting and fixing transmission errors to preserve data integrity, which fully addresses the question."
HS-PS4-004,Gemini Flash 3,1,"The answer accurately defines an analog signal as continuous and variable, providing a clear example appropriate for high school level understanding of the topic."
HS-PS4-006,Nemotron 3 Super 120b a12,1,"The answer correctly states that digital signals use only two distinct states, so small noise does not alter their interpretation, which explains their relative immunity to noise compared to analog signals."
HS-PS4-007,Nemotron 3 Super 120b a12,1,"The answer correctly defines bandwidth as the maximum data transmission rate of a channel, measured in bits per second, which is accurate and sufficient for the high‑school level question."
HS-PS4-005,Gemini Flash 3,1,"The answer accurately defines error correction and its role in maintaining data integrity, which is a fundamental advantage of digital transmission as per the standard."
HS-PS4-006,OSS 120b,1,"The answer correctly explains that digital signals use discrete 0/1 states and can tolerate small noise without changing the interpreted value, which captures the key advantage of digital transmission."
HS-PS4-008,Nemotron 3 Super 120b a12,1,"The wave model correctly accounts for diffraction and interference, phenomena that the particle model struggles to explain, aligning with HS‑PS4‑3."
HS-PS4-007,OSS 120b,1,"The answer correctly defines bandwidth as the maximum data transmission rate of a channel, measured in bits per second, which adequately addresses the question."
HS-PS4-006,Gemini Flash 3,1,The answer correctly explains that the discrete nature of digital signals allows them to withstand minor fluctuations in voltage caused by noise without altering the fundamental binary data.
HS-PS4-008,OSS 120b,1,The answer correctly identifies diffraction and interference as phenomena explained by the wave model that the particle model cannot easily account for.
HS-PS4-007,Gemini Flash 3,1,The definition provided is scientifically accurate and foundational for evaluating the efficiency and advantages of digital information transmission as required by the standard.
HS-PS4-010,Nemotron 3 Super 120b a12,1,"The answer correctly states that photon energy is directly proportional to frequency via E = hf, which fully addresses the question."
HS-PS4-009,Nemotron 3 Super 120b a12,1,"The answer accurately defines the photoelectric effect and correctly notes that the photon (particle) model provides the best explanation, meeting the expectations of HS-PS4-3."
HS-PS4-008,Gemini Flash 3,1,"The answer correctly identifies diffraction and interference as key phenomena that the wave model explains and the particle model does not easily account for, which is a core concept of the standard."
HS-PS4-009,OSS 120b,1,"The answer correctly defines the photoelectric effect and appropriately links it to the photon (particle) model, meeting the standard."
HS-PS4-010,OSS 120b,1,"The answer correctly states the proportional relationship and provides the standard equation E = hf, fully addressing the question."
HS-PS4-011,Nemotron 3 Super 120b a12,1,"The answer correctly identifies the wave and particle models as the two main descriptions of electromagnetic radiation, matching the standard's focus."
HS-PS4-009,Gemini Flash 3,1,"The answer accurately defines the photoelectric effect and correctly identifies its significance in supporting the particle model of light, as required by the standard."
HS-PS4-011,OSS 120b,1,The answer correctly identifies the wave model and the particle (photon) model as the two main descriptions of electromagnetic radiation.
HS-PS4-010,Gemini Flash 3,1,"The answer accurately describes the directly proportional relationship between photon energy and frequency using the standard Planck equation, which is a core concept in the particle model of light."
HS-PS4-013,Nemotron 3 Super 120b a12,1,"The answer correctly states that frequency (or wavelength) determines the color of visible light, which is accurate and sufficient for the standard."
HS-PS4-012,Nemotron 3 Super 120b a12,1,"The answer correctly defines absorption as the transfer of radiation energy to the material's atoms or molecules, which is adequate for the HS‑PS4‑4 standard."
HS-PS4-013,OSS 120b,1,The answer correctly identifies frequency (or wavelength) as the property determining visible light color and explains the relationship.
HS-PS4-012,OSS 120b,1,"The answer accurately defines absorption as the transfer of radiation energy to a material's atoms or molecules, distinguishing it from transmission or reflection."
HS-PS4-014,Nemotron 3 Super 120b a12,1,The answer correctly states that a photodetector converts light pulses in an optical fiber into electrical signals for decoding and use by electronic devices.
HS-PS4-012,Gemini Flash 3,1,"The answer correctly defines absorption as the transfer of energy to matter and distinguishes it from reflection and transmission, which is a foundational concept for understanding the effects of electromagnetic radiation."
HS-PS4-013,Gemini Flash 3,1,The answer accurately identifies frequency and wavelength as the determinants of color and correctly describes their relationship to the visible spectrum.
HS-PS4-014,OSS 120b,1,"The answer correctly explains that a photodetector converts optical pulses into electrical signals for decoding, which fully addresses the question."
HS-PS4-015,Nemotron 3 Super 120b a12,1,"The answer correctly defines total internal reflection and explains its role in guiding light within optical fibers, meeting the HS-PS4-5 expectation."
HS-PS4-015,OSS 120b,1,The answer correctly defines total internal reflection and explains its essential role in guiding light within optical fibers.
HS-PS4-016,Nemotron 3 Super 120b a12,1,"The answer correctly identifies that cell phones use radio waves in the microwave frequency range for wireless transmission, which fully answers the question."
HS-PS4-016,OSS 120b,1,"The answer correctly identifies that cell phones use radio waves, specifically microwave frequencies, to transmit information wirelessly."
HS-PS4-014,Gemini Flash 3,1,"The answer accurately describes the role of a photodetector in converting light energy into electrical signals to capture information, which is a key concept of the HS-PS4-5 standard."
HS-PS4-017,Nemotron 3 Super 120b a12,1,The answer correctly states that an antenna captures radio waves and converts their electromagnetic energy into an electrical signal for further processing.
HS-PS4-017,OSS 120b,1,"The answer correctly explains that the antenna captures incoming radio waves and converts them into electrical signals for processing, which fully addresses its role in a receiver."
HS-PS4-015,Gemini Flash 3,1,The answer accurately defines the conditions for total internal reflection and correctly explains its role in guiding light within fiber optic cables for signal transmission.
HS-PS4-017,Gemini Flash 3,1,"The answer accurately describes how an antenna utilizes wave-matter interaction to convert electromagnetic energy into electrical signals, which aligns well with the requirements of the HS-PS4-5 standard."
HS-PS4-016,Gemini Flash 3,1,"The answer accurately identifies that cell phones use radio waves in the microwave frequency range for wireless communication, which is the correct technical information for this standard."
HS-PS4-018,OSS 120b,1,The answer correctly explains that frequency remains unchanged and therefore wavelength must decrease to satisfy v = fλ when the wave slows in a new medium.
HS-PS4-018,Nemotron 3 Super 120b a12,1,"The answer correctly states that frequency remains unchanged when a wave changes medium, uses the wave equation v = fλ to show that a decrease in speed requires a proportional decrease in wavelength, and connects this to the standard’s requirement to use mathematical relationships to support a claim"
HS-PS4-019,Nemotron 3 Super 120b a12,1,"The answer correctly states that frequency is determined by the source and conserved across a boundary, which explains why it remains unchanged while speed and wavelength adjust."
HS-PS4-011,Gemini Flash 3,1,"The answer accurately identifies the wave and particle models and provides a concise, correct description of each as they relate to electromagnetic radiation."
HS-PS4-020,Nemotron 3 Super 120b a12,1,"The answer correctly applies the wave equation v = fλ to show that wavelength decreases inversely with increasing frequency, fully addressing the standard."
HS-PS4-020,OSS 120b,1,"The answer correctly explains that with constant speed, wavelength inversely decreases as frequency increases, using the v = fλ relationship."
HS-PS4-019,Gemini Flash 3,1,The answer accurately explains that frequency is determined by the source and must remain constant at a boundary to maintain continuity of the wave cycles.
HS-PS4-021,Nemotron 3 Super 120b a12,1,"The answer correctly states that all electromagnetic waves share the same vacuum speed because it is set by universal constants (ε₀ and μ₀), and notes that differing frequencies produce different wavelengths while speed remains constant, addressing the relationship among frequency, wavelength, and s"
HS-PS4-019,OSS 120b,1,"The answer correctly explains that frequency is determined by the source and cannot be altered by the boundary, while speed and wavelength adjust, satisfying the concept required."
HS-PS4-022,Nemotron 3 Super 120b a12,1,"The answer correctly applies v = fλ to show that doubling wavelength halves frequency when speed is constant, meeting HS-PS4-1's requirement to use mathematical relationships to support a claim."
HS-PS4-021,OSS 120b,1,"The answer correctly explains that all electromagnetic waves share the same vacuum speed due to the same governing physics, with frequency affecting only wavelength, satisfying the standard."
HS-PS4-022,OSS 120b,1,"The answer correctly states that doubling the wavelength halves the frequency, using the wave equation v = fλ and providing a clear explanation."
HS-PS4-020,Gemini Flash 3,1,"The answer accurately uses the wave equation (v = fλ) to explain the inverse relationship between frequency and wavelength when speed is constant, fulfilling the standard's requirement for mathematical support."
HS-PS4-022,Gemini Flash 3,1,"The answer accurately uses the wave speed formula to demonstrate the inverse relationship between wavelength and frequency, satisfying the standard's requirement for mathematical representation."
HS-PS4-021,Gemini Flash 3,1,"The answer correctly identifies that all electromagnetic waves share the same speed in a vacuum and explains that frequency and wavelength vary inversely to maintain this constant speed, which directly supports the mathematical relationship required by the standard."
HS-PS4-023,OSS 120b,1,"The answer correctly explains that v = fλ lets engineers determine wavelength from frequency and speed, which is essential for antenna design and choosing appropriate transmission frequencies."
HS-PS4-023,Nemotron 3 Super 120b a12,1,"The answer correctly explains that v=fλ allows calculation of wavelength for antenna design and frequency selection, directly linking the mathematical relationship to practical technology design."
HS-PS4-025,Nemotron 3 Super 120b a12,1,"The answer correctly describes sampling, quantization, storage, and reconstruction, showing how digital conversion enables accurate storage and replay of a sound wave."
HS-PS4-023,Gemini Flash 3,1,"The answer correctly explains how the mathematical relationship between wave speed, frequency, and wavelength is applied to practical engineering tasks like antenna design and frequency selection."
HS-PS4-024,OSS 120b,1,"The answer correctly explains that higher frequency means more oscillations and that energy is proportional to frequency (E = hf), providing a valid scientific explanation."
HS-PS4-026,Nemotron 3 Super 120b a12,1,"The answer accurately explains that digital copying reproduces exact binary sequences without loss, whereas analog copying accumulates noise and distortion, fully addressing the question about advantages of digital transmission and storage."
HS-PS4-026,OSS 120b,1,The answer correctly explains that digital copying preserves exact bit sequences while analog copying introduces cumulative noise and distortion.
HS-PS4-025,OSS 120b,1,"The answer correctly explains that sampling the sound wave and encoding each sample as binary numbers enables accurate storage and later reconstruction, which adequately addresses the question."
HS-PS4-025,Gemini Flash 3,1,"The answer accurately describes the fundamental process of digitization through sampling and binary encoding, which allows for the precise storage and reconstruction of information."
HS-PS4-024,Nemotron 3 Super 120b a12,0,"The answer does not mention or use mathematical representations of the relationships among frequency, wavelength, and speed required by HS‑PS4‑1, making it incomplete for the standard."
HS-PS4-027,Nemotron 3 Super 120b a12,1,"The answer correctly describes how extra bits enable error detection and correction in digital transmissions, which satisfies the standard."
HS-PS4-026,Gemini Flash 3,1,"The answer accurately explains that digital data's discrete nature allows for exact replication of sequences, while analog signals are continuous and susceptible to the cumulative effects of noise and distortion during copying."
HS-PS4-028,Nemotron 3 Super 120b a12,1,"The answer correctly explains that higher bit depth increases the number of amplitude levels, reducing quantization error and improving fidelity."
HS-PS4-024,Gemini Flash 3,1,"The answer accurately explains the physical basis for the frequency-energy relationship in both mechanical and electromagnetic contexts, which is scientifically sound for the high school level."
HS-PS4-027,Gemini Flash 3,1,"The answer accurately explains the mechanism of adding redundant bits and using mathematical validation to detect and correct errors, which is the core principle of digital error-checking."
HS-PS4-028,OSS 120b,1,"The answer correctly explains that higher bit depth provides more amplitude levels, reducing quantization error and thus more accurately representing the original sound."
HS-PS4-027,OSS 120b,1,"The answer correctly explains that error‑checking adds redundant bits (parity, checksum, etc.) that are verified on receipt to detect and often correct errors, which fully addresses the question."
HS-PS4-029,Nemotron 3 Super 120b a12,1,"The answer correctly explains that the wave model accounts for refraction through changing wavefront speed and direction at material boundaries, making it more useful for describing lens bending than the particle model."
HS-PS4-028,Gemini Flash 3,1,"The answer accurately explains that bit depth increases the number of available amplitude levels, which allows for a more precise digital mapping of the analog signal and minimizes quantization error."
HS-PS4-030,Nemotron 3 Super 120b a12,1,"The answer correctly cites E = hf to show energy increases with frequency and references the particle model, which adequately addresses the question."
HS-PS4-030,OSS 120b,1,"The answer correctly explains that photon energy scales with frequency via E=hf, addressing why higher-frequency photons have more energy and linking it to the particle model."
HS-PS4-029,OSS 120b,1,"The answer correctly explains that the wave model accounts for refraction via changing wave speed and direction, making it more useful than the particle model for describing light bending in a lens."
HS-PS4-031,Nemotron 3 Super 120b a12,1,"The answer correctly describes diffraction as a wave phenomenon explaining the spreading of light through a narrow aperture and contrasts it with the particle model, satisfying the standard."
HS-PS4-030,Gemini Flash 3,1,The answer accurately identifies the mathematical relationship between frequency and energy and correctly attributes it to the particle model of electromagnetic radiation as required by the standard.
HS-PS4-032,Nemotron 3 Super 120b a12,1,"The answer correctly explains that X‑ray interactions involve discrete photon‑electron energy transfers (particle‑like) that the wave model cannot reproduce, addressing why the particle model is more useful for this situation."
HS-PS4-031,OSS 120b,1,"The answer correctly explains that diffraction—a wave property—causes light to spread after a narrow opening, aligning with the wave model and contrasting it with particle reasoning."
HS-PS4-032,OSS 120b,1,"The answer correctly explains that X‑ray interactions involve discrete photon–electron collisions and that the wave model cannot capture the threshold and one‑to‑one energy transfer, matching the standard’s focus on model usefulness."
HS-PS4-031,Gemini Flash 3,1,The answer accurately identifies diffraction as a wave phenomenon that occurs when an opening is comparable to the wavelength and correctly contrasts this with the particle model.
HS-PS4-032,Gemini Flash 3,1,The answer accurately identifies that the discrete energy transfer and threshold requirements of ionizing radiation are best explained by the particle model rather than the continuous energy transfer of the wave model.
HS-PS4-033,Nemotron 3 Super 120b a12,1,"The answer correctly explains that the wave model allows light beams to superpose and pass through each other unchanged, which matches the standard’s expectation for evaluating wave vs. particle models."
HS-PS4-034,Nemotron 3 Super 120b a12,1,"The answer correctly explains diffraction dependence on wavelength relative to obstacle size, which directly addresses why radio waves diffract around hills while visible light does not."
HS-PS4-029,Gemini Flash 3,1,"The answer correctly identifies that the wave model explains refraction through changes in wavefront speed and direction, a phenomenon that is far more complex to model using classical particles."
HS-PS4-034,OSS 120b,1,"The answer correctly explains that diffraction depends on wavelength relative to obstacle size, giving the proper reason why radio waves diffract around hills while visible light does not."
HS-PS4-033,Gemini Flash 3,1,"The answer accurately describes the principle of superposition in waves and contrasts it with the expected behavior of classical particles, directly addressing the requirements of the standard."
HS-PS4-033,OSS 120b,1,"The answer correctly explains that the wave model uses superposition, allowing beams to overlap without interacting, which directly addresses the question."
HS-PS4-035,Nemotron 3 Super 120b a12,1,"The answer correctly explains that intensity affects photon number, not individual photon energy, and that below the threshold frequency each photon lacks sufficient energy to overcome the work function, so no electrons are ejected regardless of brightness."
HS-PS4-034,Gemini Flash 3,1,"The answer accurately explains that diffraction depends on the wavelength being comparable to the obstacle size, correctly identifying the relevant scales for both radio waves and visible light."
HS-PS4-036,OSS 120b,1,"The answer correctly explains that UV photons carry sufficient energy to damage skin molecules and cause inflammation, whereas radio-wave photons lack the energy to produce such damage, adequately addressing the question."
HS-PS4-035,OSS 120b,1,"The answer correctly explains that increasing intensity adds more photons but does not increase photon energy, so below threshold frequency no electrons are emitted."
HS-PS4-037,Nemotron 3 Super 120b a12,1,"The answer correctly explains that fiber optics use light waves guided by total internal reflection, resulting in near‑light‑speed transmission, low loss, and higher bandwidth compared to electrical signals in copper."
HS-PS4-037,OSS 120b,1,"The answer correctly explains that light in fiber undergoes total internal reflection, travels near light speed with low loss, and is less susceptible to resistance and interference than electrical signals, addressing why fibers are faster and have less signal loss."
HS-PS4-036,Nemotron 3 Super 120b a12,1,"The answer correctly explains that UV photons have sufficient energy to damage biomolecules while radio wave photons do not, directly addressing the question."
HS-PS4-035,Gemini Flash 3,1,"The answer accurately explains the photoelectric effect using the particle model of light, correctly identifying that photon energy depends on frequency rather than intensity."
HS-PS4-036,Gemini Flash 3,1,"The answer correctly identifies that the higher energy of UV photons allows them to cause molecular damage, whereas radio waves lack sufficient energy to trigger such biological effects."
HS-PS4-038,Nemotron 3 Super 120b a12,1,"The answer accurately describes conversion of voice to electromagnetic waves, transmission via antenna and network, and reconversion, aligning with the standard."
HS-PS4-037,Gemini Flash 3,1,"The answer accurately explains the role of total internal reflection and the reduced interference of light waves compared to electrical signals, which aligns with the standard's requirements for technical information on wave-based technology."
HS-PS4-038,Gemini Flash 3,1,"The answer accurately describes the conversion of sound to electrical signals and then to radio waves, covering the fundamental principles of wave transmission and reception required by the standard."
HS-PS4-038,OSS 120b,1,"The answer accurately describes the conversion of voice to electrical signals, encoding into EM radio waves, transmission via antenna and tower, network routing, and reconversion to sound, meeting the standard's requirements."
HS-PS4-039,OSS 120b,1,"The answer correctly explains that noise-canceling headphones detect ambient sound and generate out-of-phase sound waves, causing destructive interference that reduces unwanted noise."
HS-PS4-039,Nemotron 3 Super 120b a12,1,"The answer correctly explains noise‑cancelling headphones using destructive interference from out‑of‑phase sound waves, directly addressing wave behavior as required by HS‑PS4-5."
HS-PS4-039,Gemini Flash 3,1,"The answer accurately explains the application of destructive interference and phase inversion in noise-canceling technology, which aligns with the requirements of standard HS-PS4-5."
HS-PS4-040,Nemotron 3 Super 120b a12,1,"The answer correctly explains that ultrasound uses non‑ionizing sound waves that reflect off tissues, whereas X‑rays involve ionizing electromagnetic radiation that can harm rapidly dividing fetal cells, providing a clear, standard‑aligned reason for preferring ultrasound."
HS-PS4-040,OSS 120b,1,"The answer correctly explains that ultrasound uses non‑ionizing sound waves that safely reflect off fetal tissues, whereas X‑rays involve ionizing radiation that can harm rapidly dividing cells, thus addressing the safety reason for using ultrasound."
HS-PS4-041,Nemotron 3 Super 120b a12,1,"The answer correctly describes the barcode scanner's use of a laser light wave, its reflection/absorption by the barcode pattern, and conversion to electrical signals for decoding, addressing wave behavior and interaction with matter as required by HS-PS4-5."
HS-PS4-041,OSS 120b,1,"The answer accurately explains how the scanner uses a laser light wave, reflection/absorption by the barcode's pattern, and detection to convert the optical pattern into electronic data."
HS-PS4-042,Nemotron 3 Super 120b a12,1,"The answer correctly explains how radar uses wave reflection and time-of-flight to determine an aircraft's distance and direction, satisfying the standard."
HS-PS4-041,Gemini Flash 3,1,"The answer accurately describes the wave-matter interactions of absorption and reflection and explains how these interactions are used to capture and convert information, which aligns perfectly with standard HS-PS4-5."
HS-PS4-042,OSS 120b,1,"The answer correctly explains that radar pulses reflect off aircraft and that measuring return time (and using wave speed) lets controllers determine distance and direction, fully addressing how reflection reveals position."
HS-PS4-040,Gemini Flash 3,1,"The answer accurately distinguishes between the mechanical nature of ultrasound and the ionizing electromagnetic nature of X-rays, correctly explaining their interactions with matter and the resulting safety implications for a fetus."
HS-PS4-043,Nemotron 3 Super 120b a12,1,"The calculation correctly applies v = fλ to find ~340 m/s, which matches the expected speed of sound in air, providing a complete answer."
HS-PS4-043,OSS 120b,1,"The answer correctly applies v = fλ, computes ~340 m/s, and fully answers the question."
HS-PS4-044,OSS 120b,1,"The answer correctly applies λ = v/f, computes 3 m, and fully addresses the question."
HS-PS4-042,Gemini Flash 3,1,"The answer accurately describes the wave behavior of reflection and the use of time-of-flight to calculate distance, which directly fulfills the requirements of the HS-PS4-5 standard regarding capturing information via wave interactions."
HS-PS4-045,Nemotron 3 Super 120b a12,1,"The reference answer correctly applies v = fλ with constant frequency to show that doubling wave speed doubles wavelength, giving the correct new wavelength of 0.8 m."
HS-PS4-043,Gemini Flash 3,1,The reference answer correctly applies the wave speed formula v = fλ and provides an accurate calculation that directly addresses the question and the standard's requirements.
HS-PS4-044,Nemotron 3 Super 120b a12,1,"The answer correctly applies λ = v/f, computes the wavelength as 3 m, and demonstrates the required mathematical relationship among frequency, wavelength, and wave speed."
HS-PS4-044,Gemini Flash 3,1,"The answer correctly applies the wave equation, performs the necessary unit conversion for megahertz, and provides the accurate numerical value with units."
HS-PS4-045,OSS 120b,1,"The answer correctly applies v = fλ, notes that frequency is unchanged, and correctly calculates the new wavelength as 0.8 m."
HS-PS4-046,OSS 120b,1,The answer correctly calculates both wavelengths using λ = v/f and accurately states that the wavelength in glass is shorter than in vacuum.
HS-PS4-045,Gemini Flash 3,1,The answer correctly applies the wave equation v = fλ and the principle of direct proportionality to determine that doubling the speed while keeping frequency constant results in a wavelength of 0.8 m.
HS-PS4-047,Nemotron 3 Super 120b a12,1,"The calculation λ=v/f yields 0.308 m≈0.31 mm, which correctly matches the given frequency and speed."
HS-PS4-046,Nemotron 3 Super 120b a12,1,"The answer correctly computes wavelengths using λ=v/f, shows that the wavelength in glass (400 nm) is shorter than in vacuum (600 nm), and explains that frequency remains unchanged while speed decreases, satisfying HS-PS4-1."
HS-PS4-047,OSS 120b,1,"The answer correctly applies λ = v/f to compute a wavelength of 0.000308 m (≈0.31 mm), fully answering the question."
HS-PS4-046,Gemini Flash 3,1,"The calculations are mathematically accurate and correctly demonstrate the relationship between wave speed and wavelength at a constant frequency, fulfilling the requirements of the standard."
HS-PS4-049,Nemotron 3 Super 120b a12,1,"The answer correctly calculates frequency as 0.25 Hz from the 4‑second period and then computes wave speed using v = fλ, yielding 2.5 m/s."
HS-PS4-048,Nemotron 3 Super 120b a12,1,"The calculation correctly applies λ = v/f to the given frequency and speed of light, yielding the proper wavelength."
HS-PS4-048,OSS 120b,1,"The answer correctly applies λ = v/f, computes 3×10⁸ m/s ÷ 2.45×10⁹ Hz ≈ 0.122 m (≈12.2 cm), which accurately answers the question."
HS-PS4-047,Gemini Flash 3,1,The calculation correctly uses the wave equation lambda = v/f with appropriate unit conversion and provides the accurate wavelength.
HS-PS4-049,OSS 120b,1,"The answer correctly computes the frequency as 0.25 Hz and uses v = fλ to find the wave speed as 2.5 m/s, fully addressing the question."
HS-PS4-050,OSS 120b,1,"The answer correctly states that digital copies remain identical in quality to the original, reflecting the advantage of lossless digital transmission and storage."
HS-PS4-048,Gemini Flash 3,1,"The reference answer correctly applies the wave equation, performs the necessary unit conversion for frequency, and provides the accurate wavelength calculation."
HS-PS4-050,Nemotron 3 Super 120b a12,1,"The answer correctly states that digital copies retain identical quality because data is stored as binary and can be reproduced exactly, which addresses the advantage of lossless digital transmission and storage."
HS-PS4-051,OSS 120b,1,"The answer correctly explains that digital audio remains unchanged with repeated playbacks, whereas analog tape deteriorates over time, aligning with the standard’s focus on digital advantages."
HS-PS4-049,Gemini Flash 3,1,"The reference answer correctly identifies the relationship between period, frequency, and wavelength, and calculates the correct speed with appropriate units."
HS-PS4-051,Nemotron 3 Super 120b a12,1,"The answer correctly explains that digital playback does not alter the data whereas analog tape wears out with use, illustrating the advantage of digital storage as required by the standard."
HS-PS4-050,Gemini Flash 3,1,"The answer correctly identifies that digital information can be replicated perfectly as binary code, highlighting a key advantage of digital over analog transmission."
HS-PS4-051,Gemini Flash 3,1,"The answer accurately contrasts the stability of digital data with the physical degradation of analog media, directly addressing the core advantages of digital storage as required by the standard."
HS-PS4-052,OSS 120b,1,"The answer correctly explains that analog audio is more susceptible to static and distortion from storm interference, while digital VoIP can mitigate interference with error correction, reflecting the digital advantage."
HS-PS4-052,Nemotron 3 Super 120b a12,1,"The answer correctly explains that analog signals are directly distorted by electrical interference causing noise, while digital VoIP can employ error correction to mitigate interference, reflecting the advantage of digital transmission per HS-PS4-2."
HS-PS4-053,Nemotron 3 Super 120b a12,1,"The answer correctly identifies the particle (photon) model as the better explanation for the frequency threshold in a solar cell, invoking E = hf and noting intensity independence, which aligns with the photoelectric effect and satisfies the standard."
HS-PS4-053,OSS 120b,1,"The answer correctly identifies the photon (particle) model as the appropriate explanation for the frequency threshold in a solar cell, linking photon energy to the band‑gap requirement."
HS-PS4-052,Gemini Flash 3,1,"The answer accurately describes the fundamental difference between how analog and digital signals handle interference, highlighting the role of error correction in digital transmission."
HS-PS4-053,Gemini Flash 3,1,The answer correctly identifies the particle model as the explanation for the threshold frequency in the photoelectric effect and accurately explains the relationship between photon energy and frequency.
HS-PS4-054,OSS 120b,1,"The answer correctly identifies the wave model as the appropriate explanation and cites diffraction, a wave phenomenon, as the supporting reason, fully addressing the question."
HS-PS4-054,Nemotron 3 Super 120b a12,1,The answer correctly selects the wave model and provides appropriate evidence (diffraction of long-wavelength radio waves) to justify why the wave model is more useful in this situation.
HS-PS4-054,Gemini Flash 3,1,"The answer accurately identifies the wave model and correctly attributes the behavior to diffraction, which is a key concept for this standard."
HS-PS4-055,Nemotron 3 Super 120b a12,1,"The answer correctly identifies the particle model and explains that UV photons have higher energy per photon due to higher frequency, which is needed to trigger the film's chemical reaction, showing photon energy depends on frequency."
HS-PS4-055,OSS 120b,1,"The answer correctly identifies the particle model as the appropriate explanation and explains that UV photons have higher energy per photon than red photons, which is why only UV exposure works."
HS-PS4-056,Nemotron 3 Super 120b a12,1,"The answer correctly identifies the wave model as the appropriate model for predicting interference fringe positions and explains why via constructive/destructive interference, which aligns with HS‑PS4‑3."
HS-PS4-055,Gemini Flash 3,1,"The answer correctly identifies the particle model and explains that the energy of individual photons, determined by frequency, is the factor that triggers the chemical reaction rather than the total intensity of the light."
HS-PS4-057,Nemotron 3 Super 120b a12,1,"The particle model correctly gives photon energy via E = hf, which matches the requirement."
HS-PS4-056,OSS 120b,1,The answer correctly identifies the wave model as most useful for predicting interference fringes and explains why.
HS-PS4-057,OSS 120b,1,The answer correctly identifies the particle (photon) model and provides the appropriate energy formula E = hf (or E = hc/λ) for a single X-ray photon.
HS-PS4-056,Gemini Flash 3,1,The answer correctly identifies the wave model as the appropriate framework for predicting interference patterns and explains the underlying physical principles of superposition and wavelength.
HS-PS4-058,OSS 120b,1,The answer correctly identifies the wave model as better for predicting diffraction and explains why the particle model cannot account for the spreading.
HS-PS4-057,Gemini Flash 3,1,"The answer accurately identifies the particle model and the correct energy equation for a single photon, directly addressing both parts of the question."
HS-PS4-059,Nemotron 3 Super 120b a12,1,"The answer correctly explains that photon energy is determined by frequency, so increasing intensity (more photons) cannot eject electrons if each photon lacks sufficient energy."
HS-PS4-059,OSS 120b,1,"The answer correctly uses the photon (particle) model to explain that photon energy depends on frequency, not intensity, so red photons lack sufficient energy to cause emission regardless of intensity."
HS-PS4-058,Nemotron 3 Super 120b a12,1,"The wave model correctly predicts the spreading as diffraction, while a classical particle model cannot explain this behavior, making the answer correct and sufficient for HS‑PS4‑3."
HS-PS4-058,Gemini Flash 3,1,"The answer correctly identifies the wave model and diffraction as the appropriate explanation for light spreading through a slit, which aligns with the pedagogical distinction required by the standard."
HS-PS4-060,Nemotron 3 Super 120b a12,1,"The answer correctly explains that microwaves at 2.45 GHz heat water by causing dipole vibration, and that dry ceramic, lacking water, absorbs little energy and stays cool."
HS-PS4-059,Gemini Flash 3,1,"The answer accurately explains the photoelectric effect using the particle model by relating photon energy to frequency and explaining why individual photon energy, rather than total intensity, determines electron emission."
HS-PS4-061,OSS 120b,1,"The answer correctly explains that bone’s higher density and calcium content absorb X‑rays, providing contrast, whereas ligaments have similar absorption to surrounding soft tissue, resulting in low contrast and poor visibility."
HS-PS4-061,Nemotron 3 Super 120b a12,1,"The answer correctly explains that bone's higher X-ray absorption due to its density and calcium creates image contrast, whereas ligaments have similar absorption to surrounding soft tissue, producing little contrast and thus are not clearly visible on a standard X‑ray."
HS-PS4-060,OSS 120b,1,"The answer correctly explains that water molecules absorb the 2.45 GHz microwaves and heat up, while dry ceramic lacks water and thus absorbs little energy, staying cool."
HS-PS4-061,Gemini Flash 3,1,"The answer accurately explains that contrast in X-ray imaging depends on differential absorption based on material density and atomic composition, which aligns with the standard's focus on the effects of EM radiation when absorbed by matter."
HS-PS4-062,Nemotron 3 Super 120b a12,1,"The answer correctly explains that gamma rays' high frequency gives them sufficient photon energy to ionize atoms and damage DNA, whereas radio waves' low frequency lacks that energy, which directly addresses the question about frequency's role."
HS-PS4-062,OSS 120b,1,"The answer correctly explains that gamma rays' high frequency gives them ionizing energy capable of damaging DNA, while radio waves' low frequency lacks sufficient energy, matching the standard."
HS-PS4-062,Gemini Flash 3,1,"The answer correctly identifies that higher frequency corresponds to higher energy, allowing gamma rays to ionize atoms and damage DNA, whereas radio waves lack the energy to cause such effects."
HS-PS4-063,OSS 120b,1,The answer correctly affirms that microwave heating of tissue is physically reasonable and explains the mechanism of water molecule absorption leading to thermal effects.
HS-PS4-063,Gemini Flash 3,1,"The answer accurately identifies the physical mechanism of dielectric heating in water molecules, which correctly supports the validity of the claim regarding microwave radiation's thermal effects on tissue."
HS-PS4-064,OSS 120b,1,"The answer correctly explains that UV photons have higher frequency/energy and can be absorbed to trigger melanin production, while visible photons lack sufficient energy, directly addressing the photon energy and absorption concept."
HS-PS4-065,Nemotron 3 Super 120b a12,1,"The answer correctly describes how an ultrasound machine uses reflected sound waves, timing, and intensity to construct an image, fulfilling the standard."
HS-PS4-064,Nemotron 3 Super 120b a12,1,"The answer correctly links higher UV photon energy to absorption that triggers melanin production, while visible light lacks sufficient energy, addressing the question’s requirement."
HS-PS4-063,Nemotron 3 Super 120b a12,1,"The answer correctly identifies that microwave radiation can be absorbed by water molecules in tissue, causing dielectric heating through increased molecular motion, which makes the claimed effect physically reasonable."
HS-PS4-064,Gemini Flash 3,1,The answer accurately uses the relationship between frequency and energy to explain why UV radiation can trigger the photochemical process of tanning while visible light cannot.
HS-PS4-060,Gemini Flash 3,1,"The answer accurately identifies that the interaction between microwave radiation and matter depends on the material's molecular properties, specifically the presence of polar molecules like water, which is appropriate for the HS-PS4-4 standard."
HS-PS4-065,OSS 120b,1,"The answer accurately explains that the ultrasound emits high‑frequency sound, records echoes from different tissues, and uses their timing and strength to construct an image, meeting the standard."
HS-PS4-066,OSS 120b,1,"The answer correctly explains that escaping light leads to signal attenuation and loss of information, referencing total internal reflection as the mechanism that normally preserves the signal."
HS-PS4-066,Nemotron 3 Super 120b a12,1,"The answer correctly states that light escaping reduces signal energy and data integrity, and correctly references total internal reflection as the wave‑behavior mechanism that prevents loss, satisfying the standard’s requirement to explain wave interactions in technological devices."
HS-PS4-067,OSS 120b,1,"The answer correctly explains that reflected light pulses from white bars and absorption by black bars create a binary-like signal that is read and decoded, covering the encoding and transmission of information."
HS-PS4-065,Gemini Flash 3,1,"The answer accurately explains how ultrasound technology uses reflection, time delay, and wave intensity to translate sound interactions with matter into visual information, aligning with the HS-PS4-5 standard."
HS-PS4-067,Nemotron 3 Super 120b a12,1,"The answer correctly describes how the laser light interacts with the barcode's black and white bars to produce a reflected/absorbed pattern that is sensed as a binary signal, aligning with wave‑matter interaction principles."
HS-PS4-068,Nemotron 3 Super 120b a12,1,"The answer correctly calculates the round‑trip distance and divides by the speed of sound, giving the accurate echo time of 1 second."
HS-PS4-068,OSS 120b,1,The answer correctly calculates the round‑trip distance (1500 m) and divides by the speed to give the correct echo time of 1 second.
HS-PS4-067,Gemini Flash 3,1,"The answer accurately describes the interaction of light waves with matter through reflection and absorption to encode binary-like information, which aligns with the HS-PS4-5 standard."
HS-PS4-069,Nemotron 3 Super 120b a12,1,"The answer correctly explains that IR waves travel in straight lines and are blocked by opaque objects, while radio waves have longer wavelengths that allow diffraction and penetration, directly addressing wave behavior and its technological relevance."
HS-PS4-068,Gemini Flash 3,1,The answer accurately accounts for the round-trip distance of the sonar pulse and correctly calculates the time using the provided speed of sound.
HS-PS4-069,OSS 120b,1,"The answer accurately explains that IR requires line‑of‑sight and is blocked by opaque objects, whereas radio waves can diffract and penetrate materials, directly addressing the comparison asked."
HS-LS1-001,Nemotron 3 Super 120b a12,1,The answer correctly describes the central dogma as the flow of genetic information from DNA to RNA to protein.
HS-LS1-002,Nemotron 3 Super 120b a12,1,The answer correctly describes mRNA's role in carrying genetic information from DNA to the ribosome for protein assembly.
HS-LS1-001,OSS 120b,1,"The answer correctly and concisely states the central dogma as DNA → RNA → protein, matching the standard's focus on DNA determining protein structure."
HS-PS4-069,Gemini Flash 3,1,"The answer accurately explains the wave behaviors of infrared and radio waves, specifically addressing diffraction and penetration in the context of technological devices as required by standard HS-PS4-5."
HS-LS1-002,OSS 120b,1,"The answer correctly describes mRNA’s function of transporting DNA’s genetic code to ribosomes and acting as the template for protein assembly, meeting the question’s requirements."
HS-LS1-001,Gemini Flash 3,1,"The answer accurately defines the flow of genetic information from DNA to RNA to protein, which is the core concept of the central dogma as it relates to protein synthesis."
HS-LS1-003,Nemotron 3 Super 120b a12,1,"The answer accurately defines transcription as the copying of a DNA gene sequence into complementary mRNA by RNA polymerase, which correctly addresses the question."
HS-LS1-004,Nemotron 3 Super 120b a12,1,"The reference answer correctly defines translation as ribosomes reading mRNA codons and assembling amino acids into a protein, which is accurate and sufficiently complete for the standard."
HS-LS1-002,Gemini Flash 3,1,"The answer accurately describes the dual role of mRNA in transporting genetic information from the nucleus and serving as the template for protein assembly, which is essential for understanding the link between DNA and protein structure."
HS-LS1-003,OSS 120b,1,"The answer correctly defines transcription as copying DNA into complementary mRNA using RNA polymerase, which adequately addresses the question."
HS-LS1-004,OSS 120b,1,"The answer correctly defines translation as ribosomes reading mRNA codons and assembling amino acids into a protein, adequately covering the concept."
HS-LS1-005,Nemotron 3 Super 120b a12,1,The answer correctly describes tRNA's role in delivering amino acids and matching anticodons to mRNA codons during translation.
HS-LS1-005,OSS 120b,1,The answer correctly describes tRNA's role of delivering amino acids and pairing anticodons with mRNA codons during translation.
HS-LS1-003,Gemini Flash 3,1,"The answer accurately identifies the role of DNA, mRNA, and RNA polymerase in transcription, providing a complete and correct definition suitable for high school biology."
HS-LS1-006,Nemotron 3 Super 120b a12,1,"The answer correctly identifies epithelial tissue as the lining of organs and body surfaces and accurately describes its protective, absorptive, and secretory functions."
HS-LS1-006,OSS 120b,1,"The answer correctly identifies epithelial tissue as the outer lining of organs and body surfaces and provides a concise, accurate description."
HS-LS1-007,Nemotron 3 Super 120b a12,1,"The answer correctly distinguishes negative feedback (which reverses changes to maintain set point) from positive feedback (which amplifies changes), which fully addresses the question."
HS-LS1-005,Gemini Flash 3,1,"The answer accurately describes the dual role of tRNA in transporting specific amino acids and matching them to mRNA codons via anticodons, which is essential for protein synthesis."
HS-LS1-006,Gemini Flash 3,1,The answer correctly identifies epithelial tissue as the type that lines organs and body surfaces and provides appropriate functional context for a high school level.
HS-LS1-007,OSS 120b,1,"The answer correctly and concisely distinguishes negative feedback (counteracts change to restore set point) from positive feedback (amplifies change, moving away from the set point)."
HS-LS1-008,Nemotron 3 Super 120b a12,1,The answer correctly defines set point as the target value that feedback mechanisms work to maintain.
HS-LS1-007,Gemini Flash 3,1,"The answer accurately defines and distinguishes both feedback mechanisms by describing their effects on a system's set point, which is the core conceptual requirement for this standard."
HS-LS1-008,OSS 120b,1,The answer accurately defines a set point as the target value of a physiological variable that homeostatic feedback mechanisms aim to maintain.
HS-LS1-009,Nemotron 3 Super 120b a12,1,"The answer correctly describes the pancreas’s release of insulin and glucagon in response to high and low blood glucose, forming a negative feedback loop that maintains homeostasis."
HS-LS1-008,Gemini Flash 3,1,The definition accurately identifies the set point as the target value and correctly relates it to feedback mechanisms as required by the standard.
HS-LS1-009,OSS 120b,1,The answer correctly describes the pancreas’s release of insulin and glucagon in a negative feedback loop to maintain blood glucose homeostasis.
HS-LS1-010,OSS 120b,1,"The answer correctly identifies the receptor (sensor) as the component that detects changes and signals the control center, fully addressing the question."
HS-LS1-010,Nemotron 3 Super 120b a12,1,"The reference answer correctly identifies the receptor (or sensor) as the component that detects variable changes and transmits signals to the control center, which fully addresses the question."
HS-LS1-009,Gemini Flash 3,1,"The answer accurately identifies the specific hormones, their triggers, and the negative feedback mechanism used by the pancreas to maintain homeostasis."
HS-LS1-011,Nemotron 3 Super 120b a12,1,"The answer accurately defines cell differentiation and provides appropriate examples, meeting the expectations for HS-LS1-4."
HS-LS1-010,Gemini Flash 3,1,The answer accurately identifies the receptor or sensor as the component responsible for detecting stimuli and communicating with the control center in a homeostatic feedback loop.
HS-LS1-012,Nemotron 3 Super 120b a12,1,"The answer correctly states that each daughter cell from mitosis in a human cell retains the parent's chromosome number of 46, fully addressing the question."
HS-LS1-011,OSS 120b,1,"The answer correctly defines cell differentiation as the process where less specialized cells become specialized with specific structures and functions, matching the required concept."
HS-LS1-012,OSS 120b,1,"The answer correctly states that each daughter cell has 46 chromosomes, matching the diploid number of the original human cell."
HS-LS1-013,Nemotron 3 Super 120b a12,1,"The answer correctly identifies the S phase (synthesis phase) as the DNA‑copying phase before mitosis and notes it is part of interphase, which satisfies the question."
HS-LS1-011,Gemini Flash 3,1,"The definition is scientifically accurate and includes relevant examples of specialized cells, making it appropriate for the high-school standard."
HS-LS1-013,Gemini Flash 3,1,"The answer correctly identifies the S phase as the period of DNA replication within interphase, accurately addressing the question in the context of the cell cycle."
HS-LS1-013,OSS 120b,1,"The answer correctly identifies the S phase as the DNA replication phase before mitosis and notes its place in interphase, fully addressing the question."
HS-LS1-014,Nemotron 3 Super 120b a12,1,The answer correctly names the light-dependent and light-independent reactions (Calvin cycle) as the two main stages of photosynthesis.
HS-LS1-014,OSS 120b,1,The answer correctly identifies the two main stages—light‑dependent reactions and light‑independent (Calvin cycle) reactions—providing the expected terminology.
HS-LS1-015,Nemotron 3 Super 120b a12,1,"The answer correctly identifies the thylakoid membranes (in grana) as the site of light-dependent reactions, which aligns with the standard's focus on photosynthesis energy transformation."
HS-LS1-015,OSS 120b,1,The answer correctly identifies the thylakoid membranes (thylakoids) as the site of light‑dependent reactions and provides appropriate detail.
HS-LS1-014,Gemini Flash 3,1,"The answer accurately identifies both the light-dependent and light-independent reactions, providing the standard names and common synonyms used in high school biology."
HS-LS1-015,Gemini Flash 3,1,The answer accurately identifies the thylakoid membranes as the site of light-dependent reactions and correctly describes their structure and arrangement within the chloroplast.
HS-LS1-016,Nemotron 3 Super 120b a12,1,"The answer correctly identifies glucose as the carbohydrate produced in photosynthesis that stores the light‑derived chemical energy in its bonds, which satisfies the standard's focus on energy storage."
HS-LS1-017,Nemotron 3 Super 120b a12,1,The answer correctly identifies oxygen (O₂) as the gas released by photolysis of water during the light-dependent reactions of photosynthesis.
HS-LS1-016,OSS 120b,1,The answer correctly identifies glucose as the photosynthetic product that directly stores the chemical energy from light.
HS-LS1-017,OSS 120b,1,"The answer correctly identifies oxygen as the gas released during the light‑dependent reactions and explains its origin via photolysis of water, fully addressing the question."
HS-LS1-016,Gemini Flash 3,1,"Glucose is the primary product of photosynthesis that stores chemical energy in its bonds, aligning with high school standards for energy transformation."
HS-LS1-017,Gemini Flash 3,1,The answer accurately identifies oxygen as the byproduct and correctly explains that it results from the photolysis of water during the light-dependent reactions.
HS-LS1-018,Nemotron 3 Super 120b a12,1,"The answer correctly states that peptide bonds join amino acids to form polypeptide (protein) chains, which is accurate and sufficient for the question."
HS-LS1-018,OSS 120b,1,"The answer correctly identifies the peptide bond as the chemical link joining amino acids into a protein chain, fully addressing the question."
HS-LS1-019,Nemotron 3 Super 120b a12,1,"The answer correctly lists glycolysis, Krebs cycle, and electron transport chain with their cellular locations, which are the three main stages of cellular respiration."
HS-LS1-019,OSS 120b,1,"The answer correctly lists glycolysis, the Krebs cycle, and the electron transport chain as the three main stages of cellular respiration."
HS-LS1-018,Gemini Flash 3,1,"The answer accurately identifies the peptide bond as the covalent bond that links amino acids to form proteins, which is a fundamental concept in the formation of large carbon-based molecules."
HS-LS1-020,Nemotron 3 Super 120b a12,1,"The reference answer correctly defines exergonic and accurately describes how cellular respiration releases energy, fully addressing the question."
HS-LS1-019,Gemini Flash 3,1,"The answer accurately identifies the three main stages of cellular respiration and their correct cellular locations, which are the fundamental components of the process described in the standard."
HS-LS1-020,OSS 120b,1,"The answer correctly explains that exergonic means a net release of energy and ties it to the bond energy changes in cellular respiration, matching the standard."
HS-LS1-021,OSS 120b,1,"The answer correctly explains that a single‑base change can alter a codon, change an amino acid, and thereby disrupt protein folding and function, meeting the standard."
HS-LS1-021,Nemotron 3 Super 120b a12,1,"The answer correctly explains that a single‑base change can alter a codon, change an amino acid, affect protein folding, and thus disrupt function, which aligns with the standard."
HS-LS1-022,Nemotron 3 Super 120b a12,1,"The answer correctly describes transcription, translation, and how amino‑acid chemistry drives protein folding, fully addressing how DNA base sequence determines protein shape."
HS-LS1-021,Gemini Flash 3,1,"The answer accurately explains the relationship between DNA sequences, amino acid sequences, protein folding, and function, directly addressing the requirements of the standard."
HS-LS1-022,OSS 120b,1,"The answer correctly outlines transcription, translation, and how the resulting amino acid sequence determines protein folding and shape, meeting the standard’s requirements."
HS-LS1-022,Gemini Flash 3,1,The answer accurately describes the flow of genetic information from DNA to mRNA to amino acids and explains how the resulting amino acid sequence determines the protein's final 3D shape.
HS-LS1-023,Nemotron 3 Super 120b a12,1,The answer correctly explains that DNA remains in the nucleus to protect it and that mRNA serves as the mobile template for translation.
HS-LS1-020,Gemini Flash 3,1,The answer accurately defines exergonic in the context of high school biology and correctly explains the net energy release through the breaking and forming of chemical bonds as described in standard HS-LS1-7.
HS-LS1-023,OSS 120b,1,"The answer correctly explains that DNA remains in the nucleus due to its size and the need to protect genetic information, and that mRNA serves as the mobile template for protein synthesis at ribosomes, adequately addressing the question."
HS-LS1-024,Nemotron 3 Super 120b a12,1,"The answer correctly explains that differential gene expression leads to distinct proteins and functions in specialized cells, directly addressing how identical DNA yields different cell types."
HS-LS1-024,OSS 120b,1,"The answer correctly explains that differential gene expression leads to different proteins, accounting for the structural and functional differences between muscle and nerve cells."
HS-LS1-023,Gemini Flash 3,1,The answer accurately explains the roles of DNA and mRNA in protein synthesis and provides the standard biological justifications for why DNA remains in the nucleus at the high school level.
HS-LS1-024,Gemini Flash 3,1,"The answer accurately explains that differential gene expression leads to the production of different proteins, which accounts for the unique structures and functions of specialized cells."
HS-LS1-025,OSS 120b,1,"The answer correctly explains that amino acid order dictates protein folding and shape, which determines function, fully addressing the question."
HS-LS1-025,Nemotron 3 Super 120b a12,1,"The answer correctly explains that the amino acid sequence determines protein folding and thus its three‑dimensional shape and function, which satisfies the standard."
HS-LS1-026,OSS 120b,1,"The answer correctly explains that diverse cellular structures and specialized functions require multiple tissue types, aligning with the hierarchical organization concept."
HS-LS1-025,Gemini Flash 3,1,"The answer accurately explains the relationship between amino acid sequence, protein folding/shape, and biological function, which aligns with the requirements of standard HS-LS1-1."
HS-LS1-026,Nemotron 3 Super 120b a12,1,"The answer correctly states that different functions require different cellular structures and properties, so a single tissue cannot perform all tasks, and explains that organ systems rely on multiple interacting tissue types, which aligns with HS‑LS1‑2."
HS-LS1-026,Gemini Flash 3,1,"The answer accurately explains the necessity of specialization and hierarchical interaction among different tissues to achieve the complex functions of an organ system, which aligns with the standard's focus on organizational hierarchy."
HS-LS1-027,OSS 120b,1,"The answer correctly explains that differential gene expression leads to different proteins, structures, and functions, accounting for the distinct appearance and behavior of liver versus muscle cells."
HS-LS1-027,Nemotron 3 Super 120b a12,1,"The answer correctly explains that differential gene expression produces distinct proteins and functions, accounting for the differences between liver and muscle cells."
HS-LS1-028,Nemotron 3 Super 120b a12,1,"The answer correctly explains that tissues have specific, indispensable roles within organs, so loss of one tissue disrupts organ function and thus the organ system, reflecting hierarchical organization and interdependence."
HS-LS1-028,OSS 120b,1,"The answer correctly explains that tissues are interdependent within an organ, so damage to one tissue can reduce the organ’s overall function, aligning with the hierarchical organization concept."
HS-LS1-029,Nemotron 3 Super 120b a12,1,"The answer correctly identifies shivering as a negative feedback mechanism that generates heat to restore core temperature to its set point, fully addressing the question."
HS-LS1-028,Gemini Flash 3,1,The answer accurately reflects the hierarchical organization and functional interdependence required by standard HS-LS1-2.
HS-LS1-029,OSS 120b,1,"The answer correctly explains that shivering is a negative feedback response to low core temperature, describing thermoreceptor detection, muscle-generated heat, and restoration of homeostasis."
HS-LS1-027,Gemini Flash 3,1,"The answer accurately identifies selective gene expression and the resulting protein synthesis as the mechanism for cell specialization, which is the basis for the hierarchical organization of multicellular organisms."
HS-LS1-029,Gemini Flash 3,1,"The answer accurately identifies shivering as a negative feedback mechanism and explains how it generates heat to restore homeostasis, directly addressing the core concept of the standard."
HS-LS1-030,OSS 120b,1,"The answer correctly explains that elevated blood glucose is sensed by pancreatic beta cells, leading to insulin secretion that restores glucose levels via cellular uptake and liver storage, illustrating the negative feedback loop."
HS-LS1-030,Nemotron 3 Super 120b a12,1,"The answer correctly describes how elevated blood glucose is detected by pancreatic beta cells, leading to insulin secretion that promotes glucose uptake and storage, thereby restoring homeostasis through a negative feedback loop."
HS-LS1-031,Nemotron 3 Super 120b a12,1,"The answer correctly explains that rapid feedback limits deviation from the set point, preventing harmful extremes, which addresses the importance for maintaining homeostasis."
HS-LS1-031,OSS 120b,1,"The answer correctly explains that rapid feedback limits deviation from set points, preventing cellular damage and disruption of vital processes, which aligns with the standard."
HS-LS1-031,Gemini Flash 3,1,"The answer accurately explains that rapid feedback minimizes deviations from biological set points, thereby preventing damage to enzymes and cells from extreme environmental fluctuations."
HS-LS1-032,Nemotron 3 Super 120b a12,1,"The answer correctly explains that low blood calcium is sensed by parathyroid cells, triggering PTH release to raise calcium levels, and describes the negative feedback that reduces PTH when calcium is restored, which addresses the homeostasis feedback mechanism required by the standard."
HS-LS1-032,Gemini Flash 3,1,"The answer accurately describes the role of parathyroid hormone in a negative feedback loop to maintain calcium homeostasis, directly addressing the standard."
HS-LS1-033,Nemotron 3 Super 120b a12,1,"The answer correctly explains sweating as evaporative heat loss that lowers temperature and describes the negative‑feedback mechanism that halts sweating when normal temperature is restored, fully addressing the question."
HS-LS1-032,OSS 120b,1,"The answer correctly explains that low blood calcium triggers PTH release, its actions to raise calcium, and the negative feedback that stops secretion, fully addressing the feedback/homeostasis mechanism."
HS-LS1-033,OSS 120b,1,The answer correctly explains that evaporative cooling from sweat lowers body temperature and that negative feedback via thermoreceptors and the hypothalamus stops sweating when temperature returns to normal.
HS-LS1-034,Nemotron 3 Super 120b a12,1,"The answer correctly explains that DNA replication ensures each daughter cell receives a full, identical set of genetic instructions, which is essential for mitosis to produce functional cells."
HS-LS1-033,Gemini Flash 3,1,The answer accurately describes the mechanism of evaporative cooling and correctly identifies the negative feedback loop components required to regulate body temperature.
HS-LS1-034,OSS 120b,1,"The answer correctly explains that DNA must be replicated so each daughter cell receives a complete, identical set of genetic instructions, preventing loss of essential genetic information."
HS-LS1-035,Nemotron 3 Super 120b a12,1,"The answer accurately explains that mitosis duplicates chromosomes and distributes them equally without genetic recombination, resulting in genetically identical daughter cells."
HS-LS1-034,Gemini Flash 3,1,"The answer accurately explains that DNA replication ensures daughter cells receive identical genetic information, which is essential for proper cell function and maintenance of the organism."
HS-LS1-035,OSS 120b,1,"The answer correctly explains that mitosis copies chromosomes without recombination, resulting in genetically identical daughter cells, which adequately addresses the question."
HS-LS1-036,Nemotron 3 Super 120b a12,1,"The answer accurately describes mitosis generating genetically identical cells to replace damaged tissue, directly addressing how mitosis enables tissue repair."
HS-LS1-036,OSS 120b,1,"The answer correctly explains that nearby surviving cells divide by mitosis to produce genetically identical cells that replace lost or damaged tissue, restoring structure and function."
HS-LS1-036,Gemini Flash 3,1,"The answer accurately explains how mitosis produces genetically identical cells to replace those lost to damage, directly addressing the maintenance of complex organisms as required by the standard."
HS-LS1-037,Nemotron 3 Super 120b a12,1,The answer correctly explains that maintaining chromosome number ensures each new cell has a complete set of genetic instructions needed to function normally.
HS-LS1-037,OSS 120b,1,"The answer correctly explains that preserving chromosome number ensures each daughter cell retains the full genetic complement needed for normal function, preventing malfunction or cell death."
HS-LS1-037,Gemini Flash 3,1,"The answer correctly identifies that genetic consistency is essential for proper cell function and survival, which is the fundamental purpose of mitosis in maintaining complex organisms."
HS-LS1-038,Nemotron 3 Super 120b a12,1,"The answer correctly explains that differential gene expression leads to different protein profiles, which accounts for functional differences despite identical DNA."
HS-LS1-038,OSS 120b,1,"The answer correctly explains that differential gene expression leads to distinct protein sets, accounting for functional differences despite identical DNA."
HS-LS1-038,Gemini Flash 3,1,The answer accurately explains that differential gene expression and the resulting specialized proteins are the mechanisms that allow cells with identical DNA to perform distinct functions.
HS-LS1-039,Nemotron 3 Super 120b a12,1,"The answer correctly explains that sunlight supplies the energy required for the endergonic reactions of photosynthesis, addressing the question fully."
HS-LS1-039,OSS 120b,1,"The answer correctly explains that sunlight supplies the energy needed to drive the chemical transformations of CO₂ and H₂O into sugar, addressing why light is required despite lacking carbon or hydrogen."
HS-LS1-039,Gemini Flash 3,1,"The answer correctly explains that sunlight serves as the energy source for the chemical transformation of carbon dioxide and water into glucose, directly addressing the energy-to-chemical storage aspect of the standard."
HS-LS1-040,Nemotron 3 Super 120b a12,1,"The answer accurately describes chlorophyll's role in converting light energy to chemical energy via electron excitation, ATP/NADPH production, and their use in glucose synthesis, meeting the standard."
HS-LS1-040,OSS 120b,1,"The answer accurately describes chlorophyll's role in light absorption, electron excitation, ATP/NADPH production via the electron transport chain, and the use of these carriers to synthesize sugars, fully addressing the standard."
HS-LS1-041,Nemotron 3 Super 120b a12,1,"The answer correctly explains that glucose stores energy in its covalent bonds, which is released during cellular respiration, directly addressing why it is considered stored chemical energy."
HS-LS1-040,Gemini Flash 3,1,"The answer accurately describes the process by which chlorophyll captures light energy to produce ATP and NADPH, which are then used to store energy in glucose via the Calvin cycle."
HS-LS1-041,OSS 120b,1,"The answer correctly explains that glucose’s covalent bonds store chemical energy that can be released during respiration, distinguishing it from being merely a reaction product."
HS-LS1-042,Nemotron 3 Super 120b a12,1,"The answer correctly states that the light‑dependent reactions generate ATP and NADPH, which provide the energy and reducing power required for the Calvin cycle to fix CO₂ into glucose."
HS-PS4-018,Gemini Flash 3,1,The answer correctly explains that frequency remains constant when a wave changes media and uses the mathematical relationship v = fλ to show that a decrease in speed must result in a decrease in wavelength.
HS-LS1-041,Gemini Flash 3,1,"The answer accurately explains that glucose stores energy in its chemical bonds that can be released for biological work during cellular respiration, fulfilling the conceptual requirements of the standard."
HS-LS1-042,OSS 120b,1,"The answer correctly explains that ATP and NADPH from the light-dependent reactions provide the energy and reducing power needed for the Calvin cycle, accurately linking the two stages."
HS-LS1-042,Gemini Flash 3,1,The answer accurately identifies ATP and NADPH as the essential energy-carrying molecules produced in the light-dependent reactions that drive the synthesis of glucose in the Calvin cycle.
HS-LS1-043,Nemotron 3 Super 120b a12,1,"The answer accurately explains the roles of CO₂ and water in supplying the necessary atoms and electrons for glucose synthesis, fully addressing the question."
HS-LS1-043,OSS 120b,1,"The answer correctly explains that CO₂ supplies carbon and oxygen atoms while H₂O supplies hydrogen and electrons, together providing all atoms needed for glucose, which fully addresses why both reactants are required."
HS-LS1-043,Gemini Flash 3,1,"The answer accurately identifies the sources of the carbon, oxygen, and hydrogen atoms in glucose and explains the role of water as an electron donor for the reduction of carbon dioxide."
HS-LS1-044,Nemotron 3 Super 120b a12,1,"The answer correctly explains that amino acids need nitrogen (and sometimes sulfur) beyond the C, H, O provided by sugars, so cells cannot build amino acids from sugar alone."
HS-LS1-044,OSS 120b,1,"The answer correctly explains that amino acids need nitrogen (and sometimes sulfur) which sugars lack, so cells must obtain nitrogen from other sources."
HS-LS1-045,Nemotron 3 Super 120b a12,1,"The answer correctly explains carbon's tetravalence and its role in forming diverse biomolecules, fully addressing the question."
HS-LS1-044,Gemini Flash 3,1,"The answer accurately identifies that nitrogen is a necessary component of all amino acids that is absent in sugar molecules, which directly addresses the chemical requirements specified in the standard."
HS-LS1-045,OSS 120b,1,"The answer correctly explains carbon's tetravalency and ability to form diverse chains, branches, and rings, which underlies its usefulness in constructing large, complex biological molecules."
HS-LS1-045,Gemini Flash 3,1,"The answer accurately identifies carbon's ability to form four covalent bonds and diverse structural shapes as the fundamental properties that allow for the complexity of biological macromolecules, aligning well with the requirements of HS-LS1-6."
HS-LS1-046,Nemotron 3 Super 120b a12,1,"The answer correctly explains that breaking bonds in food releases electrons that flow through the electron transport chain, providing the energy used to synthesize ATP from ADP and phosphate."
HS-LS1-046,OSS 120b,1,"The answer correctly links bond breaking in food molecules to electron release, electron transport chain activity, and the resulting ATP synthesis, covering the key steps required by the standard."
HS-LS1-047,Nemotron 3 Super 120b a12,1,"The answer correctly explains that the total bond energy of reactants equals the sum of energy in products, ATP, and heat, demonstrating conservation of energy."
HS-LS1-047,OSS 120b,1,"The answer correctly explains that the energy in glucose and O₂ is conserved as chemical energy in CO₂, H₂O, ATP, and heat, illustrating the law of conservation of energy."
HS-LS1-048,Nemotron 3 Super 120b a12,1,"The answer correctly explains that cellular respiration involves breaking and forming covalent bonds, distinguishing it from mere physical breakdown."
HS-LS1-047,Gemini Flash 3,1,"The answer correctly explains that energy is conserved by accounting for its transformation from the chemical bonds of reactants into the bonds of products, ATP, and heat."
HS-LS1-048,OSS 120b,1,"The answer correctly explains that cellular respiration involves breaking and forming covalent bonds, which defines a chemical reaction, distinguishing it from mere physical breakdown."
HS-LS1-046,Gemini Flash 3,1,"The answer accurately describes the transfer of energy from the chemical bonds of food to ATP via electron release and the electron transport chain, which aligns with the energy transfer requirements of standard HS-LS1-7."
HS-LS1-048,Gemini Flash 3,1,"The answer correctly identifies that cellular respiration involves breaking and forming chemical bonds to create new substances, which accurately distinguishes a chemical process from a physical change as required by the standard."
HS-LS1-049,Nemotron 3 Super 120b a12,1,"The answer correctly explains that bacteria will produce human insulin because they share the universal genetic code and can transcribe and translate the inserted gene into the insulin amino acid sequence, which aligns with HS-LS1-1."
HS-LS1-049,OSS 120b,1,The answer correctly predicts that the bacteria will produce human insulin and explains that the shared genetic code allows the inserted DNA to be transcribed and translated into the insulin protein.
HS-LS1-050,Nemotron 3 Super 120b a12,1,"The answer correctly explains that deleting DNA coding sequence prevents proper mRNA transcription, leading to absent or malformed enzyme, loss of catalytic activity, and pathway disruption, aligning with HS-LS1-1."
HS-LS1-050,OSS 120b,1,"The answer correctly explains that deleting the coding DNA prevents proper mRNA and protein synthesis, resulting in a missing or defective enzyme that cannot perform its function."
HS-LS1-049,Gemini Flash 3,0,"The answer contains a significant biological error by stating that ribosomes transcribe DNA, whereas transcription is performed by RNA polymerase and ribosomes only perform translation."
HS-LS1-051,Nemotron 3 Super 120b a12,1,"The answer correctly states that a DNA mutation causes all transcripts to carry the error, so any additional protein made would still be non‑functional and cannot restore the cell’s ability to stop division."
HS-LS1-051,Gemini Flash 3,1,"The answer accurately explains that because DNA serves as the blueprint, a mutation results in all subsequently produced proteins being non-functional, regardless of the quantity produced."
HS-LS1-051,OSS 120b,1,"The answer correctly explains that a DNA mutation means all transcribed mRNA—and thus all protein copies—are faulty, so the cell cannot produce functional protein simply by making more of it."
HS-LS1-052,Nemotron 3 Super 120b a12,1,"The answer correctly explains that frameshift alters all downstream codons, while a substitution affects only one codon."
HS-LS1-052,Gemini Flash 3,1,The answer accurately explains how a frameshift mutation alters the entire downstream amino acid sequence compared to the localized effect of a single base substitution.
HS-LS1-052,OSS 120b,1,"The answer correctly explains that a frameshift alters the reading frame for all downstream codons, causing widespread amino‑acid changes and likely loss of function, whereas a single base substitution affects only one codon."
HS-LS1-053,Nemotron 3 Super 120b a12,1,"The answer correctly links a DNA mutation to an amino‑acid change, explains how this alters collagen’s structure and mechanical properties, and connects this to the tissue’s function, satisfying HS‑LS1‑1."
HS-LS1-053,OSS 120b,1,"The answer correctly predicts that the tissue would become stiffer and less flexible due to altered collagen structure, linking amino acid substitution to protein and tissue properties."
HS-LS1-053,Gemini Flash 3,1,"The answer accurately explains how a change in the DNA sequence leads to an amino acid substitution that alters a protein's structure and its resulting mechanical function in tissues, directly addressing the core concept of standard HS-LS1-1."
HS-LS1-054,Nemotron 3 Super 120b a12,1,The answer correctly identifies that epithelial cells in the small intestine are essential for nutrient absorption and explains that their loss would prevent the digestive system from performing its absorptive function.
HS-LS1-054,Gemini Flash 3,1,"The answer accurately connects cellular damage to tissue and organ system failure, reflecting the hierarchical organization required by the HS-LS1-2 standard."
HS-LS1-054,OSS 120b,1,"The answer correctly states that loss of intestinal epithelial cells would prevent nutrient absorption, impairing the digestive system's primary function."
HS-LS1-055,Nemotron 3 Super 120b a12,1,"The answer correctly describes increased breathing rate and heart rate to meet heightened O₂ demand and CO₂ removal, illustrating the interaction of respiratory and circulatory systems as required by HS-LS1-2."
HS-LS1-055,Gemini Flash 3,1,"The answer accurately describes the coordinated response of the respiratory and circulatory systems to cellular demands, satisfying the standard's focus on interacting systems."
HS-LS1-055,OSS 120b,1,"The answer correctly predicts increased ventilation and heart rate, describing how the respiratory and circulatory systems work together to meet the muscles' oxygen and CO₂ exchange needs."
HS-LS1-056,Nemotron 3 Super 120b a12,1,"The answer correctly explains that connective tissue provides structural support to organs and predicts that its deficiency would weaken organs like the heart and intestines, aligning with the hierarchical organization concept of the standard."
HS-LS1-056,OSS 120b,1,"The answer correctly explains that deficient connective tissue would reduce mechanical strength, causing organs such as the heart and intestines to weaken, lose shape, and potentially fail, which aligns with the expected prediction."
HS-LS1-056,Gemini Flash 3,1,"The answer accurately explains the role of connective tissue in providing structural support and correctly predicts how its failure affects organ-level function, aligning well with the hierarchical organization standard."
HS-LS1-057,Nemotron 3 Super 120b a12,1,"The answer correctly explains that severing spinal neurons blocks brain-to-muscle signals, preventing muscle contraction and causing paralysis, thus describing the disrupted interaction between nervous and muscular systems."
HS-LS1-057,OSS 120b,1,"The answer correctly explains that severing spinal neurons blocks neural signals to the leg muscles, preventing communication and causing paralysis, which addresses the interaction between the nervous and muscular systems."
HS-LS1-057,Gemini Flash 3,1,"The answer accurately describes how structural damage to a specific component of the nervous system interrupts the signaling pathway required for muscular function, illustrating the interaction between hierarchical systems."
HS-LS1-058,Nemotron 3 Super 120b a12,1,"The answer correctly identifies that kidney failure leads to waste and fluid buildup, affecting circulatory, nervous, and cardiovascular systems, illustrating organ-level failure cascading through interacting systems as required by HS‑LS1‑2."
HS-LS1-058,Gemini Flash 3,1,"The answer accurately describes how the failure of one organ (kidney) affects multiple interacting organ systems, demonstrating the hierarchical and interdependent nature of biological systems as required by the standard."
HS-LS1-058,OSS 120b,1,"The answer correctly explains how kidney failure leads to waste and fluid buildup that impacts the circulatory, nervous, and cardiovascular systems, demonstrating the cascade of effects across organ systems."
HS-LS1-059,Nemotron 3 Super 120b a12,1,"The answer correctly identifies insulin release and its role in lowering blood glucose via cellular uptake and glycogen storage, fulfilling the homeostasis feedback mechanism described in HS-LS1-3."
HS-PS4-066,Gemini Flash 3,1,The answer accurately explains the consequence of signal loss and correctly identifies total internal reflection as the key wave behavior principle required by the standard.
HS-LS1-059,OSS 120b,1,"The answer correctly identifies insulin as the hormone released and accurately describes its glucose-lowering actions, fully addressing the question."
HS-LS1-059,Gemini Flash 3,1,The answer accurately identifies insulin as the hormone released and correctly describes its mechanism in lowering blood glucose levels to maintain homeostasis.
HS-LS1-060,Nemotron 3 Super 120b a12,1,"The answer correctly describes a negative feedback loop involving chemoreceptor detection of elevated CO₂, signaling the brain to increase ventilation, and restoring normal CO₂ levels, fulfilling the homeostasis feedback mechanism requirement."
HS-LS1-060,Gemini Flash 3,1,"The answer accurately describes the components of the negative feedback loop—stimulus, sensor, control center, and effector—to explain how the body restores CO2 homeostasis."
HS-LS1-060,OSS 120b,1,"The answer correctly describes the negative feedback loop involving chemoreceptors, brain signaling, increased ventilation, and CO₂ removal to restore homeostasis."
HS-LS1-061,Nemotron 3 Super 120b a12,1,The answer accurately describes the negative feedback mechanism (osmoreceptor detection → ADH release → increased water reabsorption → reduced blood osmolarity) that restores fluid homeostasis.
HS-LS1-061,OSS 120b,1,"The answer correctly describes the negative feedback loop involving hypothalamic osmoreceptors, ADH release, and kidney water reabsorption that restores fluid balance."
HS-LS1-061,Gemini Flash 3,1,"The answer accurately identifies the components of the negative feedback loop (sensor, hormone, effector, and outcome) required to explain how homeostasis is maintained in response to dehydration."
HS-LS1-062,Nemotron 3 Super 120b a12,1,"The answer correctly explains that elevated thyroid hormone triggers negative feedback on the hypothalamus and pituitary, reducing TRH and TSH release, which lowers thyroid hormone output and restores homeostasis."
HS-LS1-062,OSS 120b,1,"The answer correctly describes the negative feedback loop in which elevated T3/T4 inhibit TRH and TSH release, reducing thyroid hormone production and restoring balance."
HS-LS1-062,Gemini Flash 3,1,The answer accurately describes the negative feedback loop involving the hypothalamus and pituitary gland to regulate thyroid hormone levels and maintain homeostasis.
HS-LS1-063,Nemotron 3 Super 120b a12,1,The answer correctly identifies the hypothalamus detecting the temperature drop and initiating negative feedback responses (shivering and vasoconstriction) to restore normal body temperature.
HS-LS1-063,OSS 120b,1,"The answer correctly identifies the hypothalamic detection and the key negative feedback responses (shivering and vasoconstriction) that restore core temperature, meeting the standard."
HS-LS1-064,Nemotron 3 Super 120b a12,1,"The answer correctly states that neighboring skin cells replace a lost cell via mitosis, producing genetically identical daughter cells, which aligns with HS-LS1-4."
HS-LS1-063,Gemini Flash 3,1,"The answer accurately identifies the control center, the type of feedback mechanism, and the specific physiological responses required to restore thermal homeostasis."
HS-LS1-064,OSS 120b,1,"The answer correctly identifies mitosis as the process and division type that replaces the damaged skin cell, fully addressing the question."
HS-LS1-065,Nemotron 3 Super 120b a12,1,"The answer correctly states that mitosis rebuilds somatic tissue via identical cell copies, while meiosis produces only gametes, which aligns with HS-LS1-4's focus on mitosis and differentiation in tissue maintenance."
HS-LS1-065,OSS 120b,1,The answer correctly identifies mitosis as the process for tissue regeneration and explains that meiosis is limited to gamete production and unsuitable for somatic repair.
HS-LS1-064,Gemini Flash 3,1,"The answer correctly identifies mitosis as the specific type of cell division responsible for tissue repair and maintenance, which aligns with the requirements of the standard."
HS-LS1-065,Gemini Flash 3,1,"The answer accurately identifies mitosis as the process for somatic cell regeneration and correctly distinguishes it from meiosis, which is reserved for gamete production."
HS-LS1-066,Nemotron 3 Super 120b a12,1,"The answer accurately states that mitosis produces genetically identical cells and that differentiation leads to selective gene expression, creating diverse cell types, which correctly addresses the role of mitosis and differentiation in forming complex organisms."
HS-LS1-066,Gemini Flash 3,1,"The answer accurately explains how selective gene expression allows genetically identical cells to differentiate into specialized types, directly addressing the core concept of the standard."
HS-LS1-066,OSS 120b,1,"The answer correctly explains that differentiation, via selective gene expression, allows genetically identical cells to assume diverse functions, directly addressing the question."
HS-LS1-012,Gemini Flash 3,1,"The answer accurately states that mitosis results in two daughter cells with 46 chromosomes each, maintaining the chromosome count of the original human parent cell."
HS-LS1-067,Nemotron 3 Super 120b a12,1,"The answer correctly notes that heart and neuron cells share identical DNA because they derive from the same zygote via mitosis, and their functional differences arise from differential gene expression during differentiation, which aligns with HS‑LS1‑4."
HS-LS1-067,OSS 120b,1,"The answer correctly states that the DNA sequences are the same because both cells originate from the same zygote, and explains that differences arise from gene expression during differentiation."
HS-LS1-067,Gemini Flash 3,1,"The answer accurately states that somatic cells share the same DNA due to mitosis and correctly attributes cellular differences to differentiation and gene expression, which fulfills the requirements of the standard."
HS-LS1-068,OSS 120b,1,"The answer correctly predicts that wound healing would be impaired because cells cannot divide to replace damaged tissue, aligning with the role of mitosis in tissue repair."
HS-LS1-068,Nemotron 3 Super 120b a12,1,"The answer correctly explains that blocking mitosis stops cell division, preventing new cells from forming to repair the wound, so healing would fail."
HS-LS1-069,Nemotron 3 Super 120b a12,1,"The answer correctly states that photosynthesis will decrease under green light because chlorophyll mainly absorbs red and blue wavelengths, reflecting green, which reduces light energy available for the process."
HS-LS1-068,Gemini Flash 3,1,"The answer correctly identifies that blocking mitosis prevents the production of new cells required for tissue repair and wound healing, directly addressing the maintenance aspect of the standard."
HS-LS1-069,OSS 120b,1,The answer correctly predicts a lower photosynthesis rate under green light and explains it by noting chlorophyll's absorption spectrum favoring red and blue wavelengths.
HS-LS1-070,OSS 120b,1,"The answer correctly explains that reduced light limits photosynthetic production of glucose, decreasing stored chemical energy and thus biomass, meeting the standard."
HS-LS1-069,Gemini Flash 3,1,"The answer accurately predicts the decrease in photosynthesis and correctly attributes it to the absorption spectrum of chlorophyll, which is the primary mechanism for transforming light energy into chemical energy."
HS-LS1-070,Nemotron 3 Super 120b a12,1,"The answer correctly explains that reduced sunlight lowers light energy for photosynthesis, decreasing glucose synthesis and stored chemical energy, which leads to less biomass."
HS-LS1-071,Nemotron 3 Super 120b a12,1,"The answer correctly states that only the uncovered leaves, which received light for photosynthesis, will test positive for starch, while the foil‑covered leaves lacking light will test negative, illustrating the transformation of light energy into stored chemical energy."
HS-LS1-070,Gemini Flash 3,1,The reference answer correctly identifies the transformation of light energy into stored chemical energy (glucose) and links the reduction in light to a decrease in the production of biomass.
HS-LS1-071,OSS 120b,1,The answer correctly predicts starch presence only in light-exposed leaves and explains it by the necessity of light for photosynthesis.
HS-LS1-072,OSS 120b,1,"The answer correctly explains that stomatal closure reduces CO₂ uptake, slowing the Calvin cycle and decreasing glucose production, thereby lowering the conversion of light energy into stored chemical energy."
HS-LS1-072,Nemotron 3 Super 120b a12,1,"The answer correctly explains that stomatal closure limits CO₂, slowing the Calvin cycle and reducing glucose production, which decreases the conversion of light energy to stored chemical energy."
HS-LS1-071,Gemini Flash 3,1,"The answer correctly explains the role of light in photosynthesis and the resulting storage of chemical energy as starch, which directly aligns with the standard."
HS-LS1-072,Gemini Flash 3,1,"The answer accurately explains how closing stomata restricts CO2, leading to a decrease in glucose production and the associated storage of chemical energy, directly addressing the standard."
HS-LS1-073,OSS 120b,1,The answer correctly predicts short‑term glucose production in the dark and explains it by referencing stored ATP/NADPH from the light‑dependent reactions fueling the Calvin cycle.
HS-LS1-073,Nemotron 3 Super 120b a12,1,"The answer correctly notes that the Calvin cycle can run briefly using ATP and NADPH generated by the light‑dependent reactions, explaining glucose production after a short light flash in terms of the two stages of photosynthesis."
HS-LS1-074,Nemotron 3 Super 120b a12,1,"The answer correctly states that nitrogen from soil nitrate or ammonium must be added to glucose-derived carbon, hydrogen, and oxygen to form glycine’s amino group."
HS-LS1-074,OSS 120b,1,"The answer correctly identifies nitrogen as the additional element and cites soil nitrate/ammonium as its source, fully addressing the question."
HS-LS1-073,Gemini Flash 3,1,The answer accurately explains that the Calvin cycle can proceed temporarily in the dark using the ATP and NADPH generated by the preceding light-dependent reactions.
HS-LS1-074,Gemini Flash 3,1,"The answer correctly identifies nitrogen as the necessary element for glycine synthesis, specifies its soil-based sources, and explains its functional role in the amino group."
HS-LS1-075,OSS 120b,1,"The answer correctly explains that carbon from glucose is used to build amino acids and proteins, showing the link between sugar metabolism and protein synthesis."
HS-LS1-075,Gemini Flash 3,1,"The answer accurately explains how the carbon skeleton of glucose is rearranged and utilized to form the amino acid building blocks of proteins, which directly aligns with the requirements of standard HS-LS1-6."
HS-LS1-076,Nemotron 3 Super 120b a12,1,"The answer correctly states that sugar supplies the carbon, hydrogen, and oxygen backbone for amino acids and that limited soil nitrogen prevents amino group attachment, directly addressing how C, H, O from sugar combine with other elements to form proteins."
HS-LS1-075,Nemotron 3 Super 120b a12,1,"The answer correctly explains that the labeled carbon from glucose ends up in bacterial proteins, showing that sugar-derived carbon is used to build amino acids and thus proteins."
HS-LS1-076,OSS 120b,1,"The answer correctly explains that sugar supplies the C‑H‑O backbone, but nitrogen from the soil is required to add amino groups and form amino acids, linking the observation to the role of sugar in protein synthesis."
HS-LS1-076,Gemini Flash 3,1,"The answer correctly explains that sugar provides the carbon, hydrogen, and oxygen backbone, while nitrogen is the necessary additional element to synthesize amino acids and proteins."
HS-LS1-077,OSS 120b,1,Correctly identifies disulfide bonds as the protein feature most directly affected by loss of sulfur and explains why they depend on sulfur-containing amino acids.
HS-LS1-078,Nemotron 3 Super 120b a12,1,"The answer correctly explains that DNA synthesis requires phosphorus for its phosphate backbone, which is unavailable, while protein synthesis can proceed using the supplied glucose (C, H, O) and nitrogen, making DNA production far more impaired than protein production."
HS-LS1-077,Gemini Flash 3,1,"The answer accurately identifies disulfide bonds as the structural feature affected and explains the necessity of sulfur beyond the C, H, and O provided by sugars, aligning well with the standard."
HS-LS1-077,Nemotron 3 Super 120b a12,1,"The answer correctly identifies disulfide bonds as the sulfur-dependent protein feature and explains that cysteine (and methionine) require environmental sulfur for synthesis, which aligns with the standard's focus on how sugars provide C, H, O while other elements like S must be obtained from the e"
HS-LS1-078,OSS 120b,1,"The answer correctly explains that lack of phosphorus blocks DNA synthesis (phosphate backbone) while proteins can still be made from C, H, O, N, so DNA production is more severely impaired."
HS-LS1-078,Gemini Flash 3,1,"The answer accurately identifies the elemental requirements for DNA and proteins, correctly concluding that a lack of phosphorus specifically inhibits DNA synthesis while allowing protein synthesis to continue using the available glucose and nitrogen."
HS-LS1-079,OSS 120b,1,"The answer correctly explains that extra oxygen is required for aerobic breakdown of glucose to produce ATP during the sprint and to repay the oxygen deficit afterward, aligning with the cellular respiration model."
HS-LS1-079,Nemotron 3 Super 120b a12,1,"The answer correctly links increased oxygen demand to the high rate of bond breaking in glucose and oxygen and bond forming in CO₂ and water during aerobic respiration, and explains post‑exercise heavy breathing as repayment of the oxygen deficit, fully addressing the standard."
HS-LS1-080,Nemotron 3 Super 120b a12,1,"The answer correctly explains that cellular respiration in a germinating seed produces CO₂, causing its level to rise in a sealed container."
HS-LS1-080,OSS 120b,1,"The answer correctly predicts a rise in CO2 due to cellular respiration and explains the bond-breaking/forming process, matching the standard."
HS-LS1-079,Gemini Flash 3,1,"The answer accurately describes the chemical process of cellular respiration by mentioning the breaking of bonds in glucose and oxygen and the forming of bonds in CO2 and water to transfer energy, which aligns perfectly with the HS-LS1-7 standard."
HS-LS1-080,Gemini Flash 3,1,The answer accurately predicts the increase in CO2 and correctly explains the process using the bond-breaking and bond-forming framework required by the standard.
HS-LS1-081,OSS 120b,1,"The answer accurately describes how carbohydrates are broken down, how cellular respiration breaks bonds in glucose and O₂ to form ATP, CO₂, and H₂O, and how the ATP provides energy for muscle contraction, meeting the standard."
HS-LS1-030,Gemini Flash 3,1,The answer accurately describes the physiological detection and response mechanisms of insulin secretion as a negative feedback loop to maintain glucose homeostasis.
HS-LS1-082,Nemotron 3 Super 120b a12,1,"The answer correctly states that ATP production falls sharply without oxygen because the electron transport chain—the stage that generates most ATP—cannot function, which aligns with the standard’s focus on bond breaking/forming and energy transfer in cellular respiration."
HS-LS1-081,Gemini Flash 3,1,The answer accurately describes the chemical process of breaking and forming bonds in cellular respiration and correctly identifies the resulting energy transfer to ATP for muscle use as required by the standard.
HS-LS1-081,Nemotron 3 Super 120b a12,1,"The answer correctly describes carbohydrate breakdown, bond breaking in glucose and oxygen, bond formation in CO₂, water, and ATP (via phosphate bond formation), and the transfer of released energy to ATP that powers muscle contractions, aligning with HS-LS1-7."
HS-LS1-082,OSS 120b,1,"The answer correctly predicts a dramatic decrease in ATP production and explains it by the necessity of oxygen for the electron transport chain, aligning with the standard."
HS-LS1-082,Gemini Flash 3,1,"The answer accurately predicts the drop in ATP production and explains it by referencing oxygen's role in the chemical reactions of the electron transport chain, aligning with the standard's focus on bond-breaking and bond-forming."
HS-LS2-001,OSS 120b,1,"The answer accurately defines a limiting factor as any biotic or abiotic resource or condition that restricts population growth, abundance, or distribution, which aligns with the HS standard."
HS-LS2-001,Nemotron 3 Super 120b a12,1,"The answer accurately defines a limiting factor as any biotic or abiotic resource or condition that restricts population growth, abundance, or distribution, which is correct and sufficient for the standard."
HS-LS2-001,Gemini Flash 3,1,The definition provided is scientifically accurate and covers the essential biotic and abiotic components necessary to understand factors affecting carrying capacity as required by the standard.
HS-LS2-002,OSS 120b,1,"The answer correctly states that growth rate falls to zero as births equal deaths, stabilizing the population at carrying capacity."
HS-LS2-002,Nemotron 3 Super 120b a12,1,"The answer correctly explains that at carrying capacity the population growth rate approaches zero because birth and death rates equalize, which directly addresses the question."
HS-LS2-003,OSS 120b,1,The answer correctly defines population overshoot as exceeding carrying capacity and notes the resulting resource depletion and population decline.
HS-LS2-002,Gemini Flash 3,1,"The answer accurately explains that the growth rate becomes zero at carrying capacity because birth and death rates reach an equilibrium, which is a fundamental concept of the logistic growth model."
HS-LS2-003,Gemini Flash 3,1,"The answer accurately defines population overshoot and its typical consequences, which is a fundamental concept related to carrying capacity in ecology."
HS-LS2-003,Nemotron 3 Super 120b a12,1,"The reference answer correctly defines population overshoot as a temporary exceedance of carrying capacity causing resource depletion and a subsequent decline, which appropriately addresses the question for HS‑LS2‑1."
HS-LS2-004,OSS 120b,1,The answer accurately describes Simpson's Diversity Index as a mathematical measure of biodiversity that incorporates species richness and evenness and yields a value between 0 and 1.
HS-LS2-004,Nemotron 3 Super 120b a12,1,"The answer correctly describes Simpson's Diversity Index as measuring biodiversity by incorporating species richness and evenness, yielding a value between 0 and 1."
HS-LS2-005,OSS 120b,1,"The answer correctly explains that decomposers break down dead organic material, converting it into inorganic nutrients that return to the soil and atmosphere for reuse, accurately describing their role in matter cycling."
HS-LS2-004,Gemini Flash 3,1,"The reference answer correctly identifies that the index measures biodiversity by calculating both species richness and evenness, which aligns with the mathematical representation requirements of the standard."
HS-LS2-005,Nemotron 3 Super 120b a12,1,"The answer correctly describes decomposers breaking down dead organic matter into inorganic nutrients that are recycled for producers, which addresses the cycling of matter in ecosystems."
HS-LS2-006,Nemotron 3 Super 120b a12,1,"The answer correctly states the ~10% energy transfer rule and explains the loss, directly addressing the question and supporting the standard’s focus on energy flow."
HS-LS2-006,OSS 120b,1,"The answer correctly states the typical ~10% energy transfer efficiency between trophic levels, which fully addresses the question."
HS-LS1-035,Gemini Flash 3,1,"The answer accurately explains that chromosome duplication followed by precise separation, without recombination, results in genetically identical daughter cells."
HS-LS2-005,Gemini Flash 3,1,"The answer accurately describes the fundamental role of decomposers in recycling nutrients from organic matter back into the environment for reuse by producers, which is central to the cycling of matter."
HS-LS2-007,OSS 120b,1,"The answer accurately defines GPP as the total energy fixed by photosynthesis before respiratory losses, which is correct and sufficient for the question."
HS-LS2-007,Nemotron 3 Super 120b a12,1,"The answer accurately defines GPP as the total energy fixed by producers via photosynthesis before respiration, which correctly answers the question."
HS-LS2-008,Nemotron 3 Super 120b a12,1,The answer correctly identifies the geosphere as the large carbon reservoir storing fossil fuels and limestone.
HS-LS2-006,Gemini Flash 3,1,"The answer accurately reflects the 10% rule of energy transfer and explains the loss of energy as heat, which is the standard scientific explanation for energy flow between trophic levels."
HS-LS2-008,OSS 120b,1,The answer correctly identifies the geosphere (geologic carbon reservoir) as the large reservoir containing fossil fuels and limestone.
HS-LS2-007,Gemini Flash 3,1,"The definition accurately identifies GPP as the total rate of energy capture by producers before accounting for respiratory losses, which is a fundamental concept for understanding energy flow in ecosystems."
HS-LS2-009,OSS 120b,1,"The answer accurately defines carrying capacity as the maximum sustainable population size supported by available resources, which fully addresses the question."
HS-LS2-009,Nemotron 3 Super 120b a12,1,"The answer accurately defines carrying capacity as the maximum sustainable population size given resources, which aligns with the ecological concept required by the standard."
HS-LS2-010,Nemotron 3 Super 120b a12,1,"The answer accurately defines habitat fragmentation as the division of a continuous habitat into isolated patches due to human activities, which directly addresses the question."
HS-LS2-010,OSS 120b,1,"The answer accurately defines habitat fragmentation as the breaking of large continuous habitats into smaller, isolated patches, noting common human causes."
HS-LS2-009,Gemini Flash 3,1,"The reference answer correctly defines carrying capacity by including the key concepts of maximum population size, environmental sustainability, and resource limitations."
HS-LS2-008,Gemini Flash 3,1,"The answer accurately identifies the geosphere as the primary reservoir for fossil fuels and carbonate rocks, correctly addressing the components of the carbon cycle as specified in the standard."
HS-LS2-011,OSS 120b,1,"The answer accurately defines eutrophication, identifies nutrient sources, describes algal overgrowth, oxygen depletion, and harm to aquatic life, fulfilling the question."
HS-LS2-011,Nemotron 3 Super 120b a12,1,"The answer accurately defines eutrophication as nutrient enrichment leading to algal blooms, oxygen depletion, and harm to aquatic life, which matches the standard's expectation."
HS-LS2-010,Gemini Flash 3,1,"The definition accurately describes habitat fragmentation and identifies its human causes, which is a foundational concept for understanding human impacts on biodiversity under HS-LS2-7."
HS-LS2-012,OSS 120b,1,"The answer correctly defines altruistic behavior as benefiting others at a cost to the individual and provides a relevant example, adequately addressing the question."
HS-LS2-012,Nemotron 3 Super 120b a12,1,"The answer correctly defines altruistic behavior and gives a suitable example, which satisfies the standard’s expectation."
HS-LS2-011,Gemini Flash 3,1,"The answer accurately defines eutrophication by identifying its nutrient causes, biological effects, and environmental consequences."
HS-LS2-013,OSS 120b,1,"The answer correctly explains that limited resources cause birth and death rates to balance, stopping growth, which adequately addresses the question."
HS-LS2-012,Gemini Flash 3,1,"The answer provides a scientifically accurate definition of altruism, including both the benefit to others and the cost to the individual, supported by a relevant biological example."
HS-LS2-013,Nemotron 3 Super 120b a12,1,"The answer correctly explains that resource limitation causes birth and death rates to balance, halting net population growth at carrying capacity."
HS-LS2-014,OSS 120b,1,"The answer correctly explains that invasive species compete for limited resources, reducing the resources available to natives and thus lowering their carrying capacity."
HS-LS2-014,Nemotron 3 Super 120b a12,0,The answer correctly describes resource competition but does not include a mathematical or computational representation to support the explanation as required by HS‑LS2‑1.
HS-LS2-014,Gemini Flash 3,1,The answer correctly identifies competition for limited resources as the primary mechanism by which invasive species reduce the carrying capacity for native populations.
HS-LS2-013,Gemini Flash 3,1,The answer accurately explains the biological mechanism of carrying capacity by identifying limiting factors and the resulting equilibrium between birth and death rates.
HS-LS2-015,OSS 120b,1,"The answer correctly explains that larger ecosystems have more resources, leading to higher carrying capacity, which directly addresses the question."
HS-LS2-015,Nemotron 3 Super 120b a12,1,"The answer correctly explains that larger ecosystems contain more total resources, which increases carrying capacity, directly addressing the question and aligning with HS‑LS2‑1’s focus on resource‑based factors."
HS-LS2-016,OSS 120b,1,"The answer correctly identifies that drought reduces plant productivity, decreasing food availability and thus lowering the ecosystem's carrying capacity for herbivores."
HS-LS2-015,Gemini Flash 3,1,"The answer accurately identifies that carrying capacity depends on the total volume of limiting resources, which increases with the physical scale of the ecosystem."
HS-LS2-016,Nemotron 3 Super 120b a12,0,"While the answer correctly describes the effect of drought on carrying capacity, it does not include any mathematical or computational representation as required by the standard."
HS-LS2-017,Nemotron 3 Super 120b a12,1,"The answer correctly explains that disease raises mortality and reduces individuals' competitive ability for resources, thereby lowering the population size the ecosystem can support, which aligns with the concept of carrying capacity."
HS-LS2-017,OSS 120b,1,"The answer correctly explains that disease raises mortality and weakens individuals, reducing the number of individuals the ecosystem can support, thus lowering carrying capacity."
HS-LS2-016,Gemini Flash 3,1,The answer accurately explains the causal link between a reduction in a limiting resource (water/food) and the resulting decrease in the ecosystem's carrying capacity.
HS-LS2-018,OSS 120b,1,"The answer correctly explains that invasive species outcompete natives for limited resources and lack natural predators, leading to reduced native population sizes."
HS-LS2-019,Nemotron 3 Super 120b a12,1,"The answer correctly explains that greater species diversity provides functional redundancy, which maintains ecosystem processes and aids recovery after disturbance, addressing the question adequately."
HS-LS2-018,Gemini Flash 3,1,The answer accurately identifies competition for resources and the lack of natural predators as the primary ecological mechanisms by which invasive species displace native populations.
HS-LS2-019,OSS 120b,1,"The answer correctly explains that functional redundancy from greater species diversity buffers ecosystem processes, enhancing stability and resilience after disturbance."
HS-LS2-019,Gemini Flash 3,1,"The answer accurately explains the principle of functional redundancy, which is a core concept linking biodiversity to ecosystem stability and resilience at the high school level."
HS-LS2-018,Nemotron 3 Super 120b a12,1,"The answer correctly explains that invasive species outcompete natives for resources and lack predators, leading to reduced native populations."
HS-LS2-020,OSS 120b,1,"The answer correctly explains that oxygen presence enables aerobic decomposition with CO₂ and water products, while its absence forces anaerobic pathways with different electron acceptors and slower, incomplete breakdown."
HS-LS2-021,Nemotron 3 Super 120b a12,1,"The reference answer correctly explains that about 90% of energy is lost to metabolic processes (respiration, movement, heat) and only the energy stored in biomass is passed to the next trophic level, addressing why only ~10% is transferred."
HS-LS2-020,Nemotron 3 Super 120b a12,1,"The answer accurately describes how oxygen determines aerobic versus anaerobic decomposition pathways, their products, and relative rates, directly addressing the question."
HS-LS2-020,Gemini Flash 3,1,The answer accurately describes the roles of oxygen and alternative electron acceptors in determining the products and efficiency of decomposition pathways in accordance with the HS-LS2-3 standard.
HS-LS2-021,OSS 120b,1,"The answer correctly explains that most energy is lost as heat and used for metabolic processes, leaving only about 10% stored as biomass for the next trophic level."
HS-LS2-022,OSS 120b,1,"The answer accurately explains that matter is recycled via biogeochemical cycles while energy degrades as heat and must be continually supplied, matching the standard."
HS-LS2-021,Gemini Flash 3,1,"The answer correctly identifies metabolic processes, heat production, and biomass storage as the primary reasons for the 10% energy transfer rule in ecosystems."
HS-LS2-022,Nemotron 3 Super 120b a12,1,"The answer correctly states that matter is conserved and cycles while energy is degraded to heat and must be replenished, which adequately addresses why matter cycles and energy flows one‑directionally."
HS-LS2-023,OSS 120b,1,"The answer correctly explains that decomposers break down organic matter into inorganic nutrients, returning essential elements to the environment for plant uptake, which adequately addresses how they cycle nutrients."
HS-LS2-017,Gemini Flash 3,1,"The answer accurately explains how disease acts as a density-dependent factor to reduce the sustainable population size, which is consistent with the NGSS framework for HS-LS2-1 that includes disease as a factor affecting carrying capacity."
HS-LS2-023,Nemotron 3 Super 120b a12,1,"The answer accurately explains how decomposers break down organic matter and release nutrients, correctly addressing nutrient cycling per HS-LS2-4."
HS-LS2-022,Gemini Flash 3,1,"The answer accurately explains that matter is conserved and recycled within the biosphere, while energy is lost as heat through metabolic processes and must be constantly replenished from an external source."
HS-LS2-024,OSS 120b,1,"The answer correctly explains that energy loss (~90% per level) limits the number of sustainable trophic levels, fully addressing the question."
HS-LS2-024,Gemini Flash 3,1,"The answer accurately applies the '10% rule' of energy transfer, providing a valid mathematical explanation for the limitation of trophic levels as required by the standard."
HS-LS2-023,Gemini Flash 3,1,"The answer accurately describes the biological process by which decomposers recycle matter into the ecosystem, fulfilling the 'cycling of matter' component of the standard."
HS-LS2-024,Nemotron 3 Super 120b a12,1,"The answer correctly states that energy transfer between trophic levels is inefficient (~10% retained, ~90% lost), leaving insufficient energy to support viable populations beyond four or five levels, which aligns with the standard’s focus on using quantitative reasoning to explain energy flow in ec"
HS-LS2-025,OSS 120b,1,"The answer correctly explains that photosynthesis fixes atmospheric CO₂ into organic molecules, moving carbon into the biosphere."
HS-LS2-025,Nemotron 3 Super 120b a12,1,"The answer correctly explains that photosynthesis absorbs atmospheric CO₂ and converts it into organic molecules, thereby moving carbon from the atmosphere into living tissue (the biosphere)."
HS-LS2-025,Gemini Flash 3,1,"The answer accurately describes the conversion of atmospheric carbon dioxide into organic molecules by autotrophs, correctly identifying both the source and destination of the carbon."
HS-LS2-026,OSS 120b,1,"The answer correctly explains that cellular respiration oxidizes glucose, releasing carbon as CO₂ because the carbon cannot be retained in a usable form while extracting energy."
HS-LS2-027,OSS 120b,1,"The answer correctly explains that carbon from dead organisms can be buried and transformed into fossil fuels or carbonate rocks, moving carbon from the biosphere into the geosphere."
HS-LS2-027,Nemotron 3 Super 120b a12,1,"The answer correctly describes the long‑term burial and transformation of organic remains into fossil fuels or carbonate rocks, which transfers carbon from the biosphere to the geosphere, addressing the question adequately for HS‑LS2‑5."
HS-LS2-026,Nemotron 3 Super 120b a12,1,"The reference answer correctly explains that cellular respiration oxidizes glucose to release energy, producing CO₂ that is expelled, and notes the organism cannot retain the carbon in a usable form, which directly answers why carbon is released rather than stored."
HS-LS2-027,Gemini Flash 3,1,"The answer accurately describes the process of fossilization and sedimentation that transfers carbon from the biosphere to the geosphere, which is a key component of the carbon cycle as outlined in standard HS-LS2-5."
HS-LS2-026,Gemini Flash 3,1,"The answer accurately explains that cellular respiration oxidizes glucose to release energy, resulting in the production and release of carbon dioxide as a metabolic byproduct."
HS-LS2-028,Nemotron 3 Super 120b a12,1,"The answer correctly explains oceanic carbon uptake via CO₂ dissolution and the biological pump, addressing the role of the ocean despite limited photosynthesis."
HS-LS2-029,Nemotron 3 Super 120b a12,1,"The reference answer accurately describes the predator‑prey feedback loop that creates cyclical population dynamics, directly addressing the question and aligning with HS‑LS2‑6's focus on ecosystem interactions maintaining stability."
HS-LS2-028,OSS 120b,1,"The answer correctly explains that the ocean absorbs CO2 as dissolved carbon species and that surface photosynthetic organisms fix carbon, which can then be transported to deeper waters, adequately addressing the role of the ocean in the carbon cycle."
HS-LS2-029,OSS 120b,1,"The answer correctly explains the feedback loop between predator and prey populations that leads to cyclical dynamics rather than extinction, matching the standard’s focus on ecosystem interactions maintaining stable numbers."
HS-LS2-030,Nemotron 3 Super 120b a12,1,"The answer correctly explains that decomposers recycle nutrients from dead matter back to producers, which sustains nutrient flow and helps maintain ecosystem stability."
HS-LS2-028,Gemini Flash 3,1,"The answer accurately explains both the chemical dissolution of carbon dioxide and the biological carbon pump, effectively addressing how the ocean cycles carbon between the atmosphere, hydrosphere, and geosphere."
HS-LS2-029,Gemini Flash 3,1,"The answer accurately describes the negative feedback loop that maintains stability in predator-prey dynamics, which aligns with the ecosystem stability requirements of the standard."
HS-LS2-030,OSS 120b,1,"The answer accurately explains that decomposers recycle nutrients, preventing resource lock‑up and supporting producers, thereby maintaining ecosystem stability, which aligns with the standard."
HS-LS2-031,Nemotron 3 Super 120b a12,1,"The answer correctly explains that a keystone species exerts a disproportionately large influence on community structure, and its removal can trigger cascading effects that disrupt the ecosystem far more than loss of other species."
HS-LS2-030,Gemini Flash 3,1,The answer accurately explains the role of decomposers in nutrient cycling and how this process prevents ecosystem collapse by ensuring producers have necessary raw materials.
HS-LS2-031,OSS 120b,1,"The answer accurately explains that keystone species have a disproportionately large ecological role, so their removal triggers cascading effects that can restructure or collapse the ecosystem."
HS-LS2-032,OSS 120b,1,"The answer correctly explains how a disturbance can alter soil, water, and seed dynamics, enabling pioneer species to create conditions that favor a different stable community, thus preventing the original ecosystem from returning."
HS-LS2-033,Nemotron 3 Super 120b a12,1,"The answer correctly explains how monocultures reduce biodiversity and increase pesticide harm, while polyculture and crop rotation increase habitat diversity and lower pesticide use, thereby protecting local biodiversity."
HS-LS2-031,Gemini Flash 3,1,"The answer accurately explains the unique role of keystone species and the systemic consequences of their removal, directly addressing why they cause greater disruption compared to other species in the context of ecosystem stability."
HS-LS2-032,Nemotron 3 Super 120b a12,1,"The answer correctly explains how a disturbance can exceed ecological thresholds and trigger alternative stable states via pioneer species, addressing the standard."
HS-LS2-032,Gemini Flash 3,1,"The answer accurately identifies how shifts in abiotic factors and biotic feedbacks can prevent an ecosystem from returning to its original state, which directly addresses the standard's focus on changing conditions resulting in new ecosystems."
HS-LS2-033,OSS 120b,1,"The answer correctly explains that monocultures limit species and increase pesticide use, while polyculture and crop rotation provide diverse habitats, lower pesticide need, and support more organisms, thus protecting biodiversity."
HS-LS2-034,OSS 120b,1,"The answer accurately explains that artificial night lighting disrupts nocturnal animal behaviors and that reducing light pollution restores natural cycles, thereby protecting wildlife and ecosystems."
HS-LS2-033,Gemini Flash 3,1,The answer accurately identifies that polyculture and crop rotation enhance biodiversity by providing diverse habitats and reducing the harmful impacts of pesticides associated with monoculture farming.
HS-LS2-034,Nemotron 3 Super 120b a12,1,"The reference answer correctly explains that artificial light at night disrupts nocturnal wildlife behaviors and that reducing light pollution restores natural cycles, thereby protecting ecosystems."
HS-LS2-035,Nemotron 3 Super 120b a12,1,"The answer correctly identifies the confusion effect and increased vigilance from many eyes as key ways schooling reduces individual predation risk, addressing the standard's focus on group behavior's survival benefits."
HS-LS2-035,OSS 120b,1,"The answer accurately explains that schooling provides a confusion effect and enhanced predator detection, both of which lower individual predation risk, satisfying the standard."
HS-LS2-034,Gemini Flash 3,1,"The answer accurately explains the biological and ecological mechanisms by which reducing light pollution restores natural behaviors and supports biodiversity, aligning well with the standard's focus on mitigating human impacts."
HS-LS2-036,OSS 120b,1,"The answer correctly explains that pack hunting enables wolves to capture larger prey and obtain more food overall, outweighing sharing costs and enhancing survival and reproductive success, aligning with the standard."
HS-LS2-035,Gemini Flash 3,1,The answer accurately identifies the confusion effect and increased vigilance as two primary mechanisms that enhance individual survival within a fish school.
HS-LS2-036,Nemotron 3 Super 120b a12,1,"The answer correctly explains that pack hunting enables wolves to take down larger prey, providing a net energetic gain that improves survival and reproductive success, which aligns with evaluating the role of group behavior in HS-LS2-8."
HS-LS2-036,Gemini Flash 3,1,"The answer correctly explains the evolutionary advantage of pack hunting by linking group behavior to increased energy gain and improved survival and reproductive success, which aligns with the requirements of standard HS-LS2-8."
HS-LS2-037,Nemotron 3 Super 120b a12,1,"The answer correctly identifies the dilution effect as a key advantage of large herds for reducing predation risk, which addresses the role of group behavior in survival."
HS-LS2-037,OSS 120b,1,"The answer correctly cites the dilution (and confusion) effect, explaining how massive herds reduce individual predation risk, directly addressing the role of group behavior in survival and reproduction."
HS-LS2-039,Nemotron 3 Super 120b a12,1,"The answer correctly states that oxygen depletion from eutrophication reduces a key resource for trout, thereby decreasing the lake's carrying capacity."
HS-LS2-039,Gemini Flash 3,1,"The answer accurately identifies that carrying capacity decreases because oxygen becomes a limiting factor due to eutrophication, directly addressing the impact on the ecosystem's ability to support the trout population."
HS-LS2-039,OSS 120b,1,"The answer correctly explains that eutrophication reduces dissolved oxygen, a key resource, thereby decreasing the trout carrying capacity."
HS-LS2-038,OSS 120b,0,"The answer is vague and does not clearly state that carrying capacity will likely decrease (or stay constant) due to wolf predation, making it incomplete and potentially misleading."
HS-LS2-040,OSS 120b,1,"The answer correctly applies the proportional relationship between resource availability and carrying capacity, giving the appropriate estimate of ~75 bison."
HS-LS2-038,Nemotron 3 Super 120b a12,0,"The answer lacks a mathematical or computational representation to support the explanation, which is required by HS-LS2-1."
HS-LS2-038,Gemini Flash 3,1,"The answer correctly distinguishes between the environmental carrying capacity and population regulation, while explaining how predators protect the habitat from overgrazing which preserves that capacity."
HS-LS2-040,Nemotron 3 Super 120b a12,1,"The answer correctly applies proportional reasoning to estimate the new carrying capacity, aligning with the standard's expectation to use mathematical representations."
HS-LS1-050,Gemini Flash 3,1,"The answer accurately describes the flow of genetic information from DNA to protein structure and how a mutation impacts cellular function, aligning with the requirements of standard HS-LS1-1."
HS-LS2-040,Gemini Flash 3,1,"The answer accurately applies a proportional mathematical reasoning to resource availability and carrying capacity, which directly addresses the requirements of the HS-LS2-1 standard."
HS-LS2-041,OSS 120b,1,The answer correctly identifies Island A as having a higher carrying capacity and explains it by linking greater rainfall to increased vegetation and food availability for herbivores.
HS-LS2-042,OSS 120b,1,"The answer correctly explains that loss of reef structure lowers habitat complexity and food, reducing carrying capacity and causing the fish population to decline toward a new lower equilibrium."
HS-LS2-041,Gemini Flash 3,1,"The answer correctly identifies the relationship between resource availability (rainfall and vegetation) and the carrying capacity of an ecosystem, accurately reflecting the factors described in standard HS-LS2-1."
HS-LS2-041,Nemotron 3 Super 120b a12,0,The answer correctly identifies Island A as having higher carrying capacity but provides only a qualitative explanation without any mathematical or computational representation as required by the standard.
HS-LS2-042,Gemini Flash 3,1,"The answer correctly identifies that the reduction in habitat and food resources will lower the carrying capacity, leading to a predictable decline in the fish population."
HS-LS2-043,OSS 120b,1,The answer correctly calculates the remaining species and appropriately explains that higher biodiversity suggests greater ecosystem resilience.
HS-LS2-042,Nemotron 3 Super 120b a12,0,The answer correctly describes a decline to a lower carrying capacity but lacks any mathematical or computational representation to support the explanation as required by HS-LS2-1.
HS-LS2-043,Nemotron 3 Super 120b a12,0,"The healthy reef loses 20 species, which is more in absolute terms than the degraded reef’s loss of 4 species, so the claim that it loses fewer species is incorrect, making the answer misleading."
HS-LS2-044,OSS 120b,1,"The answer correctly identifies that the growth rate is past its logistic maximum (at K/2) and is therefore beginning to slow, providing the proper reasoning."
HS-LS2-043,Gemini Flash 3,0,"The reference answer incorrectly states that the healthy reef loses fewer species in absolute terms, when in fact it loses 20 species compared to the degraded reef's loss of 4 species."
HS-LS2-045,OSS 120b,1,"The answer correctly applies a mathematical comparison (percent loss) and explains that higher biodiversity provides functional redundancy, making the section with 15 species more likely to maintain its food web."
HS-LS2-045,Nemotron 3 Super 120b a12,1,The answer uses proportional loss (20% vs 60%) to mathematically compare sections and correctly links higher species richness to greater functional redundancy and stability.
HS-LS2-044,Nemotron 3 Super 120b a12,1,"The answer correctly identifies that growth rate peaks at half carrying capacity (400) and, at 500 (>400), the rate is slightly past its maximum and thus decelerating, using the logistic model to justify the expectation."
HS-LS2-044,Gemini Flash 3,1,"The answer accurately identifies that the maximum growth rate in the logistic model occurs at half the carrying capacity (400), meaning a population of 500 has passed that peak and is decelerating."
HS-LS2-045,Gemini Flash 3,1,"The answer correctly applies mathematical reasoning (percentages) and the ecological concept of functional redundancy to explain why higher biodiversity enhances ecosystem resilience, fulfilling the requirements of the standard."
HS-LS2-046,OSS 120b,1,The answer correctly identifies the pattern as logistic growth and accurately notes that the growth rate levels off between years 4 and 5 as the population approaches ~740.
HS-LS2-046,Gemini Flash 3,1,The answer correctly identifies the logistic growth pattern and accurately interprets the data to show where the population stabilizes relative to carrying capacity.
HS-LS2-047,OSS 120b,1,The answer correctly predicts a steeper decline in the low‑diversity ecosystem and explains it using the buffering effect of higher plant species richness.
HS-LS2-046,Nemotron 3 Super 120b a12,1,"The answer correctly identifies logistic (S‑shaped) growth and points out that the growth rate levels off between years 4 and 5, which matches the data and fulfills the standard’s requirement to use mathematical representations to explain population dynamics."
HS-LS2-048,Nemotron 3 Super 120b a12,1,"The answer correctly describes the shift from aerobic to anaerobic decomposition, identifies the expected gases (methane and carbon dioxide), and notes the lower energy yield, which aligns with HS‑LS2‑3."
HS-LS2-047,Gemini Flash 3,1,"The answer accurately applies the concept of ecosystem resilience, correctly identifying that higher biodiversity provides a buffer against environmental stressors like drought."
HS-LS2-047,Nemotron 3 Super 120b a12,0,"The answer correctly predicts a steeper decline in the low‑diversity ecosystem but fails to include a mathematical representation to support the explanation, which is required by HS‑LS2‑2."
HS-LS2-048,OSS 120b,1,The answer correctly explains the shift to anaerobic decomposition and identifies the expected gases (methane and carbon dioxide) while noting reduced energy yield.
HS-LS2-048,Gemini Flash 3,1,"The answer accurately describes the shift to anaerobic decomposition, identifies the correct gas products like methane, and addresses the difference in energy release required by the standard."
HS-LS2-049,OSS 120b,1,"The answer correctly explains that anaerobic flooding slows carbon decomposition, shifts products from CO₂ to CH₄, and reduces atmospheric carbon return compared to aerobic conditions."
HS-LS2-050,OSS 120b,1,The answer correctly predicts a drop in dissolved oxygen due to bacterial consumption during decomposition and explains the underlying aerobic respiration process.
HS-LS2-050,Nemotron 3 Super 120b a12,1,"The answer correctly explains that aerobic decomposition of dead algae consumes dissolved oxygen faster than replenishment, causing hypoxia/anoxia and a shift to anaerobic decomposition, which addresses the cycling of matter and flow of energy under aerobic and anaerobic conditions."
HS-LS2-049,Nemotron 3 Super 120b a12,1,The answer correctly describes slower anaerobic decomposition leading to methane release and less carbon returned to atmosphere compared to aerobic oxidation.
HS-LS2-051,Nemotron 3 Super 120b a12,1,"The answer correctly links turning the pile to oxygen introduction, aerobic decomposition’s higher energy yield and faster rate, and contrasts it with slower anaerobic decay that produces methane, fully addressing the cycling of matter and flow of energy."
HS-LS2-051,OSS 120b,1,"The answer correctly explains that turning adds oxygen, keeps aerobic microbes active and efficient, whereas an undisturbed pile becomes anaerobic and decomposes more slowly."
HS-LS2-051,Gemini Flash 3,1,The answer accurately explains how turning the pile introduces oxygen to promote faster aerobic decomposition and more efficient energy release compared to slower anaerobic processes.
HS-LS2-052,OSS 120b,1,"The answer correctly applies the 10% energy transfer rule across the trophic levels and clearly states the resulting 10 kcal, fulfilling the calculation requirement."
HS-LS2-053,Nemotron 3 Super 120b a12,1,"The answer correctly calculates 50 kg of carbon transferred to fish (10% of 500 kg) and explains how the remaining carbon returns to the abiotic environment as CO₂ or waste, illustrating matter cycling."
HS-LS2-052,Nemotron 3 Super 120b a12,1,"The reference answer correctly applies the 10% energy transfer rule across four trophic levels, yielding 10 kcal available to the hawk, which fully addresses the question."
HS-LS2-052,Gemini Flash 3,1,"The answer accurately applies the 10% energy transfer rule through each trophic level described in the question, correctly calculating that 10 kcal reaches the hawk."
HS-LS2-053,Gemini Flash 3,1,"The answer correctly calculates the carbon transfer using the 10% rule and accurately explains how the remaining carbon cycles back to the environment, fulfilling the requirements of standard HS-LS2-4."
HS-LS2-053,OSS 120b,1,"The answer correctly calculates 50 kg of carbon transferred to the fish and explains how the remaining carbon cycles back into the ecosystem, meeting the standard."
HS-LS2-054,Nemotron 3 Super 120b a12,1,"The answer correctly calculates that decomposers retain 0.8 g of nitrogen (10% of 8 g) and return 7.2 g to the soil, and it connects this to matter cycling, fulfilling the standard."
HS-LS2-054,OSS 120b,1,"The answer correctly calculates that 0.8 g is retained and 7.2 g is returned, fully answering the question."
HS-LS2-055,Nemotron 3 Super 120b a12,1,"The answer correctly calculates 1% of 80,000 kcal = 800 kcal stored in plants, then 10% of 800 kcal = 80 kcal stored in herbivorous fish, demonstrating the energy flow calculation required by HS‑LS2‑4."
HS-LS2-054,Gemini Flash 3,1,The reference answer correctly calculates the nitrogen returned to the soil (7.2 grams) and explains its role in the cycling of matter within the ecosystem as required by the standard.
HS-LS2-055,OSS 120b,1,"The answer correctly calculates 1% of 80,000 kcal = 800 kcal and then 10% of that = 80 kcal, providing the required energy stored in the herbivorous fish."
HS-LS2-056,Nemotron 3 Super 120b a12,1,"The answer correctly notes that burning releases stored carbon as CO₂ and that reduced photosynthesis diminishes CO₂ removal, leading to increased atmospheric CO₂, which aligns with the carbon‑cycle model required by HS‑LS2-5."
HS-LS2-055,Gemini Flash 3,1,"The calculations correctly determine the energy stored by producers and herbivorous fish based on the provided percentages, directly addressing the mathematical representation requirement of the standard."
HS-LS2-049,Gemini Flash 3,0,"The statement that less carbon is returned to the atmosphere 'per unit of organic matter broken down' is scientifically inaccurate, as the conservation of mass dictates that all carbon atoms in the metabolized matter are released (primarily as methane and carbon dioxide); the actual difference is th"
HS-LS2-056,OSS 120b,1,"The answer correctly explains that burning releases stored carbon as CO₂ and reduces photosynthetic removal, leading to increased atmospheric CO₂, meeting the standard."
HS-LS2-056,Gemini Flash 3,1,"The answer accurately identifies both the release of carbon through combustion and the reduction in carbon sequestration due to the loss of photosynthesis, clearly illustrating the shift of carbon from the biosphere to the atmosphere."
HS-LS2-057,OSS 120b,1,"The answer correctly explains that eliminating plants stops photosynthetic CO₂ uptake and leaves only respiratory CO₂ release, turning the field from a sink into a source, which fully addresses the carbon exchange change."
HS-LS2-058,OSS 120b,1,"The answer correctly explains that thawing permafrost leads to microbial respiration of organic matter, releasing CO₂ (and CH₄) and thus raising atmospheric carbon dioxide levels."
HS-LS2-057,Gemini Flash 3,1,"The answer accurately identifies the roles of photosynthesis and cellular respiration in the carbon cycle, explaining how the loss of plants shifts the field from a net carbon sink to a net carbon source."
HS-LS2-057,Nemotron 3 Super 120b a12,1,"The answer correctly states that killing plants halts photosynthesis (removing the CO₂ sink) while decomposition continues to release CO₂, turning the field into a net atmospheric carbon source, which directly answers the question."
HS-LS2-058,Gemini Flash 3,1,"The answer correctly identifies that microbial cellular respiration releases carbon from organic matter in thawing permafrost, increasing atmospheric CO2 levels in accordance with the carbon cycle standard."
HS-LS2-058,Nemotron 3 Super 120b a12,1,"The answer correctly explains that thawing permafrost exposes organic matter to microbial cellular respiration, releasing stored carbon as CO₂ (and CH₄) and thus increasing atmospheric CO₂ levels, which aligns with the carbon‑cycling concept of HS‑LS2‑5."
HS-LS2-059,OSS 120b,1,"The answer correctly explains that loss of algae stops photosynthetic CO₂ uptake and that continued decomposition releases CO₂, turning the lake from a carbon sink to a source, which addresses the carbon cycling impacts required by the standard."
HS-LS2-059,Nemotron 3 Super 120b a12,1,"The answer correctly describes how loss of algal photosynthesis halts CO₂ uptake while bacterial decomposition continues to release CO₂, turning the lake from a carbon sink to a source, which aligns with the standard’s focus on photosynthesis and respiration in carbon cycling."
HS-LS2-060,Nemotron 3 Super 120b a12,1,"The answer correctly predicts that fewer large fish lead to more small fish, which consume more algae and thus likely reduce the algae population, demonstrating how predator‑prey interactions maintain ecosystem balance."
HS-LS2-060,OSS 120b,1,The answer correctly predicts a decrease in algae due to increased small‑fish numbers after large‑fish loss and provides appropriate ecological reasoning.
HS-LS2-061,OSS 120b,1,"The answer correctly predicts a decline in plant diversity due to loss of pollinators and notes a shift to a less diverse stable ecosystem, aligning with the standard."
HS-LS2-061,Nemotron 3 Super 120b a12,1,"The answer correctly predicts a decline in plant diversity due to loss of insect pollinators and links this to a shift toward a new, less diverse stable state, satisfying HS-LS2-6."
HS-LS2-059,Gemini Flash 3,1,"The answer accurately describes how the loss of photosynthesis disrupts the carbon cycle by halting CO₂ uptake while decomposition (respiration) continues, correctly identifying the resulting shift in carbon flux between the hydrosphere and atmosphere."
HS-LS2-061,Gemini Flash 3,1,"The reference answer correctly identifies the causal link between pollinator loss and decreased plant diversity, explicitly connecting the disruption to a shift in the ecosystem's stable state as required by the standard."
HS-LS2-062,Nemotron 3 Super 120b a12,1,"The answer correctly predicts fish decline due to loss of shelter and subsequent algal overgrowth, leading to an algae‑dominated reef, which aligns with ecosystem change principles in HS‑LS2-6."
HS-LS2-062,OSS 120b,1,"The answer correctly predicts fish decline due to loss of coral shelter and algae overgrowth due to reduced grazing, describing the ecosystem shift as required."
HS-LS2-063,OSS 120b,1,"The answer correctly predicts shrub encroachment and ecosystem shift, fully addressing the expected outcome of fire suppression."
HS-LS1-004,Gemini Flash 3,1,"The answer accurately describes the process of translation by identifying the role of ribosomes, mRNA codons, and the resulting amino acid chain, which is essential for understanding how DNA structure determines protein structure."
HS-LS2-063,Gemini Flash 3,1,"The answer accurately predicts the transition from grassland to woodland due to the removal of a natural disturbance, directly addressing the ecological shift described in standard HS-LS2-6."
HS-LS2-062,Gemini Flash 3,1,"The answer accurately describes the trophic cascade and regime shift that occurs when a coral reef ecosystem is disrupted by temperature stress, aligning perfectly with the standard's focus on ecosystem stability and change."
HS-LS2-063,Nemotron 3 Super 120b a12,1,"The answer correctly predicts that fire suppression will allow shrub and woody plant expansion, converting grassland to shrubland/woodland, illustrating how a changed condition can produce a new stable ecosystem as required by HS-LS2-6."
HS-LS2-064,OSS 120b,1,"The answer correctly proposes wildlife crossing structures, addressing habitat fragmentation and biodiversity maintenance as required."
HS-LS2-064,Nemotron 3 Super 120b a12,1,"The answer correctly identifies wildlife crossing bridges or underpasses as a solution that reduces habitat fragmentation and maintains gene flow, directly addressing the standard."
HS-LS2-064,Gemini Flash 3,1,The answer correctly identifies wildlife corridors as a standard engineering solution to habitat fragmentation and explains how they help maintain biodiversity through gene flow.
HS-LS2-065,OSS 120b,1,"The answer correctly explains that the vegetation buffer absorbs and filters nutrients from runoff, reducing the nitrogen and phosphorus that cause algal blooms."
HS-LS2-065,Nemotron 3 Super 120b a12,1,"The answer correctly describes how a native vegetation buffer strip absorbs and filters excess nutrients, thereby reducing the nitrogen and phosphorus that cause algal blooms, which directly addresses the question."
HS-LS2-066,Nemotron 3 Super 120b a12,1,"The answer correctly explains that discharging farther offshore dilutes nutrients and pollutants, reducing eutrophication and algal overgrowth that harms coral reefs."
HS-LS2-066,OSS 120b,1,"The answer correctly explains that moving the discharge farther offshore dilutes nutrients and pollutants, reducing algal overgrowth and preserving water quality needed for coral health, thereby protecting reef biodiversity."
HS-LS2-065,Gemini Flash 3,1,"The answer accurately explains the ecological mechanism of a buffer strip in filtering nutrients to mitigate the impact of runoff, which directly aligns with the standard's focus on evaluating solutions to human environmental impacts."
HS-LS2-067,OSS 120b,1,"The answer correctly explains that selective logging lessens biodiversity loss by preserving canopy, understory, and soil, leading to quicker ecosystem recovery compared to clear‑cutting."
HS-LS2-067,Nemotron 3 Super 120b a12,1,"The answer correctly explains that selective logging maintains canopy, understory, and soil, thereby reducing biodiversity loss compared to clear‑cutting, which satisfies the standard’s focus on evaluating solutions to lessen human impacts on biodiversity."
HS-LS2-068,Nemotron 3 Super 120b a12,1,"The answer correctly describes how the circular formation of adults shields calves from predators, thereby increasing calf survival through collective defense."
HS-LS2-066,Gemini Flash 3,1,"The answer accurately explains how increasing the distance of wastewater discharge reduces nutrient-driven algae growth, which is a key threat to coral reef biodiversity."
HS-LS2-068,OSS 120b,1,"The answer correctly explains that the protective circle of adults shields the calves, preventing predators from isolating them and thereby increasing calf survival."
HS-LS2-067,Gemini Flash 3,1,"The answer accurately evaluates selective logging as a solution by explaining how preserving forest structure maintains habitats and soil, thereby reducing biodiversity loss compared to clear-cutting."
HS-LS2-069,OSS 120b,1,"The answer accurately predicts that a pack will be more successful than a lone wolf and explains that coordinated hunting increases kill probability and individual survival, meeting the standard."
HS-LS2-068,Gemini Flash 3,1,"The answer accurately describes the mechanism of the group behavior and explains how it enhances survival chances relative to individual behavior, directly addressing the standard."
HS-LS2-069,Nemotron 3 Super 120b a12,1,"The reference answer correctly predicts that a pack of six wolves is more likely to successfully kill the elk due to coordinated hunting behaviors, which increases each wolf's chance of obtaining food and thus enhances survival and reproductive success."
HS-LS2-070,OSS 120b,1,"The answer correctly explains that the waggle dance improves foraging efficiency and colony survival compared to independent searching, directly addressing the role of group behavior."
HS-LS2-069,Gemini Flash 3,1,"The answer accurately explains how group hunting coordination increases survival and reproductive success, directly addressing the core components of the HS-LS2-8 standard."
HS-LS2-070,Gemini Flash 3,1,"The answer accurately explains how group communication enhances foraging efficiency and resource acquisition, directly addressing the impact of group behavior on survival as required by the HS-LS2-8 standard."
HS-LS2-071,OSS 120b,1,"The answer correctly predicts higher mortality for isolated penguins and improved survival for those huddling, addressing the role of group behavior on survival."
HS-LS2-070,Nemotron 3 Super 120b a12,1,"The answer correctly explains that the waggle dance improves foraging efficiency and colony energy gain, thereby enhancing survival compared to independent foraging."
HS-LS2-071,Nemotron 3 Super 120b a12,1,"The answer accurately describes how group huddling reduces heat loss and energy expenditure, thereby increasing survival in extreme cold, which aligns with the standard's focus on group behavior enhancing survival."
HS-LS3-001,OSS 120b,1,"The answer correctly defines genotype as the genetic makeup and phenotype as the observable traits resulting from genotype and environment, fully addressing the question."
HS-LS2-071,Gemini Flash 3,1,The answer accurately predicts the physiological outcomes for both scenarios and correctly identifies the survival advantages of the group behavior as required by the standard.
HS-LS3-001,Nemotron 3 Super 120b a12,1,"The answer accurately defines genotype and phenotype, aligning with the standard's focus on genetic instructions and trait expression."
HS-LS3-002,Nemotron 3 Super 120b a12,1,"The answer correctly defines homozygous as having two identical alleles and provides appropriate examples, adequately addressing the standard."
HS-LS3-002,OSS 120b,1,"The answer correctly defines homozygous as having two identical alleles, covering both dominant and recessive cases, which fully addresses the question."
HS-LS3-001,Gemini Flash 3,1,"The answer accurately distinguishes between the genetic code (genotype) and the expressed traits (phenotype), accounting for environmental influence as required by high-school biology standards."
HS-LS3-003,Nemotron 3 Super 120b a12,1,"The answer correctly describes mRNA's role in transporting genetic information from DNA to the ribosome for protein synthesis, which is accurate and sufficient for the question."
HS-LS3-003,OSS 120b,1,"The answer correctly states that mRNA transports DNA-encoded information to ribosomes and provides the template for protein synthesis, which fully addresses the question."
HS-LS3-002,Gemini Flash 3,1,"The answer accurately defines the term homozygous and provides appropriate examples of genotype variations, meeting the requirements for the standard."
HS-LS3-003,Gemini Flash 3,1,"The answer accurately describes the transcription and translation role of mRNA in bridging the gap between DNA instructions and protein synthesis, which is central to how traits are expressed."
HS-LS3-004,Nemotron 3 Super 120b a12,1,"The answer correctly defines sex chromosomes and describes the typical XX/XY pattern in humans, directly answering the question and aligning with the standard."
HS-LS3-005,Nemotron 3 Super 120b a12,1,"The answer correctly defines crossing over as the exchange of chromosome segments between homologous chromosomes and accurately states it occurs during prophase I of meiosis, fully addressing the question."
HS-LS3-004,OSS 120b,1,The answer correctly defines sex chromosomes and states the typical XX/XY patterns that determine biological sex in humans.
HS-LS3-004,Gemini Flash 3,1,The answer accurately defines sex chromosomes and correctly identifies the typical XX/XY patterns for biological females and males in humans.
HS-LS3-005,OSS 120b,1,The answer correctly defines crossing over as exchange of chromosome segments between homologous chromosomes and correctly identifies prophase I as the meiotic stage when it occurs.
HS-LS3-006,Nemotron 3 Super 120b a12,1,"The answer correctly identifies induced mutations as those caused by external agents (mutagens) such as radiation or chemicals, directly addressing the question."
HS-LS3-005,Gemini Flash 3,1,The answer accurately defines crossing over as the exchange of genetic material between homologous chromosomes and correctly identifies Prophase I as the phase where it occurs.
HS-LS3-006,Gemini Flash 3,1,"The answer accurately identifies both the term for the mutations and the agents that cause them, directly addressing the question within the context of the standard."
HS-LS3-006,OSS 120b,1,The answer correctly identifies the term 'induced mutations' for environmentally caused mutations and adds accurate supporting detail.
HS-LS3-007,Nemotron 3 Super 120b a12,1,"The answer correctly describes independent assortment as the random segregation of homologous chromosome pairs during meiosis I, resulting in varied maternal/paternal chromosome combinations in gametes."
HS-LS3-007,OSS 120b,1,"The answer accurately defines independent assortment as the random separation of homologous chromosome pairs during meiosis I, giving each gamete a random mix of maternal and paternal chromosomes."
HS-LS3-008,Nemotron 3 Super 120b a12,1,"The answer correctly lists common environmental mutagens (UV radiation, X-rays, benzene, tobacco carcinogens) which satisfy the request for examples."
HS-LS3-008,OSS 120b,1,"The answer correctly lists several recognized environmental mutagens (UV radiation, X‑rays, benzene, tobacco carcinogens) that can cause DNA mutations."
HS-LS3-009,Nemotron 3 Super 120b a12,1,"The reference answer accurately defines a silent mutation as a nucleotide change that does not alter the encoded amino acid, which correctly answers the question."
HS-LS3-009,OSS 120b,1,"The answer correctly defines a silent mutation as a nucleotide change that does not alter the amino acid sequence, which is sufficient for the question."
HS-LS3-008,Gemini Flash 3,1,"The answer accurately lists both physical and chemical mutagens, which are key examples of environmental factors causing DNA mutations as required by the standard."
HS-LS3-010,OSS 120b,1,"The answer correctly identifies that only mutations occurring in germ cells are heritable and can be passed to offspring, which fully addresses the question."
HS-LS3-010,Nemotron 3 Super 120b a12,1,"The answer correctly states that a mutation must occur in a germ cell (sperm or egg) to be inheritable, which fully addresses the question about heritable mutations."
HS-LS3-010,Gemini Flash 3,1,"The answer correctly identifies that mutations must occur in germ cells to be passed to offspring, which accurately addresses the concept of inheritable variation."
HS-LS3-011,Nemotron 3 Super 120b a12,1,The answer correctly defines chromosomal mutation as a large-scale change in chromosome structure or number and gives appropriate examples.
HS-LS3-011,Gemini Flash 3,1,The answer accurately defines chromosomal mutations as large-scale changes in structure or number and provides relevant examples consistent with high school biology curricula.
HS-LS3-011,OSS 120b,1,"The answer accurately defines a chromosomal mutation as a large‑scale alteration in chromosome structure or number, giving appropriate examples."
HS-LS3-012,Nemotron 3 Super 120b a12,1,"The answer correctly explains that proofreading enzymes detect and correct mismatched bases in the newly synthesized DNA strand, greatly reducing but not eliminating replication errors, which directly addresses the question and aligns with the standard's focus on replication errors as a source of ge"
HS-LS3-012,OSS 120b,1,"The answer accurately explains that proofreading enzymes detect and correct mismatched bases during DNA replication, reducing errors, which directly addresses the question."
HS-LS3-013,Nemotron 3 Super 120b a12,1,"The answer correctly defines a substitution mutation as a point mutation where one nucleotide base is replaced by another, which is accurate and sufficient for the question."
HS-LS3-012,Gemini Flash 3,1,The answer accurately describes the function of proofreading enzymes in DNA replication and correctly notes that they reduce but do not eliminate the errors that lead to genetic variation.
HS-LS3-013,OSS 120b,1,"The answer correctly defines a substitution mutation as a point mutation where one nucleotide is replaced by another, which fully addresses the question."
HS-LS3-013,Gemini Flash 3,1,The definition accurately and concisely describes a substitution mutation as a point mutation involving the replacement of a single nucleotide base.
HS-LS3-009,Gemini Flash 3,1,"The answer provides a scientifically accurate definition of a silent mutation, which is a key concept in understanding how mutations affect genetic variation as described in the standard."
HS-LS3-014,Nemotron 3 Super 120b a12,1,The answer correctly defines allele frequency as the proportion of a specific allele relative to all alleles at that locus in a population.
HS-LS3-014,OSS 120b,1,"The answer correctly defines allele frequency as the proportion of a specific allele in a population, matching the standard's requirement."
HS-LS3-015,OSS 120b,1,"The answer correctly defines a normal distribution as a bell‑shaped curve with most individuals near the mean and fewer at the extremes, relating it to trait variation."
HS-LS3-015,Nemotron 3 Super 120b a12,1,"The answer accurately describes a normal distribution as a bell-shaped curve with most individuals near the mean and fewer at the extremes, which correctly addresses the concept of trait variation for continuous traits."
HS-LS3-014,Gemini Flash 3,1,"The definition accurately describes allele frequency as a relative proportion within a population, which is foundational for applying statistics to genetic variation as required by HS-LS3-3."
HS-LS3-015,Gemini Flash 3,1,"The answer accurately describes the shape, central tendency, and distribution of a normal curve as it applies to polygenic, continuous traits in a population."
HS-LS3-016,Nemotron 3 Super 120b a12,1,"The answer correctly defines discrete and continuous traits with clear examples, fully addressing the question."
HS-LS3-016,OSS 120b,1,"The answer correctly differentiates discrete traits (categorical, no intermediates) from continuous traits (range of values), providing appropriate examples."
HS-LS3-016,Gemini Flash 3,1,The answer accurately defines and distinguishes between discrete and continuous traits with appropriate high-school level examples.
HS-LS3-017,Nemotron 3 Super 120b a12,1,"The answer correctly defines genotype frequency as the proportion of individuals in a population with a specific genotype, which fully addresses the question."
HS-LS3-017,OSS 120b,1,The answer correctly defines genotype frequency as the proportion of individuals with a specific genotype in a population.
HS-LS3-018,Nemotron 3 Super 120b a12,1,"The answer accurately defines heritability as the proportion of trait variation attributable to genetic differences, which aligns with the statistical focus of HS-LS3-3."
HS-LS3-018,OSS 120b,1,"The answer accurately defines heritability as the proportion of trait variation due to genetic differences, matching the standard's focus on statistical concepts of trait distribution."
HS-LS3-017,Gemini Flash 3,1,"The definition accurately describes genotype frequency as the proportion of individuals in a population with a specific allele combination at a locus, which is foundational for applying statistics to trait distribution."
HS-LS3-018,Gemini Flash 3,1,"The answer accurately defines heritability as a statistical measure of phenotypic variation due to genetic differences, which is a core concept for understanding trait distribution in populations."
HS-LS3-019,OSS 120b,1,The answer accurately defines the Hardy-Weinberg principle and includes the key conditions required for allele/genotype frequencies to remain constant.
HS-LS3-019,Nemotron 3 Super 120b a12,1,"The answer correctly defines the Hardy-Weinberg principle and states the conditions under which allele and genotype frequencies remain constant, which adequately answers the question."
HS-LS3-019,Gemini Flash 3,1,"The answer provides a scientifically accurate and complete definition of the Hardy-Weinberg principle, including the necessary conditions for genetic equilibrium."
HS-LS3-020,OSS 120b,1,"The answer correctly defines an autosomal trait as one governed by genes on non-sex chromosomes, noting equal inheritance across sexes."
HS-LS3-020,Nemotron 3 Super 120b a12,1,"The answer accurately defines an autosomal trait and correctly notes it is inherited with equal probability in both sexes, which sufficiently answers the question."
HS-LS3-021,OSS 120b,1,The answer correctly explains that larger sample sizes improve reliability and accuracy of trait distribution estimates by reducing random variation.
HS-LS3-020,Gemini Flash 3,1,"The answer accurately defines an autosomal trait and correctly identifies that its inheritance probability is independent of biological sex, which aligns with the standard's focus on probability and trait distribution."
HS-LS3-021,Nemotron 3 Super 120b a12,1,"The answer correctly explains that larger sample sizes reduce random variation and yield more accurate estimates of trait distributions, which aligns with the statistical concepts required by HS-LS3-3."
HS-LS3-021,Gemini Flash 3,1,"The answer correctly identifies that larger sample sizes increase the reliability of population estimates by reducing the impact of random sampling error, which aligns well with the statistics and probability requirements of the standard."
HS-LS3-022,Nemotron 3 Super 120b a12,1,"The answer correctly explains that chromosome packaging allows DNA to fit in the nucleus, prevents tangling, and ensures accurate replication and segregation during cell division, which is essential for inheriting traits."
HS-LS3-022,OSS 120b,1,"The answer accurately explains that packaging DNA into chromosomes allows the long molecules to fit within the nucleus and ensures they are correctly copied and segregated during cell division, addressing the core reason."
HS-LS3-023,Nemotron 3 Super 120b a12,1,"The answer correctly describes how DNA base sequences form codons that specify amino acids for proteins, which determine traits, aligning with the standard's focus on DNA coding for inherited characteristics."
HS-LS3-022,Gemini Flash 3,1,The answer accurately explains that DNA packaging is essential for both fitting the genetic material into the nucleus and ensuring its organized distribution during cell division.
HS-LS3-023,OSS 120b,1,"The answer accurately explains that DNA base sequences form codons that specify amino acids, producing proteins whose functions determine traits, adequately covering the relationship required by the standard."
HS-LS3-024,OSS 120b,1,"The answer correctly explains that hidden recessive alleles can be passed on, causing a child to display a trait not visible in either parent, which aligns with HS-LS3-1 expectations."
HS-LS3-024,Nemotron 3 Super 120b a12,1,"The answer correctly explains that parents can carry unseen recessive alleles that, when both are transmitted, produce a child with a different visible trait, which aligns with the standard’s focus on how DNA and chromosomes encode inherited traits."
HS-LS3-023,Gemini Flash 3,1,"The answer accurately explains the mechanism by which DNA base sequences determine traits through codon formation and protein synthesis, directly addressing the core concept of the standard."
HS-LS3-025,Nemotron 3 Super 120b a12,1,"The answer correctly explains that a gene encodes a protein whose function contributes to a physical trait, satisfying the standard's focus on DNA/chromosome coding of inherited characteristics."
HS-LS3-024,Gemini Flash 3,1,The answer accurately explains how heterozygous parents can pass on recessive alleles to produce a phenotype that differs from their own.
HS-LS3-025,OSS 120b,1,"The answer correctly explains that a gene encodes a protein whose activity influences a physical trait, providing an appropriate example of pigment production."
HS-LS3-026,Nemotron 3 Super 120b a12,1,"The answer correctly explains that meiosis reduces chromosome number in gametes so fertilization restores the diploid complement, directly addressing why body cells are diploid and sex cells are haploid."
HS-LS3-026,OSS 120b,1,"The answer correctly explains that meiosis reduces chromosome number to 23 in gametes so fertilization restores the diploid 46, preventing chromosome doubling each generation."
HS-LS3-026,Gemini Flash 3,1,The answer accurately identifies meiosis as the mechanism for reducing chromosome numbers and explains why this is necessary to maintain a stable genome across generations.
HS-LS3-025,Gemini Flash 3,1,"The answer correctly identifies the gene-to-protein-to-trait pathway, which is the fundamental mechanism required to address how DNA codes for characteristics in the HS-LS3-1 standard."
HS-LS3-027,Nemotron 3 Super 120b a12,1,"The reference answer correctly explains that diploidy allows dominant alleles to mask recessive ones and that trait expression depends on the alleles inherited, which addresses the question adequately for the given standard."
HS-LS3-027,OSS 120b,1,"The answer correctly explains that two gene copies allow dominant alleles to mask recessive ones, and only homozygous recessive genotypes express the recessive trait."
HS-LS3-028,OSS 120b,1,"The answer correctly explains that DNA mutations can alter protein sequences, affecting structure/function and thus biological processes, which can change traits, meeting the standard."
HS-LS3-027,Gemini Flash 3,1,"The answer accurately explains how the interaction between dominant and recessive alleles in a diploid organism determines trait expression, which directly addresses the relationship between chromosomes and inherited traits."
HS-LS3-028,Nemotron 3 Super 120b a12,1,"The answer accurately explains that a DNA mutation can change the nucleotide sequence, potentially altering the encoded protein's amino acid sequence and function, thereby affecting the organism's trait, which directly addresses the question and aligns with HS-LS3-1."
HS-LS3-028,Gemini Flash 3,1,"The answer correctly explains the causal link between DNA sequence changes, protein structure, and the resulting expression of traits in an organism."
HS-LS3-029,OSS 120b,1,"The answer correctly explains that chromosomal location determines linkage versus independent assortment, which predicts inheritance patterns."
HS-LS3-029,Nemotron 3 Super 120b a12,1,"The answer correctly explains that a gene’s chromosomal location determines whether it is linked to other genes (inherited together) or assorts independently, directly linking position to inheritance predictions."
HS-LS3-029,Gemini Flash 3,1,"The answer accurately explains the concepts of genetic linkage and independent assortment based on chromosomal location, directly addressing how location influences inheritance patterns."
HS-LS3-030,OSS 120b,1,"The answer accurately explains that independent assortment, crossing over, and random fertilization produce unique allele combinations in each sibling, accounting for their different appearances."
HS-LS3-030,Nemotron 3 Super 120b a12,1,"The answer correctly explains that meiosis creates unique allele combinations via independent assortment and crossing over, and random fertilization further diversifies sibling genotypes, directly addressing the standard."
HS-LS3-031,Nemotron 3 Super 120b a12,1,"The answer correctly explains that recessive alleles can be hidden in heterozygous carriers and only appear when two copies are inherited, accounting for generational skipping."
HS-LS3-030,Gemini Flash 3,1,The answer accurately identifies meiosis (independent assortment and crossing over) and random fertilization as the key mechanisms that create genetic variation among siblings.
HS-LS3-031,OSS 120b,1,"The answer correctly explains that recessive alleles can be hidden in heterozygous individuals and reappear in later generations when two carriers produce homozygous recessive offspring, addressing why traits may skip a generation."
HS-LS3-031,Gemini Flash 3,1,The answer accurately explains the mechanism of Mendelian inheritance where recessive alleles can be masked by dominant ones in carriers and only expressed in homozygous offspring.
HS-LS3-032,OSS 120b,1,"The answer correctly explains that identical twins originate from one fertilized egg that splits, giving identical DNA, while fraternal twins arise from two distinct eggs each with a unique parental chromosome mix, matching the standard."
HS-LS3-032,Nemotron 3 Super 120b a12,1,"The answer correctly explains that identical twins originate from a single fertilized egg that splits, giving identical DNA, while fraternal twins come from two separate fertilizations, each receiving a distinct parental chromosome combination."
HS-LS3-032,Gemini Flash 3,1,The answer accurately explains the biological mechanisms of monozygotic and dizygotic twinning and how they relate to the inheritance of DNA and chromosomes.
HS-LS3-033,OSS 120b,1,"The answer correctly explains that crossing over and independent assortment during meiosis generate new allele combinations, making offspring genetically distinct from each parent."
HS-LS3-033,Nemotron 3 Super 120b a12,1,"The answer correctly identifies crossing over and independent assortment as sources of new allele combinations in gametes, which explains genetic variation in offspring."
HS-LS3-034,Nemotron 3 Super 120b a12,1,"The answer correctly states that an uncorrected DNA polymerase error becomes a permanent sequence change that is replicated in all descendant cells, including gametes, thus allowing the mutation to be inherited."
HS-LS3-034,OSS 120b,1,"The answer accurately explains that an uncorrected replication mistake becomes part of the genome of descendant cells and gametes, allowing the mutation to be inherited."
HS-LS3-034,Gemini Flash 3,1,The answer accurately explains how an uncorrected error by DNA polymerase becomes permanent and specifies that it must occur in gametes to be passed to future generations.
HS-LS3-033,Gemini Flash 3,1,The answer accurately identifies crossing over and independent assortment as the primary mechanisms during meiosis that create new allele combinations in gametes.
HS-LS3-035,Nemotron 3 Super 120b a12,1,"The answer correctly explains that a single base substitution can change a codon, leading to a different amino acid being incorporated and potentially altering protein shape and function, which directly addresses how such a mutation can change the protein."
HS-LS3-035,Gemini Flash 3,1,"The answer accurately describes the biological mechanism by which a point mutation leads to a change in protein structure and function, directly addressing the replication error component of the standard."
HS-LS3-035,OSS 120b,1,"The answer correctly explains that a single nucleotide change alters a codon, leading to incorporation of a different amino acid and potentially altering protein structure and function."
HS-LS3-036,Nemotron 3 Super 120b a12,1,"The answer correctly explains that viable mutations occur in non-critical DNA regions or produce changes that still allow survival and reproduction, whereas lethal mutations cause cell death before replication."
HS-LS3-037,Nemotron 3 Super 120b a12,1,"The answer accurately describes how UV radiation induces thymine dimers that can cause replication errors, correctly addressing how an environmental factor can lead to genetic mutations."
HS-LS3-036,OSS 120b,1,"The answer correctly explains that viable mutations occur in non-essential regions or cause tolerable changes allowing survival and reproduction, whereas lethal mutations prevent survival, matching the standard."
HS-LS3-036,Gemini Flash 3,1,"The answer correctly defines viable mutations based on their impact on survival and reproduction, which is essential for genetic variations to be inherited as per the standard."
HS-LS3-037,OSS 120b,1,"The answer correctly explains that UV radiation induces thymine dimers, distorting DNA and leading to replication errors if unrepaired, adequately addressing how an environmental factor causes mutations."
HS-LS3-038,Nemotron 3 Super 120b a12,1,"The answer correctly states that germline mutations can be transmitted to offspring while somatic mutations cannot, which directly addresses the question and aligns with the inheritable variation concept in HS-LS3-2."
HS-LS3-037,Gemini Flash 3,1,"The answer accurately describes the biochemical mechanism of UV-induced mutation via thymine dimers and the resulting replication errors, which is a key example of environmental factors causing genetic variations as required by the standard."
HS-LS3-038,OSS 120b,1,"The answer correctly explains that germline mutations can be transmitted to offspring while somatic mutations cannot, directly addressing the significance for inheritance."
HS-LS3-039,Nemotron 3 Super 120b a12,1,"The answer correctly explains that random, unpredictable mutations create new alleles in different individuals, increasing genetic and trait variation in a population."
HS-LS3-038,Gemini Flash 3,1,"The answer accurately explains the difference between germline and somatic mutations regarding inheritance, which is a fundamental requirement for addressing how genetic variations are passed to the next generation."
HS-LS3-039,OSS 120b,1,"The answer correctly explains that unpredictable mutations create new alleles in different individuals, thereby increasing genetic variation within a population."
HS-LS3-039,Gemini Flash 3,1,"The answer accurately explains how the unpredictable timing and location of mutations result in a diverse pool of alleles, which directly addresses the mechanism of genetic variation required by the standard."
HS-LS3-040,OSS 120b,1,"The answer accurately explains that chemical mutagens alter DNA bases or intercalate, leading to replication errors that produce new alleles, directly addressing why they increase genetic variation."
HS-LS3-040,Nemotron 3 Super 120b a12,1,"The answer correctly explains that chemical mutagens alter DNA bases or intercalate, causing mispairing during replication and resulting in insertions, deletions, or substitutions that generate new allele variants, directly addressing how environmental factors increase genetic variation."
HS-LS3-040,Gemini Flash 3,1,"The answer accurately describes the molecular mechanisms by which chemical mutagens induce mutations that lead to new genetic variations, directly addressing the environmental factors component of the standard."
HS-LS3-041,Nemotron 3 Super 120b a12,1,"The answer correctly explains that meiosis shuffles existing alleles without creating new DNA sequences, so offspring can inherit allele combinations that already existed, which aligns with the standard’s focus on genetic variation from recombination."
HS-LS3-041,Gemini Flash 3,1,"The answer accurately explains that meiosis reshuffles existing alleles through recombination and independent assortment rather than generating new genetic information, which accounts for the recurrence of existing traits."
HS-LS3-041,OSS 120b,1,"The answer correctly explains that meiosis shuffles existing alleles rather than creating new sequences, so offspring can inherit familiar trait combinations."
HS-LS3-042,Nemotron 3 Super 120b a12,1,"The answer accurately describes how a frameshift mutation alters the reading frame and downstream codons, while a point mutation affects only a single codon, which correctly addresses the question."
HS-LS3-043,Nemotron 3 Super 120b a12,1,"The answer correctly references the law of large numbers, explaining that larger samples reduce random variation and better reflect true trait probabilities."
HS-LS3-042,OSS 120b,1,"The answer accurately explains that frameshift mutations alter the reading frame downstream, affecting many codons and often resulting in nonfunctional proteins, whereas point mutations affect only a single codon with potentially milder effects."
HS-LS3-042,Gemini Flash 3,1,"The answer accurately describes how frameshift mutations alter the entire downstream protein sequence compared to the localized effect of a point mutation, which is appropriate for the high school level."
HS-LS3-043,Gemini Flash 3,1,"The answer accurately explains the statistical principle that larger sample sizes reduce the impact of random chance and better reflect true population probabilities, which aligns perfectly with HS-LS3-3."
HS-LS3-043,OSS 120b,1,"The answer correctly explains that larger samples reduce random variation and better approximate true trait probabilities, which fully addresses the question."
HS-LS3-044,OSS 120b,1,"The answer correctly explains that many genes with small additive effects combine independently, leading most individuals to cluster near the average and producing a normal distribution."
HS-LS3-044,Nemotron 3 Super 120b a12,1,"The answer correctly explains that polygenic traits result from many genes with small additive effects and independent assortment, leading to a normal (bell‑curve) distribution via the central limit theorem."
HS-LS3-045,Nemotron 3 Super 120b a12,1,"The answer correctly explains that both parents can be heterozygous carriers of a recessive allele and calculates the 25% chance of an affected child, fully addressing why unaffected parents can have an affected offspring."
HS-LS3-044,Gemini Flash 3,1,"The answer accurately explains how multiple genes and independent inheritance lead to a normal distribution through additive effects, which correctly applies the statistical principles required by the standard."
HS-LS3-045,OSS 120b,1,"The answer correctly explains that both parents can be heterozygous carriers of a recessive allele and gives the 25% probability, meeting the standard's focus on statistical explanation of trait distribution."
HS-LS3-045,Gemini Flash 3,1,"The answer accurately explains how heterozygous parents can pass on a recessive trait and correctly identifies the 25% probability of the child inheriting the disorder, aligning with the statistical focus of the standard."
HS-LS3-046,OSS 120b,1,"The answer correctly explains that environmental influences can affect gene expression, leading to phenotypic differences despite identical genotypes, which addresses the standard."
HS-LS3-047,Nemotron 3 Super 120b a12,1,"The answer correctly explains that males have a single X chromosome, so one recessive allele expresses the trait, whereas females need two recessive alleles, making the trait statistically rarer in females."
HS-LS3-046,Gemini Flash 3,1,"The answer accurately explains that environmental factors influence gene expression to create phenotypic differences despite identical genotypes, which is a fundamental concept for understanding trait variation."
HS-LS3-047,OSS 120b,1,"The answer correctly explains that males express sex-linked recessive traits more often because they have only one X chromosome, while females need two recessive alleles, making the trait less frequent in females."
HS-LS3-046,Nemotron 3 Super 120b a12,0,"The answer correctly notes environmental influences on gene expression but does not explicitly apply statistical or probabilistic concepts to explain phenotypic variation, making it incomplete for HS‑LS3‑3."
HS-LS3-047,Gemini Flash 3,1,"The answer accurately explains the biological mechanism of hemizygosity in males and the statistical probability required for expression in females, aligning well with the standard."
HS-LS2-037,Gemini Flash 3,1,"The answer accurately explains the dilution effect and predator confusion, which are key evolutionary mechanisms that link group behavior to increased survival as required by the standard."
HS-LS3-048,Nemotron 3 Super 120b a12,1,"The answer correctly notes that a nucleotide change can alter the protein and pigment, potentially changing flower color or eliminating it."
HS-LS3-049,Nemotron 3 Super 120b a12,1,"The answer correctly states that meiosis halves the diploid chromosome number (46 → 23) to produce haploid gametes, which fully addresses the question."
HS-LS3-048,OSS 120b,1,"The answer correctly explains that a nucleotide change can alter the protein and pigment production, leading to a change in flower color or loss of pigment, which aligns with the standard."
HS-LS3-049,OSS 120b,1,"The answer correctly states that meiosis reduces the chromosome number by half, giving 23 chromosomes per gamete, which fully addresses the question."
HS-LS3-048,Gemini Flash 3,1,"The answer accurately explains the relationship between DNA sequences, protein synthesis, and the resulting phenotypic expression of traits as required by the standard."
HS-LS3-049,Gemini Flash 3,1,The answer accurately states the chromosome count and correctly identifies meiosis as the process that produces haploid gametes with half the original number of chromosomes.
HS-LS3-050,OSS 120b,1,The answer correctly states that removing a DNA segment would affect the trait encoded by that gene because DNA provides the instructions for protein synthesis that determine characteristics.
HS-LS3-051,OSS 120b,1,"The answer correctly identifies that black is dominant, explaining why all offspring are black, which aligns with the standard's focus on DNA instructions for traits."
HS-LS3-050,Nemotron 3 Super 120b a12,1,"The answer correctly states that removing a DNA segment could alter or lose the trait it codes for, explaining that DNA provides protein‑building instructions for traits."
HS-LS3-051,Nemotron 3 Super 120b a12,1,"The answer correctly identifies the black coat color allele as dominant, explaining that a single copy of the DNA instruction produces a black phenotype, which matches the observed crosses and addresses the role of DNA in trait inheritance."
HS-LS3-051,Gemini Flash 3,1,"The answer correctly identifies that the observed inheritance pattern indicates dominance, where a single allele (DNA instruction) is sufficient to express the black coat trait."
HS-LS3-052,OSS 120b,1,"The answer correctly states the zygote has 46 chromosomes and explains that it inherits combined genetic instructions from both parents, meeting the question and standard."
HS-LS3-052,Gemini Flash 3,1,The answer correctly calculates the zygote's chromosome count and accurately describes the inheritance of genetic instructions from both parents as required by the standard.
HS-LS3-052,Nemotron 3 Super 120b a12,1,"The answer correctly gives the zygote’s 46‑chromosome number and explains that it inherits DNA‑encoded trait instructions from both parents, which fully addresses the standard’s focus on DNA/chromosomes coding inherited traits."
HS-LS3-050,Gemini Flash 3,1,"The answer correctly identifies the functional relationship between DNA sequences, protein synthesis, and trait expression, which is the core concept of the standard."
HS-LS3-053,Nemotron 3 Super 120b a12,1,"The answer correctly notes that a point mutation alters the codon, which can change the amino acid sequence of the protein and thereby affect the trait it controls, aligning with the standard's focus on DNA coding for traits."
HS-LS3-053,OSS 120b,1,"The answer correctly explains that a point mutation can alter a codon, potentially changing the amino acid sequence of a protein and thus affecting the trait it controls, matching the HS-LS3-1 standard."
HS-LS3-054,Nemotron 3 Super 120b a12,1,"The answer correctly explains that scars result from environmental injury, not DNA coding, showing that not all physical differences come from inherited genetic instructions, which addresses the standard's focus on DNA versus environmental influences."
HS-LS3-054,Gemini Flash 3,1,"The answer accurately distinguishes between inherited genetic instructions and environmental factors, correctly addressing the limits of DNA in determining physical characteristics as per the standard."
HS-LS3-054,OSS 120b,1,"The answer correctly explains that scars are caused by environmental factors, not DNA, and that genetic instructions do not determine all physical traits."
HS-LS3-053,Gemini Flash 3,1,"The answer accurately describes how a DNA substitution can lead to changes in the amino acid sequence and protein function, which ultimately determines the expressed trait."
HS-LS3-055,OSS 120b,0,"The answer incorrectly states a ~50% risk and ignores the actual mechanisms (e.g., balanced translocation carriers have much lower, variable risks, while full trisomy 21 parents are typically infertile), making it misleading and incomplete."
HS-LS3-055,Gemini Flash 3,1,The answer accurately reflects the Mendelian probability of chromosome segregation during meiosis for an individual with trisomy and correctly identifies the mechanism of inheritance.
HS-LS3-055,Nemotron 3 Super 120b a12,1,"The answer correctly notes that a trisomic parent may pass an extra chromosome 21 in about half of gametes under simple segregation, addressing the probability and the underlying reason."
HS-LS3-056,Nemotron 3 Super 120b a12,1,"The answer correctly states a 25% (1 in 4) chance of an affected offspring for two heterozygous parents with an autosomal recessive trait, accurately reflecting the genetic inheritance principle relevant to HS-LS3-1."
HS-LS3-056,OSS 120b,1,The answer correctly states the 25% probability for two heterozygous carriers of an autosomal recessive disease.
HS-LS3-056,Gemini Flash 3,1,The answer accurately calculates the 25% probability for an autosomal recessive trait based on the Mendelian inheritance pattern of two heterozygous parents.
HS-LS3-057,OSS 120b,1,The answer correctly predicts that the trait would be restored or improved because the functional protein is produced from the corrected gene.
HS-LS3-057,Nemotron 3 Super 120b a12,1,"The answer correctly states that inserting a functional gene enables production of a proper protein, which can restore or improve the affected trait, aligning with the standard’s focus on DNA coding for traits."
HS-LS3-058,Nemotron 3 Super 120b a12,1,"The answer correctly states that improper separation of chromosome 4 (nondisjunction) can give offspring extra or missing copies of the wing‑pattern gene, leading to abnormal or missing wing patterns."
HS-LS3-057,Gemini Flash 3,1,"The answer accurately describes the functional relationship between genes, proteins, and traits, which directly clarifies the role of DNA as specified in the standard."
HS-LS3-058,OSS 120b,1,"The answer correctly describes how nondisjunction of chromosome 4 can give offspring extra or missing copies of the wing‑pattern gene, leading to abnormal wing patterns, which addresses the question."
HS-LS3-059,Nemotron 3 Super 120b a12,1,"The answer correctly states that having two gene copies leads to greater or more consistent starch production due to dosage effect, which aligns with the standard."
HS-LS3-058,Gemini Flash 3,1,"The answer accurately describes how nondisjunction leads to aneuploidy and subsequent changes in gene dosage, which directly affects the phenotypic expression of the trait."
HS-LS3-059,OSS 120b,1,The answer correctly states that having the gene on both chromosome copies (homozygous) would generally lead to higher or more reliable starch production than having it on only one copy.
HS-LS2-050,Gemini Flash 3,1,"The answer accurately predicts the drop in oxygen levels and explains the mechanism through aerobic decomposition and the shift to anaerobic conditions, aligning well with the standard."
HS-LS3-060,OSS 120b,1,"The answer correctly states that gametes are not genetically identical and explains that crossing over creates new allele combinations, directly addressing the question."
HS-LS3-060,Nemotron 3 Super 120b a12,1,"The answer correctly explains that crossing over produces new allele combinations, so the gametes are not genetically identical, which directly addresses the standard’s point about new genetic combinations arising during meiosis."
HS-LS3-061,Nemotron 3 Super 120b a12,1,The answer correctly identifies crossing over and independent assortment during meiosis as sources of new allele combinations that explain trait differences between siblings.
HS-LS3-060,Gemini Flash 3,1,"The answer accurately states that crossing over leads to genetic diversity by creating new allele combinations, which directly addresses the meiosis component of the standard."
HS-LS3-059,Gemini Flash 3,1,"The answer accurately reflects the concept of gene dosage, where having multiple copies of a gene provides more templates for protein synthesis, leading to increased or more stable trait expression."
HS-LS3-061,OSS 120b,1,"The answer correctly explains that crossing over and independent assortment during meiosis create different allele combinations in each sibling, accounting for their differing traits."
HS-LS3-061,Gemini Flash 3,1,The answer accurately identifies crossing over and independent assortment as the key processes in meiosis that generate unique genetic combinations in offspring.
HS-LS3-062,Nemotron 3 Super 120b a12,1,"The answer correctly states that a replication insertion can be inherited only if it occurs in germ‑line cells that become gametes, which aligns with the standard’s concept of inheritable genetic variation."
HS-LS3-062,OSS 120b,1,"The answer correctly states that the insertion can be inherited only if it occurs in a gamete (germ line) cell, otherwise it is not passed to offspring."
HS-LS3-063,Nemotron 3 Super 120b a12,1,"The answer correctly lists the three mechanisms (new allele combinations via meiosis, replication errors, and environmentally induced mutations) that can produce inheritable genetic variation, aligning with HS‑LS3‑2."
HS-LS3-063,OSS 120b,1,"The answer correctly lists all three mechanisms—meiotic recombination, replication errors, and environmentally induced mutations—that could explain the new leaf pattern."
HS-LS3-063,Gemini Flash 3,1,"The answer accurately addresses all three mechanisms of genetic variation specified in the HS-LS3-2 standard: meiosis, replication errors, and environmental mutations."
HS-LS3-064,Nemotron 3 Super 120b a12,1,"The answer correctly explains that UV‑induced mutations in somatic skin cells are not transmitted to offspring, which aligns with the standard’s requirement to identify inheritable genetic variations."
HS-LS3-062,Gemini Flash 3,1,"The answer accurately identifies that for a replication error to be inherited, it must occur in the germline rather than somatic cells, directly addressing the standard's focus on inheritable genetic variations."
HS-LS3-064,OSS 120b,1,"The answer correctly explains that mutations in somatic skin cells are not passed to offspring, aligning with the standard's emphasis on inheritance only through reproductive cells."
HS-LS3-065,Nemotron 3 Super 120b a12,1,"The answer correctly states that ionizing radiation induces mutations in parental gametes, which are then inherited, directly addressing the question and aligning with HS-LS3-2."
HS-LS3-064,Gemini Flash 3,1,"The answer correctly identifies the distinction between somatic and germline mutations, which is fundamental to understanding inheritable genetic variations under this standard."
HS-LS3-065,Gemini Flash 3,1,"The answer accurately identifies that ionizing radiation acts as an environmental factor causing mutations in gametes, which are then inherited by offspring, directly addressing the relevant science standard."
HS-LS3-065,OSS 120b,1,"The answer correctly states that ionizing radiation can induce mutations in gametes, which are then passed to offspring, aligning with the standard's focus on environmental factors causing inheritable genetic variations."
HS-LS3-067,Nemotron 3 Super 120b a12,1,"The answer correctly states that a silent nucleotide change is a heritable genetic variation because it alters the DNA sequence and can be passed to offspring, even though the protein remains unchanged."
HS-LS3-066,OSS 120b,1,"The answer correctly explains that nondisjunction creates gametes with extra or missing chromosomes, leading to inheritable chromosomal variation in offspring."
HS-LS3-066,Nemotron 3 Super 120b a12,1,"The answer correctly states that nondisjunction in meiosis I creates gametes with extra or missing chromosomes, and fertilization of such gametes yields offspring with abnormal chromosome numbers, which constitutes an inheritable genetic variation."
HS-LS3-067,OSS 120b,1,"The answer correctly states that a silent nucleotide change is still a heritable genetic variation that can be passed to offspring, fulfilling the standard."
HS-LS3-067,Gemini Flash 3,1,"The answer correctly identifies that genetic variation is defined by changes in the DNA sequence, which are inheritable regardless of their phenotypic effect."
HS-LS3-066,Gemini Flash 3,1,"The answer correctly identifies that nondisjunction leads to aneuploidy in gametes, which results in offspring with an inherited chromosomal variation upon fertilization."
HS-LS3-068,Nemotron 3 Super 120b a12,1,"The answer correctly identifies that sexual reproduction (meiosis) creates greater genetic variation via crossing over and independent assortment, which satisfies the standard's focus on new genetic combinations through meiosis."
HS-LS3-068,OSS 120b,1,"The answer correctly identifies sexual reproduction via meiosis as producing greater genetic variation, citing crossing over and independent assortment, and notes asexual mitotic offspring are genetically identical."
HS-LS3-069,OSS 120b,1,"The answer correctly states that the mutation must be passed into a gamete via meiosis for it to be inheritable, aligning with the standard."
HS-LS3-068,Gemini Flash 3,1,The answer correctly identifies sexual reproduction as the source of greater variation and accurately explains the mechanisms of crossing over and independent assortment in meiosis as required by the standard.
HS-LS3-069,Nemotron 3 Super 120b a12,1,"The answer correctly states that the surviving DNA error must be in a cell that becomes a gamete via meiosis for the mutation to be inheritable, which fully addresses the question."
HS-LS3-069,Gemini Flash 3,1,"The answer accurately identifies that a mutation must occur in germline cells and be passed via gametes produced through meiosis to be inheritable, distinguishing it from non-inheritable somatic mutations."
HS-LS3-070,Nemotron 3 Super 120b a12,1,"The answer correctly explains that only mutations in the patient's reproductive cells could be passed to offspring, which aligns with the standard's focus on inheritable genetic variations."
HS-LS3-070,Gemini Flash 3,1,"The answer correctly identifies that for a mutation caused by an environmental factor to be inherited, it must occur in the germline cells rather than somatic cells, which directly addresses the inheritance aspect of the standard."
HS-LS3-071,Nemotron 3 Super 120b a12,1,The reference answer correctly calculates the recessive allele frequency from the observed white-flower proportion using Hardy‑Weinberg principles.
HS-LS3-070,OSS 120b,1,"The answer correctly states that only DNA damage in germ cells could lead to heritable mutations, while somatic cell damage would not be passed to offspring, aligning with the standard."
HS-LS3-072,Nemotron 3 Super 120b a12,1,The answer correctly applies Hardy‑Weinberg principle to compute carrier frequency from the recessive phenotype frequency.
HS-LS3-071,OSS 120b,1,"The answer correctly calculates q² = 0.25 and derives q = 0.5, giving the white-flower allele frequency as 50%."
HS-LS3-072,Gemini Flash 3,1,The calculation correctly uses the Hardy-Weinberg principle to determine allele frequencies and the carrier percentage based on the given recessive phenotype frequency.
HS-LS3-071,Gemini Flash 3,1,The answer correctly identifies the homozygous recessive frequency (q²) and applies the Hardy-Weinberg principle to calculate the recessive allele frequency (q).
HS-LS3-072,OSS 120b,1,"The answer correctly applies Hardy‑Weinberg to find q, p and then 2pq, yielding the expected 42% carrier frequency, fully addressing the question."
HS-LS3-073,Nemotron 3 Super 120b a12,1,"The reference answer correctly calculates the independent probability of each child being unaffected (3/4) and multiplies for four children, yielding 81/256, which properly applies Mendelian probability as required by HS‑LS3-3."
HS-LS2-060,Gemini Flash 3,1,"The answer accurately describes a trophic cascade where the reduction of a top predator leads to an increase in the primary consumer population, which subsequently reduces the producer population, effectively illustrating how changes disrupt ecosystem balance."
HS-LS3-074,Nemotron 3 Super 120b a12,1,"The answer correctly links a normal distribution to polygenic inheritance with additive gene effects, satisfying the standard."
HS-LS3-073,OSS 120b,1,"The answer correctly calculates the 3/4 chance per child and raises it to the fourth power, giving 81/256 (~31.6%) as the probability that all four children are unaffected."
HS-LS3-074,OSS 120b,1,"The answer correctly links a normal distribution to a polygenic, additive genetic basis for continuous variation in height, satisfying the standard."
HS-LS3-073,Gemini Flash 3,1,The answer correctly applies Mendelian inheritance and the multiplication rule for independent events to determine the probability of four unaffected children.
HS-LS3-074,Gemini Flash 3,1,"The answer accurately explains that a normal distribution in phenotypes typically indicates polygenic inheritance, which aligns perfectly with the requirements of standard HS-LS3-3."
HS-LS3-075,OSS 120b,1,"The answer correctly calculates the recessive phenotype frequency (36%), sets q² = 0.36, solves for q = 0.6, and states the recessive allele frequency as 0.6 (60%)."
HS-LS3-075,Gemini Flash 3,1,"The calculation correctly uses the Hardy-Weinberg principle to determine that if the dominant phenotype is 64%, the recessive phenotype frequency (q²) must be 36%, leading to a recessive allele frequency (q) of 0.6."
HS-LS3-075,Nemotron 3 Super 120b a12,1,The calculation correctly derives the recessive allele frequency q from the recessive phenotype frequency using Hardy-Weinberg principles.
HS-LS3-076,Nemotron 3 Super 120b a12,0,"The answer incorrectly assumes that a more common dominant phenotype means the dominant allele is more frequent; under Hardy‑Weinberg, a dominant phenotype can be more common even when the recessive allele is at higher frequency (e.g., p=0.4, q=0.6)."
HS-LS3-077,OSS 120b,1,"The answer correctly applies Hardy-Weinberg to compute q, p, and the heterozygote frequency, giving the appropriate ~2% carrier frequency."
HS-LS3-077,Nemotron 3 Super 120b a12,1,"The calculation correctly applies Hardy‑Weinberg: q²=0.0001 gives q=0.01, p≈0.99, and carrier frequency 2pq≈0.02 (2%)."
HS-LS3-076,OSS 120b,1,"The answer correctly links the higher prevalence of the brown‑eye phenotype to a higher frequency of the brown‑eye allele, which is the inference the question seeks."
HS-LS3-078,Nemotron 3 Super 120b a12,1,"The answer correctly links the bell-shaped distribution to polygenic inheritance and many genes, satisfying the standard."
HS-LS3-077,Gemini Flash 3,1,The reference answer correctly applies the Hardy-Weinberg equations to calculate the carrier frequency based on the given recessive phenotype frequency.
HS-LS3-078,OSS 120b,1,"The answer correctly links the smooth bell‑curve distribution to height being a polygenic trait controlled by many genes, fully addressing the question."
HS-LS3-079,OSS 120b,1,The answer correctly computes carrier (≈2%) and affected (0.01%) frequencies using Hardy‑Weinberg principles and clearly shows carriers are far more common.
HS-LS3-079,Nemotron 3 Super 120b a12,1,"The answer correctly applies Hardy‑Weinberg equilibrium to compute carrier (2pq) and affected (q²) frequencies and shows carriers are about 200 times more likely, fully addressing the standard."
HS-LS3-078,Gemini Flash 3,1,"The answer accurately identifies that a continuous bell-curve distribution indicates a polygenic trait controlled by multiple genes, which directly addresses the standard and the question."
HS-LS3-080,Nemotron 3 Super 120b a12,1,"The answer correctly identifies that greater phenotypic variation across environments indicates environmental contribution, acknowledging that genetics alone does not explain all variation, which aligns with HS‑LS3‑3."
HS-LS3-080,OSS 120b,1,The answer correctly identifies that the greater variation in different environments indicates a strong environmental contribution to phenotypic variation.
HS-LS3-079,Gemini Flash 3,1,The answer correctly applies the Hardy-Weinberg equilibrium equations (2pq and q²) to calculate the frequencies of carriers and affected individuals and provides an accurate comparison.
HS-LS3-080,Gemini Flash 3,1,"The answer correctly identifies environmental factors as a source of phenotypic variation, explaining that diversity in traits increases when environmental conditions vary."
HS-LS4-001,Nemotron 3 Super 120b a12,1,The answer correctly describes fossil evidence as a physical record showing species change over time and common ancestry.
HS-LS3-076,Gemini Flash 3,0,"The answer is scientifically incorrect because a dominant phenotype can be more frequent than a recessive phenotype even when the recessive allele frequency (q) is higher than the dominant allele frequency (p), such as when the recessive phenotype frequency is 40% (q ≈ 0.63, p ≈ 0.37)."
HS-LS4-001,OSS 120b,1,"The answer correctly identifies fossils as a physical record showing change over time and common ancestry, which is the type of evidence they provide for evolution."
HS-LS4-001,Gemini Flash 3,1,The answer accurately and concisely explains how fossils provide empirical evidence for evolution and common ancestry as required by the standard.
HS-LS4-002,Nemotron 3 Super 120b a12,1,The answer accurately defines biogeography and explains how geographic patterns of related species support common ancestry.
HS-LS4-002,OSS 120b,1,The answer correctly defines biogeography and explains how geographic patterns of related species provide evidence for common ancestry and evolution.
HS-LS4-002,Gemini Flash 3,1,"The answer accurately defines biogeography and explains how the geographic distribution of related species provides empirical evidence for common ancestry, satisfying the requirements of the standard."
HS-LS3-081,Nemotron 3 Super 120b a12,0,"The reference answer correctly calculates allele frequencies and expected genotype numbers but does not conclude whether the sample fits Hardy‑Weinberg expectations, making it inadequate."
HS-LS4-003,OSS 120b,1,"The answer accurately lists all four factors specified by the standard, matching the required explanation."
HS-LS3-081,OSS 120b,0,"The answer provides partial calculations but does not explicitly state whether the sample fits Hardy‑Weinberg expectations, leaving the response incomplete."
HS-LS4-003,Gemini Flash 3,1,The reference answer accurately and completely lists the four specific factors required by the HS-LS4-2 standard.
HS-LS4-004,OSS 120b,1,"The answer correctly defines heritable variation as inheritable differences among individuals, aligning with the standard's focus on genetic variation."
HS-LS4-004,Nemotron 3 Super 120b a12,1,"The answer correctly defines heritable variation as genetic differences among individuals that can be transmitted to offspring, which matches the concept required by the standard."
HS-LS4-005,Nemotron 3 Super 120b a12,1,"The reference answer correctly explains that limited resources create competition, favoring individuals with advantageous traits and driving natural selection, which aligns with the standard."
HS-LS4-005,OSS 120b,1,"The answer correctly explains that limited resources create competition, which favors individuals with advantageous traits, driving natural selection and evolution."
HS-LS4-003,Nemotron 3 Super 120b a12,1,"The reference answer accurately lists the four factors described in HS‑LS4‑2, fully addressing the question."
HS-LS4-004,Gemini Flash 3,1,The reference answer accurately and concisely defines heritable variation by identifying that it involves differences between individuals that are genetically transmitted to offspring.
HS-LS4-005,Gemini Flash 3,1,"The answer accurately explains how resource competition acts as a selective pressure that leads to the differential survival and reproduction of individuals with advantageous traits, which is central to the process of evolution."
HS-LS4-006,Nemotron 3 Super 120b a12,1,"The answer correctly defines a species' potential to increase in number as the capacity to produce more offspring than the environment can support, which drives competition and natural selection."
HS-LS4-007,Nemotron 3 Super 120b a12,1,"The answer correctly defines allele frequency as the proportion of a specific allele relative to all alleles for that gene in a population, which fully addresses the question."
HS-LS4-006,OSS 120b,1,"The answer correctly explains that the potential to increase in number refers to a species' capacity to produce more offspring than resources can support, creating competition that drives natural selection."
HS-LS4-006,Gemini Flash 3,1,"The answer accurately describes the concept of biotic potential and overproduction, explaining how it creates the environmental pressure necessary for natural selection."
HS-LS3-081,Gemini Flash 3,0,"The answer is conceptually flawed because you cannot test if a population fits Hardy-Weinberg expectations using only phenotype counts (dominant vs. recessive); allele frequencies must be calculated by assuming equilibrium, making it impossible to determine a 'fit or deviation' without knowing the a"
HS-LS4-007,OSS 120b,1,"The answer accurately defines allele frequency as the proportion of a specific allele among all alleles for that gene in a population, which correctly addresses the question."
HS-LS4-008,OSS 120b,1,"The answer correctly defines an advantageous trait as one that boosts fitness—survival and reproductive success—relative to others, which fully addresses the question."
HS-LS4-008,Nemotron 3 Super 120b a12,1,"The answer correctly defines an advantageous trait as one that increases an organism's fitness—survival and reproductive success—relative to organisms lacking the trait, which aligns with the concept of natural selection."
HS-LS4-007,Gemini Flash 3,1,"The definition accurately describes allele frequency as the proportion of a specific allele relative to the total number of alleles for that gene within a population, which is foundational to the standard."
HS-LS4-008,Gemini Flash 3,1,"The answer correctly defines an advantageous trait in terms of biological fitness, which includes both survival and reproductive success relative to others in the environment."
HS-LS4-009,OSS 120b,1,The answer accurately defines the Hardy-Weinberg principle and includes the key conditions required for allele/genotype frequencies to remain constant.
HS-LS4-010,OSS 120b,1,"The answer correctly defines selection pressure as an environmental factor influencing survival/reproduction and trait frequencies, matching the standard."
HS-LS4-010,Nemotron 3 Super 120b a12,1,"The answer accurately defines selection pressure as an environmental factor influencing survival/reproduction and trait frequency, which correctly supports the standard's focus on advantageous heritable traits increasing in proportion."
HS-LS4-009,Nemotron 3 Super 120b a12,1,The answer accurately defines the Hardy-Weinberg principle and is sufficient for the question.
HS-LS4-011,Nemotron 3 Super 120b a12,1,"The answer correctly defines fitness as an organism's ability to survive and reproduce, which is accurate and sufficient for explaining natural selection's role in adaptation at the high‑school level."
HS-LS4-011,OSS 120b,1,"The answer accurately defines fitness as an organism's ability to survive and reproduce, which is the standard high‑school definition in the context of natural selection."
HS-LS4-010,Gemini Flash 3,1,"The definition accurately identifies selection pressure as an environmental factor affecting differential survival and reproduction, which directly drives the changes in trait proportions described in the standard."
HS-LS4-012,Nemotron 3 Super 120b a12,1,"The answer correctly lists the four conditions for natural selection: variation, heritability, overproduction of offspring, and differential reproductive success."
HS-LS4-009,Gemini Flash 3,1,"The answer provides a scientifically accurate and complete definition of the Hardy-Weinberg principle, which serves as the fundamental statistical null model for analyzing changes in trait proportions as required by the standard."
HS-LS4-012,OSS 120b,1,"The answer accurately lists the four essential conditions for natural selection: variation, heritability, overproduction, and differential survival/reproduction."
HS-LS4-011,Gemini Flash 3,1,The definition accurately captures the two essential components of biological fitness: survival and reproductive success within a specific environment.
HS-LS4-013,Nemotron 3 Super 120b a12,1,"The answer accurately defines heritable variation as genetic differences in traits that can be transmitted to offspring, which is correct and sufficiently complete for the question."
HS-LS4-012,Gemini Flash 3,1,"The answer accurately identifies the four fundamental components of natural selection: variation, inheritance, overproduction of offspring, and differential survival/reproduction."
HS-LS4-013,OSS 120b,1,The answer correctly defines heritable variation as trait differences that can be transmitted genetically from parents to offspring.
HS-LS4-015,Nemotron 3 Super 120b a12,1,"The answer accurately defines speciation as the formation of new species via reproductive isolation and genetic divergence, which is correct and sufficient for a high-school level response."
HS-LS4-013,Gemini Flash 3,1,The answer accurately defines heritable variation by identifying both the existence of trait differences and the genetic mechanism for passing them to the next generation.
HS-LS4-014,Nemotron 3 Super 120b a12,1,"The answer correctly defines increased reproductive success as enhanced survival and offspring production leading to greater transmission of the trait to the next generation, which aligns with the concept of fitness in natural selection."
HS-LS4-014,OSS 120b,1,The answer accurately defines increased reproductive success as a trait enabling greater offspring production and trait transmission to the next generation.
HS-LS4-015,OSS 120b,1,"The answer accurately defines speciation as the evolutionary process that creates new species via reproductive isolation and genetic divergence, satisfying the question."
HS-LS3-007,Gemini Flash 3,1,"The answer accurately defines independent assortment and its role in creating genetic variation during meiosis I, which aligns with the requirements of the standard."
HS-LS4-014,Gemini Flash 3,1,"The answer correctly identifies that reproductive success involves both surviving to reproductive age and producing offspring, which ensures the trait's transmission to future generations."
HS-LS4-015,Gemini Flash 3,1,"The reference answer provides a scientifically accurate and complete definition of speciation, identifying both reproductive isolation and genetic divergence as key components of the process."
HS-LS4-016,Nemotron 3 Super 120b a12,1,"The answer accurately defines adaptive radiation as rapid diversification into multiple niche‑adapted species, which aligns with the standard's focus on emergence of new species due to environmental changes."
HS-LS4-017,Nemotron 3 Super 120b a12,1,"The answer correctly defines extinction rate and provides the common unit and interpretation, which is sufficient for the high‑school level question."
HS-LS4-016,OSS 120b,1,"The answer accurately defines adaptive radiation as rapid diversification into multiple niche-specialized species, linking it to environmental changes, which aligns with the standard."
HS-LS4-017,OSS 120b,1,"The answer correctly defines extinction rate as the number of species lost per time unit and links it to biodiversity loss, which fully addresses the question."
HS-LS4-016,Gemini Flash 3,1,"The answer provides a scientifically accurate and comprehensive definition of adaptive radiation that clearly connects environmental changes to the emergence of new species, as required by the standard."
HS-LS4-018,Nemotron 3 Super 120b a12,1,"The reference answer correctly explains that excess offspring cause competition, leading to natural selection, which aligns with HS-LS4-2."
HS-LS4-018,OSS 120b,1,"The answer correctly explains that overproduction creates competition, leading to natural selection of advantageous traits, which directly addresses why excess offspring matters for evolution."
HS-LS4-017,Gemini Flash 3,1,"The answer provides a scientifically accurate definition and unit for extinction rate, which is a fundamental concept for understanding biodiversity loss in the context of the standard."
HS-LS4-019,OSS 120b,1,"The answer correctly explains that mutations create new heritable variation and that beneficial mutations can spread via natural selection, matching the standard."
HS-LS4-020,Nemotron 3 Super 120b a12,1,"The answer correctly explains that advantageous traits improve survival and reproductive success, and because they are heritable, they become more common in the population, which aligns with the standard."
HS-LS4-019,Nemotron 3 Super 120b a12,1,"The answer correctly explains that mutations create new heritable alleles, which can spread if they improve survival or reproduction, aligning with the standard's emphasis on heritable genetic variation from mutation."
HS-LS4-018,Gemini Flash 3,1,"The answer accurately explains how overproduction leads to competition and differential survival, which are key components of the evolutionary process as described in the standard."
HS-LS4-020,OSS 120b,1,"The answer correctly explains that better-suited individuals have higher survival and reproductive success, and that heritable traits are passed on, aligning with the evolution factors in the standard."
HS-LS4-019,Gemini Flash 3,1,The answer accurately explains that mutations provide the necessary genetic variation for evolution and describes how advantageous mutations lead to increased survival and reproduction.
HS-LS4-020,Gemini Flash 3,1,"The answer accurately explains that increased survival and reproductive success lead to better-suited individuals leaving more offspring, which aligns with the core concepts of natural selection in the HS-LS4-2 standard."
HS-LS4-021,OSS 120b,1,"The answer correctly explains that overproduction creates competition for limited resources, leading to a survival filter that favors individuals with advantageous heritable traits, which is the core of natural selection."
HS-LS4-022,OSS 120b,1,"The answer correctly explains that higher survival and reproductive success of individuals with the advantageous, heritable trait leads to its increased frequency in the population via natural selection."
HS-LS4-021,Gemini Flash 3,1,"The answer accurately explains how overproduction leads to resource competition and differential survival based on heritable traits, which directly addresses the mechanism of natural selection described in the standard."
HS-LS4-021,Nemotron 3 Super 120b a12,1,"The answer correctly explains that overproduction leads to resource limitation and competition, creating a filter where only individuals with advantageous heritable traits survive and reproduce, which aligns with the four factors of evolution in HS-LS4-2."
HS-LS4-022,Nemotron 3 Super 120b a12,1,"The answer correctly explains that organisms with an advantageous trait have higher survival and reproduction rates, leading to an increased proportion of the trait over generations via natural selection, which aligns with the standard."
HS-LS4-022,Gemini Flash 3,1,"The answer accurately explains the mechanism of natural selection, including differential survival, reproduction, and heritability, which leads to a shift in trait proportions over time."
HS-LS4-023,Nemotron 3 Super 120b a12,1,"The answer correctly explains that an advantageous trait starts rare due to mutation probability and increases only slowly each generation, requiring many cycles for its proportional increase to become noticeable, which aligns with statistical and probabilistic reasoning required by HS-LS4-3."
HS-LS4-025,Nemotron 3 Super 120b a12,1,"The answer correctly distinguishes drift as random, selection as advantageous, notes drift’s stronger effect in small populations, and explains the statistical need to detect a directional increase beyond chance, fully addressing the question."
HS-LS4-024,Nemotron 3 Super 120b a12,1,"The answer correctly links the magnitude of the survival/reproductive advantage to the rate of allele frequency change, explaining that larger advantages yield faster spread while smaller advantages yield slower spread."
HS-LS4-024,OSS 120b,1,"The answer correctly explains that a larger survival or reproductive advantage leads to greater differential reproductive success, causing the advantageous trait to increase in frequency more quickly."
HS-LS4-023,Gemini Flash 3,1,The answer accurately applies statistical reasoning to explain how initial low frequency necessitates many generations for an advantageous trait to achieve widespread prevalence through compounding growth.
HS-LS4-023,OSS 120b,1,The answer correctly explains that the trait’s initial rarity and the probabilistic nature of its spread can keep it rare for many generations despite its advantage.
HS-LS4-026,OSS 120b,1,"The answer correctly explains that natural selection operates on phenotypic traits that influence survival and reproduction, leading to increased transmission of the underlying genes."
HS-LS4-024,Gemini Flash 3,1,"The answer correctly explains that the magnitude of a trait's advantage directly correlates with the relative difference in reproductive success, which determines the mathematical rate at which the trait's frequency increases in a population."
HS-LS4-025,OSS 120b,1,The answer correctly contrasts random drift’s chance-driven changes with selection’s directional advantage and explains the statistical need to detect non‑random increases.
HS-LS4-026,Nemotron 3 Super 120b a12,1,"The answer correctly states that natural selection acts on phenotypes (observable traits) because they determine survival and reproduction, and thereby explains why genes influencing beneficial traits are favored."
HS-LS4-025,Gemini Flash 3,1,The answer accurately distinguishes between random genetic drift and directional natural selection while correctly identifying the statistical threshold needed to demonstrate selection.
HS-LS4-026,Gemini Flash 3,1,"The answer accurately explains that natural selection operates on phenotypes because they interact with the environment to influence survival, which is a fundamental concept in evolutionary biology."
HS-LS4-027,Nemotron 3 Super 120b a12,1,"The reference answer correctly explains that natural selection is a non‑directed process that can only act on existing genetic variation generated by mutation and recombination, not create traits on demand."
HS-LS4-028,Nemotron 3 Super 120b a12,1,"The answer correctly explains that environmental changes alter which traits confer survival/reproductive advantage, leading to shifts in trait frequencies via natural selection."
HS-LS4-027,OSS 120b,1,The answer correctly explains that natural selection acts only on pre‑existing variation generated by mutation and recombination and does not create new traits intentionally.
HS-LS4-027,Gemini Flash 3,1,The answer accurately explains that natural selection acts on existing variation from genetic sources rather than generating new traits teleologically.
HS-LS4-028,OSS 120b,1,"The answer correctly explains that environmental changes alter selective pressures, making different traits advantageous and leading to their increased frequency."
HS-LS4-028,Gemini Flash 3,1,"The answer accurately explains how changing environmental conditions alter selection pressures, leading to the increased frequency of traits that offer a survival and reproductive advantage."
HS-LS4-030,OSS 120b,1,"The answer correctly explains how environmental changes can cause isolation or new selective pressures, leading to genetic divergence and reproductive isolation that result in a new species."
HS-LS4-029,OSS 120b,1,"The answer correctly explains that sudden climate change favors species with suitable heritable traits while causing extinction for those lacking such traits, directly addressing the question."
HS-LS4-030,Nemotron 3 Super 120b a12,1,"The answer correctly describes how environmental changes can cause population isolation or divergent selection, leading to genetic divergence and reproductive isolation, which is the core mechanism for speciation."
HS-LS4-029,Nemotron 3 Super 120b a12,1,"The answer correctly explains that differential survival based on heritable traits leads to extinction of poorly matched species and persistence of well-matched ones, which directly addresses the question and aligns with HS-LS4-5."
HS-LS4-031,Nemotron 3 Super 120b a12,1,"The answer accurately describes how loss of a competitor reduces resource competition, boosting survival and reproduction, which explains population increase as required by the standard."
HS-LS4-030,Gemini Flash 3,1,"The answer accurately describes the process of speciation through isolation, selective pressure, and reproductive isolation, which aligns with the requirements of standard HS-LS4-5."
HS-LS4-031,OSS 120b,1,"The answer correctly explains that removal of a competitor frees up resources, allowing higher survival and reproduction, which justifies population increase."
HS-LS4-029,Gemini Flash 3,1,"The answer accurately explains the mechanisms of natural selection and heritable variation that determine survival or extinction during rapid environmental changes, aligning well with the requirements of HS-LS4-5."
HS-LS4-033,Nemotron 3 Super 120b a12,1,"The answer correctly explains that specialized species rely on narrow resources and lack flexibility, making them more vulnerable to environmental changes, which aligns with the standard."
HS-LS4-032,Nemotron 3 Super 120b a12,1,"The answer correctly explains that rapid changes reduce time for adaptation, increasing extinction risk, whereas gradual changes allow more time for beneficial traits to spread, lowering extinction risk."
HS-LS4-032,OSS 120b,1,"The answer correctly explains that rapid changes increase extinction risk because species lack time to adapt, whereas gradual changes allow adaptation, directly addressing the comparative effect on extinction rates."
HS-LS4-031,Gemini Flash 3,1,"The answer accurately explains the mechanism of competitive release, identifying that reduced competition for resources leads to increased survival and reproduction rates."
HS-LS4-033,OSS 120b,1,"The answer correctly explains that specialized species rely on narrow conditions or resources, so environmental changes can eliminate those, limiting their ability to adapt and increasing extinction risk."
HS-LS4-034,OSS 120b,1,"The answer correctly explains that the shared bone pattern reflects inheritance from a common ancestor, illustrating homologous structures as evidence of common ancestry."
HS-LS4-032,Gemini Flash 3,1,The answer accurately explains the biological relationship between the rate of environmental change and the time required for natural selection to prevent extinction.
HS-LS4-033,Gemini Flash 3,1,"The answer accurately explains that specialized species lack the flexibility to adapt to new resources or conditions, which is a key concept in understanding extinction risk under the HS-LS4-5 standard."
HS-LS4-035,OSS 120b,1,"The answer correctly predicts that humans and chimpanzees are more closely related, sharing a recent common ancestor, which aligns with the evidence of molecular similarity supporting common descent."
HS-LS4-034,Gemini Flash 3,1,The answer accurately explains how shared anatomical structures provide evidence for common ancestry by demonstrating inheritance from a common lineage despite varying functions.
HS-LS4-034,Nemotron 3 Super 120b a12,1,"The answer correctly explains that the shared bone pattern indicates inheritance of a limb blueprint from a common ancestor, demonstrating how homologous structures support common ancestry as required by HS-LS4-1."
HS-LS4-035,Nemotron 3 Super 120b a12,1,"The answer correctly explains that greater molecular similarity indicates a more recent common ancestor, supporting common descent as required by the standard."
HS-LS4-035,Gemini Flash 3,1,"The answer accurately uses molecular evidence to explain evolutionary relatedness and common descent, directly addressing the requirements of standard HS-LS4-1."
HS-LS4-036,Nemotron 3 Super 120b a12,1,The answer correctly explains that the fossil's intermediate traits provide direct evidence of a shared evolutionary lineage between birds and reptiles.
HS-LS4-037,OSS 120b,1,"The answer correctly explains that the coccyx is a vestigial structure indicating descent from tailed ancestors, thus supporting evolution."
HS-LS4-036,OSS 120b,1,The answer correctly explains that the fossil’s mix of reptilian scales and feathers provides intermediate evidence of a common ancestor linking birds and reptiles.
HS-LS4-036,Gemini Flash 3,1,The answer accurately explains how transitional fossils provide empirical evidence for common ancestry by demonstrating intermediate physical traits between two distinct groups.
HS-LS4-038,OSS 120b,1,"The answer correctly explains that analogous structures arise from convergent evolution due to similar selective pressures and do not indicate shared ancestry, unlike homologous structures which do provide evidence for common descent."
HS-LS4-037,Gemini Flash 3,1,"The answer correctly identifies the coccyx as a vestigial structure and explains how it provides empirical evidence for descent with modification from a common ancestor, which aligns with the standard."
HS-LS4-037,Nemotron 3 Super 120b a12,1,The answer correctly identifies the coccyx as a vestigial remnant of an ancestral tail and explains how it supports descent with modification from a common tailed ancestor.
HS-LS4-038,Nemotron 3 Super 120b a12,1,"The answer correctly explains that analogous structures arise from convergent evolution due to similar selective pressures, not shared ancestry, distinguishing them from homologous structures which reflect common descent."
HS-LS4-039,OSS 120b,1,"The answer correctly explains that radiometric dating gives absolute ages, establishing a chronological sequence that confirms time-ordered evolutionary change, thereby strengthening the fossil record as evidence for evolution."
HS-LS4-039,Nemotron 3 Super 120b a12,1,"The answer correctly explains that radiometric dating provides absolute ages, allowing fossils to be placed in an accurate chronological sequence and linking evolutionary changes to specific time periods, thereby strengthening the fossil record as evidence for evolution."
HS-LS4-039,Gemini Flash 3,1,"The answer accurately explains how radiometric dating provides absolute ages that establish the chronological sequence and long-term progression of life, which is essential for supporting evolutionary theory."
HS-LS4-038,Gemini Flash 3,1,"The answer accurately explains the difference between analogous and homologous structures by attributing them to convergent evolution and common ancestry, respectively, which directly addresses the standard's focus on evidence for evolution."
HS-LS4-040,OSS 120b,1,"The answer correctly explains that darker beetles have a survival advantage and that their allele frequency will increase over generations, fully addressing the natural selection process."
HS-LS4-040,Nemotron 3 Super 120b a12,1,"The answer correctly describes how camouflage gives darker beetles a survival and reproductive advantage, leading to an increase in the dark‑color allele frequency over generations, which aligns with the natural selection mechanism outlined in HS‑LS4-2."
HS-LS4-042,OSS 120b,1,The answer correctly predicts an increase in average beak size and explains it using natural selection concepts required by the standard.
HS-LS4-040,Gemini Flash 3,1,The answer correctly identifies the role of heritable variation and differential survival and reproduction in increasing the frequency of a beneficial trait within a population over time.
HS-LS4-041,Nemotron 3 Super 120b a12,0,"The answer mentions heritable variation and lack of selection against resistance but does not address the other three evolutionary factors (reproductive potential, competition for limited resources, and differential survival/reproduction), making it incomplete for the standard."
HS-LS4-041,OSS 120b,0,"The answer only addresses heritability and selection pressure, omitting discussion of population growth potential, competition for resources, and the broader fitness advantage required by the four-factor framework."
HS-LS4-043,Nemotron 3 Super 120b a12,1,"The answer correctly explains that sexual reproduction creates heritable genetic variation via allele recombination (crossing over and random fertilization), which natural selection can act on even without new mutations."
HS-LS4-043,OSS 120b,1,"The answer correctly explains that recombination and random fertilization during sexual reproduction generate new allele combinations, providing heritable variation for natural selection even without new mutations."
HS-LS4-042,Nemotron 3 Super 120b a12,1,"The answer correctly explains that larger‑beaked finches have a survival and reproductive advantage during drought, leading to increased average beak size in the next generation, which aligns with the four factors of evolution in HS‑LS4‑2."
HS-LS4-044,OSS 120b,1,"The answer correctly explains that the taller, heritable trait gives a competitive advantage, leading to reduced sunlight for the shorter species, lower reproduction, and decline over generations, aligning with the four factors of evolution."
HS-LS4-042,Gemini Flash 3,1,"The answer correctly predicts the shift in beak size and explains the mechanism of natural selection using the key factors of resource competition, differential survival, and heritability as required by the standard."
HS-LS4-043,Gemini Flash 3,1,"The answer accurately identifies that sexual reproduction generates genetic variation through recombination processes like crossing over and random fertilization, even without new mutations."
HS-LS4-045,OSS 120b,1,"The answer correctly explains that abundant prey and lack of predators reduce the selective advantage of speed, so natural selection would not strongly favor faster cheetahs."
HS-LS4-044,Gemini Flash 3,1,"The answer correctly identifies the impact of competition for sunlight on reproductive success and the resulting population shift over generations, aligning with the four factors of evolution described in the standard."
HS-LS4-044,Nemotron 3 Super 120b a12,1,"The answer correctly connects the heritable height advantage to competition for sunlight, reduced reproductive success of the shorter species, and the resulting evolutionary shift, covering all four factors outlined in HS‑LS4‑2."
HS-LS4-045,Nemotron 3 Super 120b a12,1,"The reference answer correctly explains that with abundant prey and no predators, speed provides little survival or reproductive advantage, so natural selection would not strongly favor faster cheetahs."
HS-LS4-046,OSS 120b,1,The answer correctly predicts an increase in the proportion of green beetles and provides a valid evolutionary explanation.
HS-LS4-046,Nemotron 3 Super 120b a12,1,"The reference answer correctly states that the proportion of green beetles will increase due to higher selection against brown beetles, which aligns with the standard's expectation."
HS-LS4-047,OSS 120b,1,"The answer correctly predicts that the deep-tube flowers will become more common as they are the only ones successfully pollinated, matching the standard’s expectation."
HS-LS4-045,Gemini Flash 3,1,"The answer correctly identifies that without limited resources or competition, there is no selective pressure to drive the proliferation of specific traits like speed."
HS-LS4-046,Gemini Flash 3,1,The answer correctly identifies that the proportion of organisms with the advantageous heritable trait will increase and explains the underlying mechanism of differential survival and reproduction.
HS-LS4-048,Nemotron 3 Super 120b a12,1,"The answer correctly states that the advantageous fast‑swimming allele will increase in frequency due to higher survival and reproductive success, which aligns with the standard’s expectation of using probability to explain trait frequency changes."
HS-LS4-048,OSS 120b,1,"The answer correctly states that the advantageous fast‑swimming allele will increase above 40% due to selection, aligning with the standard."
HS-LS4-047,Gemini Flash 3,1,The answer accurately predicts the increase in the advantageous trait's proportion and explains the mechanism of differential reproductive success as required by the standard.
HS-LS4-047,Nemotron 3 Super 120b a12,1,"The answer correctly identifies that the deep‑tube trait confers a reproductive advantage when only long‑tongued bees are present, leading to an increase in its proportion over time, which aligns with the standard’s concept of advantageous heritable traits increasing in frequency."
HS-LS4-050,OSS 120b,1,"The answer correctly predicts an increase in blood type O frequency due to its heritable advantage against malaria, fully addressing the standard."
HS-LS4-049,OSS 120b,1,"The answer correctly predicts that strong-beaked individuals will dominate in the hard‑seed only population while both strong and weak beaks will persist in the mixed‑seed population, matching the expected evolutionary outcome."
HS-LS4-050,Gemini Flash 3,1,The answer accurately predicts the increase in frequency of the advantageous trait and correctly identifies the mechanism of natural selection as the cause.
HS-LS4-041,Gemini Flash 3,0,"The reference answer is inadequate because it fails to explicitly address all four factors of evolution as requested by the prompt and the HS-LS4-2 standard, specifically omitting the potential for population increase and the role of competition for resources."
HS-LS4-050,Nemotron 3 Super 120b a12,1,"The answer correctly predicts an increase in blood type O frequency due to higher survival and reproduction of allele carriers, aligning with the principle of natural selection."
HS-LS4-051,OSS 120b,1,"The answer correctly states that selection will cause the advantageous dark‑skin trait to rise in frequency overall, reflecting the standard's focus on increased proportion of a beneficial heritable trait."
HS-LS4-049,Nemotron 3 Super 120b a12,1,"The answer correctly predicts that strong-beaked birds will increase in proportion in Population A due to selection on hard seeds, while Population B will retain a mix of beak strengths, which aligns with the standard’s concept that advantageous heritable traits become more common."
HS-LS4-052,OSS 120b,1,"The answer correctly explains that darker fur provides a survival advantage via camouflage, leading to increased reproductive success and a rise in the dark-fur allele frequency over generations."
HS-LS4-052,Nemotron 3 Super 120b a12,1,"The answer correctly explains that darker fur provides a camouflage advantage, leading to higher survival and reproduction, which increases the dark‑fur allele frequency over generations, illustrating natural selection‑driven adaptation."
HS-LS4-049,Gemini Flash 3,1,The answer correctly applies the concept of trait frequency and distribution by predicting a shift toward the advantageous trait in Population A while explaining why variation is maintained in Population B.
HS-LS4-052,Gemini Flash 3,1,"The answer accurately explains the mechanism of natural selection, including differential survival and reproduction, changes in allele frequency, and the resulting adaptation of the population."
HS-LS4-053,OSS 120b,1,"The answer correctly predicts an increase in average beak depth and explains it via natural selection, fully addressing the question."
HS-LS4-053,Nemotron 3 Super 120b a12,1,"The answer correctly predicts an increase in average beak depth due to directional natural selection on beak size, linking survival, reproduction, and inheritance."
HS-LS4-053,Gemini Flash 3,1,"The answer accurately predicts the evolutionary shift and explains the mechanism of natural selection, including differential survival, reproduction, and inheritance of traits."
HS-LS4-054,OSS 120b,1,"The answer correctly explains that natural selection would favor gray-colored insects, leading to an increased frequency of that trait and population adaptation."
HS-LS4-054,Nemotron 3 Super 120b a12,1,"The answer correctly explains that insects with better camouflage (gray coloration) survive and reproduce more, causing the frequency of gray individuals to rise over generations, which reflects natural selection driving adaptation."
HS-LS4-054,Gemini Flash 3,1,"The answer accurately describes the process of natural selection, including differential survival and reproduction based on a trait variation that leads to adaptation over time."
HS-LS4-055,OSS 120b,1,"The answer correctly predicts an increase in average speed and explains it using natural selection, meeting the standard."
HS-LS4-055,Nemotron 3 Super 120b a12,1,"The answer correctly explains that faster cheetahs have higher reproductive success, leading to increased frequency of speed‑related traits and a rise in average running speed via natural selection, which fulfills the standard's requirement for an evidence‑based explanation of adaptation."
HS-LS4-055,Gemini Flash 3,1,The answer correctly identifies the core principles of natural selection—differential reproductive success and inheritance of traits—leading to a population-level adaptation over time.
HS-LS4-051,Nemotron 3 Super 120b a12,1,The answer correctly links random settlement (probability) and habitat‑specific selection to predict an overall increase in the dark‑skin allele when its advantage on dark rock outweighs its disadvantage on sandy soil.
HS-LS4-056,OSS 120b,1,The answer correctly predicts pale moths will become rarer due to higher predation and explains the natural selection mechanism.
HS-LS4-056,Nemotron 3 Super 120b a12,1,"The answer correctly explains that pale moths are more visible on dark bark, suffer higher predation, and thus decrease in frequency while darker moths increase, illustrating natural selection driving adaptation."
HS-LS4-051,Gemini Flash 3,1,The answer correctly applies the principle of natural selection by explaining how differential survival and reproduction in specific environments lead to an increase in the frequency of an advantageous trait over time.
HS-LS4-056,Gemini Flash 3,1,"The answer correctly identifies the phenotype that decreases, explains the selective pressure (predation), and connects differential survival and reproduction to the population's adaptation."
HS-LS4-057,Nemotron 3 Super 120b a12,1,"The answer correctly explains that natural selection increases the frequency of advantageous thick‑fur alleles, leading to a higher average fur thickness after many generations."
HS-LS4-057,OSS 120b,1,"The answer correctly predicts increased average fur thickness and explains it through natural selection favoring thick-fur alleles, meeting the standard."
HS-LS4-058,Gemini Flash 3,1,"The answer accurately predicts population decline and potential extinction due to the loss of specific environmental resources and camouflage, which directly addresses the standard's component regarding the effects of environmental changes on species survival."
HS-LS4-058,Nemotron 3 Super 120b a12,1,"The answer correctly predicts a decline and possible local extinction of the beetle due to loss of camouflage and food, which aligns with the standard's focus on extinction resulting from environmental change."
HS-LS4-057,Gemini Flash 3,1,"The answer correctly identifies the shift in population traits due to differential survival and reproduction, accurately linking natural selection to the genetic adaptation of the population over time."
HS-LS4-059,Nemotron 3 Super 120b a12,0,"The answer correctly describes natural selection increasing the salt‑tolerant trait and population growth, but it omits the possibility of speciation (emergence of a new species) that the standard also expects to be considered."
HS-LS4-058,OSS 120b,1,The answer correctly predicts that the beetle population will likely decline or face local extinction due to loss of its tree bark camouflage and food source in the new grassland environment.
HS-LS4-059,Gemini Flash 3,1,The answer accurately applies the principles of natural selection to predict that a beneficial mutation will increase in frequency and potentially lead to population growth as the species adapts to the environmental change.
HS-LS4-059,OSS 120b,1,"The answer correctly predicts natural selection will increase the salt‑tolerant trait, leading to higher survival and population growth of the species."
HS-LS4-060,Gemini Flash 3,1,"The answer correctly identifies the introduction of the pathogen as a rapid environmental change and explains how it led to extinction due to a lack of adaptation, directly addressing the relevant part of the standard."
HS-LS4-060,OSS 120b,1,The answer correctly explains that the chestnut blight illustrates how a rapid environmental change (introduction of a pathogen) can cause extinction when a species cannot adapt quickly enough.
HS-LS4-060,Nemotron 3 Super 120b a12,1,"The answer correctly states that the chestnut blight illustrates how rapid environmental change (introduced pathogen) can cause extinction when a species lacks genetic variation or time to adapt, directly addressing the standard."
HS-LS4-062,Nemotron 3 Super 120b a12,1,"The answer correctly explains that divergent selective pressures in the two habitats can lead to genetic divergence and reproductive isolation, resulting in the emergence of two new species, which aligns with HS‑LS4‑5’s focus on environmental changes driving speciation."
HS-LS4-061,Gemini Flash 3,1,"The answer accurately predicts the shifts in population sizes and local extinction based on environmental pressure, directly addressing the criteria outlined in HS-LS4-5."
HS-ESS1-001,Nemotron 3 Super 120b a12,1,"The answer accurately defines nuclear fusion as the combination of light nuclei into a heavier nucleus with energy release, which is correct and sufficient for the question."
HS-LS4-061,OSS 120b,1,"The answer correctly predicts that heat‑sensitive corals will decline or disappear while heat‑tolerant corals will increase, showing the expected shift in species composition due to environmental change."
HS-LS4-062,OSS 120b,1,"The answer correctly describes allopatric speciation due to divergent selective pressures, which directly addresses the expected evolutionary outcome."
HS-LS4-062,Gemini Flash 3,1,"The answer accurately describes the process of allopatric speciation through geographic isolation and natural selection, directly addressing the emergence of new species as specified in standard HS-LS4-5."
HS-LS4-061,Nemotron 3 Super 120b a12,1,"The answer correctly predicts that corals with heat‑tolerant symbionts will increase while those without will decline or go extinct via natural selection, which addresses the increase and extinction aspects of HS‑LS4‑5 relevant to the question."
HS-ESS1-001,OSS 120b,1,"The answer correctly defines nuclear fusion as the merging of light nuclei into a heavier one with energy release, which adequately answers the question."
HS-ESS1-003,Nemotron 3 Super 120b a12,1,"The reference answer correctly states the Sun's age (~4.6 billion years) and its total expected lifespan (~10 billion years), which aligns with scientific consensus for HS‑ESS1‑1."
HS-ESS1-003,Gemini Flash 3,1,The answer accurately states the Sun's current age and its total projected main-sequence lifespan based on scientific consensus.
HS-ESS1-002,OSS 120b,1,"The answer correctly states that hydrogen nuclei fuse to form helium, accurately addressing the primary fusion process in the Sun's core."
HS-ESS1-001,Gemini Flash 3,1,The reference answer provides a scientifically accurate and concise definition of nuclear fusion that directly addresses the question within the context of the high school standard.
HS-ESS1-002,Nemotron 3 Super 120b a12,1,"The answer correctly states that hydrogen nuclei (protons) fuse to form helium nuclei, identifying the two elements involved in the Sun's primary fusion process."
HS-ESS1-003,OSS 120b,1,"The answer correctly states the Sun's age (~4.6 billion years) and its total expected lifespan (~10 billion years), fully addressing the question."
HS-ESS1-004,Nemotron 3 Super 120b a12,1,"The answer correctly states that after core hydrogen exhaustion the Sun becomes a red giant and then a white dwarf, which fully addresses the question about its eventual fate."
HS-ESS1-004,OSS 120b,1,"The answer correctly identifies the sun's evolution to a red giant and then a white dwarf, matching the required content."
HS-ESS1-005,OSS 120b,1,"The answer correctly states that redshift indicates the galaxy is receding from Earth and that greater redshift implies higher recession speed, which sufficiently addresses the question."
HS-ESS1-004,Gemini Flash 3,1,"The answer accurately describes the Sun's progression from a red giant to a white dwarf, which is the standard model for its life cycle following hydrogen exhaustion."
HS-ESS1-005,Nemotron 3 Super 120b a12,0,"The answer correctly describes redshift but does not address what a blueshift would indicate, making it incomplete for the question that asks about redshift versus blueshift."
HS-ESS1-005,Gemini Flash 3,1,The answer accurately defines redshift as a sign of a galaxy receding and correctly notes the relationship between the amount of shift and the speed of recession.
HS-ESS1-006,OSS 120b,1,"The answer accurately defines the CMB as relic thermal radiation from the early hot, dense universe and notes its uniform detection, satisfying the question."
HS-ESS1-006,Nemotron 3 Super 120b a12,1,"The answer accurately defines CMB radiation and correctly links it to the early hot, dense state of the universe after the Big Bang, which satisfies the standard's requirement for evidence-based explanation."
HS-ESS1-007,Nemotron 3 Super 120b a12,1,"The answer correctly identifies hydrogen and helium as the two lightest elements comprising most ordinary matter and explains that their observed abundances match Big Bang nucleosynthesis predictions, thus supporting the theory."
HS-ESS1-007,OSS 120b,1,"The answer correctly identifies hydrogen and helium as the two lightest, most abundant elements and explains that their observed ratio matches Big Bang nucleosynthesis predictions, supporting the theory."
HS-ESS1-002,Gemini Flash 3,1,"The answer accurately identifies hydrogen as the primary fuel for fusion and helium as the product, which correctly addresses the chemical elements involved in the sun's core fusion process."
HS-ESS1-006,Gemini Flash 3,1,"The answer accurately defines CMB radiation, its origin in the early universe, and its observed uniformity, which aligns with the evidence-based requirements of the HS-ESS1-2 standard."
HS-ESS1-008,Nemotron 3 Super 120b a12,1,"The answer accurately defines spectroscopy and correctly lists its key astronomical uses, fully addressing the question."
HS-ESS1-008,OSS 120b,1,"The answer correctly defines spectroscopy and explains its usefulness for determining composition, temperature, motion, and distance of astronomical objects."
HS-ESS1-007,Gemini Flash 3,1,"The answer accurately identifies hydrogen and helium, provides their approximate mass ratios, and correctly explains how the match between theoretical predictions and observations supports the Big Bang theory."
HS-ESS1-008,Gemini Flash 3,1,"The answer accurately defines spectroscopy and identifies its key applications in determining composition and motion, which are essential for providing the astronomical evidence required by the standard."
HS-ESS1-009,Nemotron 3 Super 120b a12,1,"The answer correctly describes cosmic expansion as the stretching of space itself, which aligns with the Big Bang theory and adequately answers the question."
HS-ESS1-009,OSS 120b,1,"The answer correctly explains that expansion means space itself is stretching, causing galaxies to move farther apart, which directly answers the question."
HS-ESS1-010,Nemotron 3 Super 120b a12,1,"The answer accurately defines an absorption spectrum and explains how dark lines correspond to elemental composition, fully addressing the question."
HS-ESS1-010,OSS 120b,1,The answer correctly defines an absorption spectrum and explains how its characteristic dark lines identify elemental composition in stars or galaxies.
HS-ESS1-011,OSS 120b,1,"The answer correctly identifies hydrogen nuclei as the two elements that fuse in the Sun's core, noting they form helium, which fully addresses the question."
HS-ESS1-011,Nemotron 3 Super 120b a12,1,"The answer correctly states that hydrogen nuclei (protons) fuse together in the Sun's core to form helium, directly identifying the two elements involved."
HS-ESS1-009,Gemini Flash 3,1,"The answer accurately describes the metric expansion of space, distinguishing it from objects moving through space, which is a fundamental concept of the Big Bang theory."
HS-ESS1-010,Gemini Flash 3,1,"The answer accurately defines an absorption spectrum and explains how unique spectral patterns are used to identify elements, which is a fundamental component of the astronomical evidence required by the standard."
HS-ESS1-012,OSS 120b,1,"The answer correctly defines stellar nucleosynthesis as the creation of heavier elements via nuclear fusion in stars, meeting the standard."
HS-ESS1-012,Gemini Flash 3,1,The answer accurately defines stellar nucleosynthesis by identifying the mechanism (nuclear fusion) and the result (creation of heavier elements) as required by the standard.
HS-ESS1-012,Nemotron 3 Super 120b a12,1,"The answer accurately defines stellar nucleosynthesis as the fusion of lighter elements into heavier elements in stellar cores, which correctly addresses the question."
HS-ESS1-013,OSS 120b,1,The answer correctly identifies iron as the heaviest element produced by core fusion in massive stars and explains why fusion stops there.
HS-ESS1-013,Nemotron 3 Super 120b a12,1,"The answer correctly identifies iron as the heaviest element produced by exothermic fusion in a massive star's core, which satisfies the question and aligns with HS‑ESS1‑3."
HS-ESS1-013,Gemini Flash 3,1,The answer accurately identifies iron as the heaviest element formed via core fusion and correctly explains that the process stops because fusing iron is energetically unfavorable.
HS-ESS1-014,OSS 120b,1,"The answer correctly states that heavy elements beyond iron are produced in supernovae and neutron star mergers via rapid neutron capture (r‑process), which aligns with standard high‑school explanations of heavy element synthesis."
HS-ESS1-014,Nemotron 3 Super 120b a12,1,"The answer correctly states that elements heavier than iron are made via rapid neutron capture (r-process) in supernovae and neutron star mergers, which aligns with the HS‑ESS1‑3 expectation."
HS-ESS1-015,OSS 120b,1,"The answer accurately defines stellar evolution as the sequence of changes a star experiences from formation to its end states, which fully addresses the question."
HS-ESS1-011,Gemini Flash 3,1,The answer accurately identifies that hydrogen is the primary element undergoing fusion and that helium is the resulting product in a main-sequence star like the Sun.
HS-ESS1-015,Gemini Flash 3,1,"The answer accurately defines stellar evolution as the full life cycle of a star from formation to death, which is the necessary framework for understanding how stars produce elements as per the standard."
HS-ESS1-016,Nemotron 3 Super 120b a12,1,"The answer correctly explains that elements heavier than hydrogen and helium in the human body are produced by stellar nucleosynthesis and dispersed into space, directly addressing why astronomers say these atoms were 'forged in stars'."
HS-ESS1-015,Nemotron 3 Super 120b a12,0,"The answer correctly defines stellar evolution but fails to mention the production of elements, which is essential for HS‑ESS1‑3, making it incomplete for the standard."
HS-ESS1-016,OSS 120b,1,"The answer correctly explains that elements heavier than hydrogen and helium are created by nuclear fusion in stars and distributed via stellar winds or supernovae, which then become part of planets and living organisms."
HS-ESS1-017,OSS 120b,1,The answer accurately states Kepler's Third Law (T² ∝ a³) and provides the necessary mathematical representation for predicting orbital motion.
HS-ESS1-016,Gemini Flash 3,1,"The answer accurately explains that elements heavier than hydrogen and helium are produced by stellar nucleosynthesis and distributed through space, directly addressing the question and the standard."
HS-ESS1-017,Nemotron 3 Super 120b a12,1,"The answer correctly states Kepler's Third Law and provides the mathematical relationship T² ∝ a³, which satisfies the standard's requirement for a mathematical representation of orbital motion."
HS-ESS1-018,OSS 120b,1,"The answer correctly explains that a planet moves faster near the Sun and slower farther away, referencing the equal-area principle of Kepler's Second Law."
HS-ESS1-014,Gemini Flash 3,1,"The answer correctly identifies the primary high-energy mechanisms and the process of neutron capture responsible for creating elements heavier than iron, which is appropriate for the high school level."
HS-ESS1-018,Nemotron 3 Super 120b a12,1,"The answer correctly describes that a planet moves faster when nearer the Sun and slower when farther away, which is the direct consequence of Kepler's Second Law."
HS-ESS1-017,Gemini Flash 3,1,"The answer accurately states the mathematical relationship between a planet's orbital period and its distance from the Sun, which is the core definition of Kepler's Third Law."
HS-ESS1-018,Gemini Flash 3,1,The answer accurately describes the relationship between a planet's speed and its distance from the Sun as defined by Kepler's Second Law.
HS-ESS1-019,OSS 120b,1,"The answer correctly defines the semi-major axis as half the longest diameter of an ellipse and notes its role as the average orbital distance, meeting the standard."
HS-ESS1-020,Nemotron 3 Super 120b a12,1,"The answer accurately states Newton's law of universal gravitation, including its proportionality and the mathematical expression, which is correct and sufficient for the question."
HS-ESS1-019,Nemotron 3 Super 120b a12,1,The answer correctly defines the semi‑major axis as half the longest diameter of an ellipse and accurately states it represents the average distance between the orbiting object and the central body.
HS-ESS1-020,OSS 120b,1,"The answer accurately states Newton's Law of Universal Gravitation with the correct proportionality, formula, and variables."
HS-ESS1-021,Nemotron 3 Super 120b a12,1,"The answer correctly identifies the astronomical unit (AU) as the standard distance measure for solar‑system objects in Kepler's Third Law and provides its definition, which satisfies the question."
HS-ESS1-021,OSS 120b,1,The answer correctly identifies the astronomical unit (AU) as the commonly used distance measure for Kepler's Third Law and provides a brief definition.
HS-ESS1-019,Gemini Flash 3,1,"The answer accurately defines the semi-major axis both geometrically and as the average distance, which is the foundational understanding required for applying Kepler's laws under this standard."
HS-ESS1-020,Gemini Flash 3,1,"The reference answer provides an accurate definition and the correct mathematical formula for Newton's Law of Universal Gravitation, which is the primary representation used to fulfill the standard."
HS-ESS1-023,Nemotron 3 Super 120b a12,1,"The answer correctly states the scientifically accepted age of Earth (≈4.54 billion years) and references the radiometric evidence from rocks, minerals, and meteorites used to derive it."
HS-ESS1-022,OSS 120b,1,"The answer correctly defines radiometric dating and explains its usefulness for determining the ages of crustal rocks, which is sufficient for the question."
HS-ESS1-022,Nemotron 3 Super 120b a12,1,The answer correctly defines radiometric dating and explains its utility for determining crustal rock ages.
HS-ESS1-021,Gemini Flash 3,1,"The answer correctly identifies the Astronomical Unit (AU) as the standard unit for measuring distances in the solar system and provides an accurate definition, which is essential for applying Kepler's Third Law."
HS-ESS1-023,OSS 120b,1,"The answer correctly states the widely accepted age of Earth (~4.54 billion years) and cites radiometric dating of rocks, minerals, and meteorites as the evidence."
HS-ESS1-022,Gemini Flash 3,1,"The answer accurately defines radiometric dating and explains its utility in determining the age of crustal rocks, which provides the evidence needed for the standard."
HS-ESS1-024,OSS 120b,1,The answer correctly identifies zircon crystals from the Jack Hills as the oldest known material formed on Earth's surface.
HS-ESS1-023,Gemini Flash 3,1,The answer accurately states the scientific consensus for the age of Earth and correctly identifies the evidence used for that estimation as required by the standard.
HS-ESS1-024,Nemotron 3 Super 120b a12,1,"The answer correctly identifies zircon crystals from the Jack Hills as the oldest known terrestrial material, providing the mineral type, location, and age."
HS-ESS1-026,Nemotron 3 Super 120b a12,1,"Radiometric dating is the correct term for measuring radioactive decay to determine rock and meteorite ages, and the answer accurately describes the method."
HS-ESS1-025,OSS 120b,1,The answer correctly defines chondrites as primitive stony meteorites and explains their significance as records of early solar system composition that inform Earth's formation.
HS-ESS1-024,Gemini Flash 3,1,"The answer accurately identifies Jack Hills zircon crystals and their age of 4.4 billion years, which is the scientific consensus for the oldest known terrestrial material."
HS-ESS1-026,OSS 120b,1,The answer correctly identifies radiometric (radioactive) dating and adequately explains its principle.
HS-ESS1-025,Nemotron 3 Super 120b a12,1,"The answer accurately defines chondrites as primitive stony meteorites from the solar nebula and explains how they preserve early solar system composition, providing clues to Earth's age and building blocks, which satisfies the standard."
HS-ESS1-025,Gemini Flash 3,1,"The answer accurately defines chondrites as undifferentiated meteorites and explains their significance as evidence for the early solar system's composition and age, which directly supports the standard."
HS-ESS1-026,Gemini Flash 3,1,"The answer correctly identifies radiometric dating and accurately explains the basic mechanism of isotope decay and half-life, which is central to the evidence required by standard HS-ESS1-6."
HS-ESS1-027,Nemotron 3 Super 120b a12,1,"The answer correctly links the Moon's heavily cratered surface to early intense bombardment (the Late Heavy Bombardment) and notes its relevance to early Earth, satisfying the standard's expectation."
HS-ESS1-028,OSS 120b,1,"The answer accurately describes the transport of fusion energy from the core outward via radiation and convection, its emission as electromagnetic radiation, and its travel to Earth, fulfilling the standard."
HS-ESS1-027,OSS 120b,1,The answer correctly explains that the Moon's cratered surface records an era of intense meteoritic/asteroidal bombardment (Late Heavy Bombardment) and links it to early Earth conditions.
HS-ESS1-028,Nemotron 3 Super 120b a12,1,"The answer correctly describes the transport of fusion‑generated energy from the Sun's core via radiation and convection to the surface, its emission as electromagnetic radiation, and its ~8‑minute travel to Earth, which satisfies the standard."
HS-ESS1-029,Nemotron 3 Super 120b a12,1,"The answer correctly identifies hydrostatic equilibrium as the balance between gravitational pull and outward pressure from nuclear fusion, which explains the Sun's stability."
HS-ESS1-027,Gemini Flash 3,1,The answer accurately identifies the Moon's cratered surface as evidence for the period of intense bombardment in the early solar system and correctly links this evidence to Earth's early history.
HS-ESS1-028,Gemini Flash 3,1,The answer accurately describes the internal transport mechanisms of radiation and convection and the subsequent travel of electromagnetic radiation through space as required by the standard.
HS-ESS1-029,OSS 120b,1,"The answer correctly explains solar stability via hydrostatic equilibrium, linking gravity and fusion-generated outward pressure, meeting the standard's expectations."
HS-ESS1-030,Nemotron 3 Super 120b a12,1,"The answer correctly explains that the Sun's finite core hydrogen is consumed over time, leading to depletion and cessation of hydrogen fusion, which aligns with the standard's focus on the Sun's lifespan and nuclear fusion."
HS-ESS1-030,OSS 120b,1,"The answer correctly explains that the Sun's finite hydrogen supply is gradually converted to helium, and when core hydrogen is depleted fusion can no longer continue, which aligns with the standard."
HS-ESS1-029,Gemini Flash 3,1,"The answer accurately describes hydrostatic equilibrium as the balance between gravitational contraction and outward thermal pressure from nuclear fusion, which directly addresses the sun's stability."
HS-ESS1-031,OSS 120b,1,"The answer correctly explains that scientists use mass, luminosity, composition, fusion models, and radiometric dating of meteorites to determine the Sun's age and remaining lifespan, satisfying the standard."
HS-ESS1-032,OSS 120b,1,"The answer correctly explains that Earth’s distance determines the solar energy received via the inverse‑square law, giving a suitable amount of radiation to warm the planet without being extreme."
HS-ESS1-030,Gemini Flash 3,1,"The answer accurately explains the finite nature of hydrogen fuel, its conversion to helium, and the resulting loss of hydrostatic equilibrium when the fuel is depleted."
HS-ESS1-032,Nemotron 3 Super 120b a12,1,The answer correctly explains the inverse‑square law and links Earth's distance to the radiation intensity that supports a habitable temperature.
HS-ESS1-031,Nemotron 3 Super 120b a12,1,"The answer correctly explains that scientists infer the Sun's age and remaining lifespan from observable properties such as mass, luminosity, composition, fusion‑based fuel consumption models, and radiometric dating of meteorites, which adequately addresses the question."
HS-ESS1-031,Gemini Flash 3,1,"The answer accurately identifies both the theoretical modeling of fusion based on observable properties and the empirical evidence from radiometric dating of meteorites, which aligns perfectly with the evidence-based requirements of the standard."
HS-ESS1-033,OSS 120b,1,"The answer correctly explains that redshift indicates galaxies are moving away, providing evidence for universal expansion, which satisfies the question."
HS-ESS1-032,Gemini Flash 3,1,"The answer accurately explains the inverse square law and its role in determining the intensity of solar radiation reaching Earth, which directly addresses the physics of energy transfer mentioned in the standard."
HS-ESS1-033,Nemotron 3 Super 120b a12,1,"The answer correctly describes how redshift indicates galactic recession due to cosmic expansion, directly answering the question."
HS-ESS1-034,OSS 120b,1,"The answer correctly explains that early-universe conditions allowed only light element formation before cooling, leading to hydrogen and helium dominance, which aligns with the standard."
HS-ESS1-034,Nemotron 3 Super 120b a12,1,"The answer correctly explains that Big Bang nucleosynthesis only produced light elements due to the hot, dense early universe and rapid cooling, matching observational evidence, which satisfies the standard."
HS-ESS1-033,Gemini Flash 3,1,"The answer accurately explains how redshift results from galaxies moving away and how this recession provides evidence for the expansion of the universe, directly addressing the question and standard."
HS-ESS1-035,OSS 120b,1,"The answer correctly explains that uniform cosmic expansion causes farther galaxies to recede faster, producing larger redshifts per Hubble's Law, fully addressing the question."
HS-ESS1-034,Gemini Flash 3,1,"The answer accurately explains that the rapid cooling of the early universe limited nuclear fusion to the production of light elements, which aligns with the composition of matter evidence specified in the HS-ESS1-2 standard."
HS-ESS1-036,OSS 120b,1,"The answer correctly explains that cosmic expansion is the stretching of space itself, not motion through pre‑existing space from a central point, and notes the lack of a central expansion point."
HS-ESS1-035,Nemotron 3 Super 120b a12,1,"The answer correctly explains that greater distance yields higher recession velocity and redshift via Hubble's Law, which is evidence for the Big Bang's expanding universe."
HS-ESS1-036,Nemotron 3 Super 120b a12,1,"The answer correctly states that the universe's expansion is due to space itself stretching, not galaxies moving from a central point, which aligns with the standard's focus on explaining galaxy motion evidence."
HS-ESS1-036,Gemini Flash 3,1,"The answer accurately explains that the Big Bang is the expansion of space itself rather than an explosion in pre-existing space, which correctly addresses the lack of a central point in cosmological expansion."
HS-ESS1-037,OSS 120b,1,"The answer correctly explains that the predicted primordial element ratios match observations, providing evidence for the Big Bang model."
HS-ESS1-037,Nemotron 3 Super 120b a12,1,"The answer correctly explains that the observed primordial abundances of hydrogen, helium, and lithium match Big Bang nucleosynthesis predictions, providing key evidence for the Big Bang model."
HS-ESS1-038,OSS 120b,1,"The answer correctly explains that a dark night sky implies a finite age for the universe, supporting a cosmic beginning as required by the Big Bang model."
HS-ESS1-037,Gemini Flash 3,1,"The answer accurately explains how the predicted ratios of light elements from early nucleosynthesis match astronomical observations, which is a key piece of evidence for the Big Bang theory."
HS-ESS1-038,Nemotron 3 Super 120b a12,1,"The reference answer correctly explains that a dark night sky implies the universe cannot be infinitely old and uniformly filled with stars, indicating a finite age consistent with the Big Bang."
HS-ESS1-039,OSS 120b,1,"The answer correctly explains that the early universe cooled too fast for heavy-element fusion, while stars provide the sustained high temperatures and pressures needed to form carbon and oxygen."
HS-ESS1-039,Nemotron 3 Super 120b a12,1,"The answer correctly explains that the Big Bang's rapid cooling prevented heavier fusion, while stars provide the sustained high temperature and pressure needed to produce elements like carbon and oxygen over long timescales, which aligns with the standard."
HS-ESS1-040,OSS 120b,1,"The answer accurately describes gravitational compression, high temperature/pressure, overcoming repulsion, and mass‑energy conversion, fulfilling the standard."
HS-ESS1-040,Nemotron 3 Super 120b a12,1,"The answer correctly explains that gravitational compression creates the high temperature and pressure needed for hydrogen nuclei to overcome repulsion and fuse, and it notes the resulting energy release via mass‑energy equivalence, fully addressing the question."
HS-ESS1-039,Gemini Flash 3,1,The answer accurately contrasts the rapid cooling of the early universe with the sustained high-temperature and high-pressure environments in stars that allow for the fusion of heavier elements.
HS-ESS1-035,Gemini Flash 3,1,"The answer accurately explains the relationship between cosmic expansion, recession velocity, and redshift as defined by Hubble's Law, which is a core component of the evidence for the Big Bang theory required by the standard."
HS-ESS1-041,OSS 120b,1,"The answer correctly explains that hydrogen depletion removes fusion pressure, causing gravitational contraction and heating that allows the core to fuse heavier elements."
HS-ESS1-040,Gemini Flash 3,1,The answer accurately describes gravitational compression as the energy source that triggers fusion and explains the mass-energy conversion process that sustains it.
HS-ESS1-041,Nemotron 3 Super 120b a12,1,"The answer correctly describes that hydrogen exhaustion halts fusion, gravity compresses the core, raising temperature to ignite helium and subsequently heavier elements, accurately reflecting stellar nucleosynthesis as required by HS-ESS1-3."
HS-ESS1-042,OSS 120b,1,"The answer accurately explains that stellar death processes disperse synthesized elements into space, where they mix into gas clouds that later form new stars, planets, and biological molecules."
HS-ESS1-041,Gemini Flash 3,1,"The answer accurately explains the physical process of gravitational contraction and heating that leads to the fusion of heavier elements, aligning perfectly with the standard."
HS-ESS1-042,Gemini Flash 3,1,"The answer accurately describes the mechanisms of stellar nucleosynthesis distribution, including stellar winds and supernovae, and explains their subsequent role in the formation of new solar systems."
HS-ESS1-043,OSS 120b,1,"The answer accurately explains that higher stellar mass yields higher core temperatures and pressures, allowing fusion of heavier elements up to iron, while low‑mass stars are limited to hydrogen and helium."
HS-ESS1-042,Nemotron 3 Super 120b a12,1,"The answer correctly explains that dying stars release synthesized elements via stellar winds, planetary nebulae, or supernovae, which then enrich interstellar clouds that form new stars, planets, and living organisms, fully addressing the question."
HS-ESS1-044,OSS 120b,1,"The answer correctly explains that hydrogen fusion provides the greatest energy yield and thus dominates stellar lifetimes, while heavier element fusion is less energetic and proceeds rapidly, matching the standard."
HS-ESS1-043,Nemotron 3 Super 120b a12,1,"The answer correctly states that greater stellar mass yields higher core temperature and pressure, allowing fusion of heavier elements up to iron, while lower-mass stars cannot achieve the conditions needed for elements beyond helium (or light products), aligning with the standard’s focus on mass-de"
HS-ESS1-045,Nemotron 3 Super 120b a12,1,"The answer correctly explains that greater distance means a longer orbital path and weaker gravitational pull, resulting in slower orbital speed and a longer period, as described by Kepler’s third law."
HS-ESS1-044,Gemini Flash 3,1,"The answer accurately explains that hydrogen fusion is the longest stage because it yields the most energy per unit mass, resulting in slower fuel consumption compared to later, less efficient stages."
HS-ESS1-045,OSS 120b,1,"The answer correctly explains that increased orbital distance leads to longer paths and weaker gravitational pull, resulting in slower motion and longer periods, referencing Kepler's third law."
HS-ESS1-045,Gemini Flash 3,1,"The answer correctly identifies that both the increased orbital distance and the decreased orbital velocity contribute to longer periods, and it provides the appropriate mathematical relationship (Kepler's Third Law)."
HS-ESS1-044,Nemotron 3 Super 120b a12,1,"The answer correctly explains that hydrogen fusion releases the most energy per unit mass, providing the longest stable phase, while later fusion stages yield less energy and therefore consume their fuel much faster."
HS-ESS1-046,Nemotron 3 Super 120b a12,1,"The answer correctly explains that decreasing gravitational potential energy increases kinetic energy, consistent with conservation of energy and Kepler's second law."
HS-ESS1-043,Gemini Flash 3,0,"The answer is scientifically inaccurate because low-mass stars (like the Sun) can fuse helium into carbon and oxygen, not just hydrogen and helium."
HS-ESS1-046,OSS 120b,1,"The answer correctly explains that gravitational potential energy converts to kinetic energy near the Sun, invoking conservation of energy and Kepler's second law, which adequately addresses why orbital speed increases at closer distances."
HS-ESS1-047,Nemotron 3 Super 120b a12,1,"The answer correctly identifies the Sun's gravity as the centripetal force that balances the planet's inertia, explaining why it remains in orbit rather than escaping."
HS-ESS1-047,OSS 120b,1,"The answer correctly explains that solar gravity provides the centripetal force needed to counteract the planet's inertia, keeping it in orbit rather than escaping."
HS-ESS1-048,OSS 120b,1,"The answer correctly explains that gravitational potential energy converts to kinetic energy, causing the comet to speed up near the Sun, which fully addresses the question."
HS-ESS1-048,Nemotron 3 Super 120b a12,1,"The answer correctly explains that a comet’s increase in speed near the Sun results from conversion of gravitational potential energy to kinetic energy, which adequately addresses the question."
HS-ESS1-046,Gemini Flash 3,1,The reference answer correctly identifies the physical mechanisms of energy conservation and Kepler's second law to explain the relationship between a planet's orbital speed and its distance from the Sun.
HS-ESS1-049,Nemotron 3 Super 120b a12,1,"The answer correctly applies Kepler's third law to show that doubling the orbital radius increases the period by a factor of 2^(3/2) ≈ 2.83, which fully addresses the question."
HS-ESS1-048,Gemini Flash 3,1,"The answer accurately explains the change in speed using the conservation of energy principle, which is a fundamental physical basis for predicting orbital motion as required by the standard."
HS-ESS1-050,Nemotron 3 Super 120b a12,1,"The answer correctly explains that continental crust is buoyant and not subducted, preserving ancient rocks, while denser oceanic crust is recycled via subduction."
HS-ESS1-049,OSS 120b,1,"The answer correctly applies Kepler's third law to show that doubling the orbital radius increases the period by a factor of 2^(3/2) (~2.83), which fully addresses the question."
HS-ESS1-050,OSS 120b,1,"The answer correctly explains that dense oceanic crust is recycled by subduction while buoyant continental crust preserves ancient rocks, directly addressing the question."
HS-ESS1-049,Gemini Flash 3,1,The answer accurately applies Kepler's Third Law to calculate the change in orbital period using the correct mathematical relationship required by the standard.
HS-ESS1-051,Nemotron 3 Super 120b a12,1,"The answer correctly states that meteorites preserve primordial solar system material while Earth's rocks have been altered by geological processes, directly addressing why they provide unique clues about the early solar system."
HS-ESS1-051,OSS 120b,1,"The answer correctly explains that meteorites retain primitive, unaltered material from the solar system’s formation, whereas Earth’s rocks have been reworked and destroyed by geological processes."
HS-ESS1-051,Gemini Flash 3,1,"The answer accurately contrasts the primitive, unaltered state of meteorites with the geologically active processes like plate tectonics that have recycled Earth's oldest materials."
HS-ESS1-050,Gemini Flash 3,1,The answer correctly identifies that the difference in density and the resulting subduction of oceanic crust versus the buoyancy of continental crust explain the age disparity of the rocks.
HS-ESS1-052,Nemotron 3 Super 120b a12,1,"The answer correctly explains that ancient Jack Hills zircons indicate early crust and possible liquid water via their age and oxygen isotope signatures, directly addressing how they inform Earth's early history."
HS-ESS1-052,OSS 120b,1,"The answer accurately explains that the ancient Jack Hills zircons provide age constraints and geochemical evidence for early continental crust and surface water, directly supporting our knowledge of Earth's early history."
HS-ESS1-053,OSS 120b,1,"The answer correctly explains that planetary gravitational interactions destabilized small bodies, leading to the intense early bombardment, addressing the question adequately."
HS-ESS1-047,Gemini Flash 3,1,"The answer correctly identifies the balance between the planet's inertia and the Sun's gravitational pull acting as a centripetal force, which is the fundamental physical principle behind orbital motion required by the standard."
HS-ESS1-052,Gemini Flash 3,1,"The answer accurately identifies the age of the Jack Hills zircons and explains how their chemical composition provides evidence for early crustal formation and liquid water, directly addressing the standard."
HS-ESS1-053,Nemotron 3 Super 120b a12,1,"The reference answer correctly explains that gravitational interactions among the giant planets destabilized outer‑solar‑system bodies, triggering the Late Heavy Bombardment that impacted Earth, which aligns with the scientific account expected for the standard."
HS-ESS1-054,Nemotron 3 Super 120b a12,1,"The answer correctly identifies the Moon's lack of plate tectonics, liquid water, and a substantial atmosphere as reasons impact craters are preserved, contrasting with Earth's active geology and erosion that erase such records."
HS-ESS1-053,Gemini Flash 3,1,The answer accurately identifies the Late Heavy Bombardment and correctly attributes it to the gravitational destabilization of small bodies caused by the migration of giant planets.
HS-ESS1-054,Gemini Flash 3,1,"The answer correctly identifies that the Moon's lack of geological activity and erosion allows for the preservation of ancient impact craters, which are erased on Earth by plate tectonics and weathering."
HS-ESS1-055,OSS 120b,1,"The answer correctly explains that the Moon formed from mantle material ejected in the giant impact, accounting for its similar silicate composition and iron deficiency."
HS-ESS1-054,OSS 120b,1,"The answer correctly explains that the Moon's lack of tectonics, water, and atmosphere preserves ancient craters, while Earth's active geology and erosion erase them."
HS-ESS1-055,Nemotron 3 Super 120b a12,1,"The answer correctly describes the giant impact hypothesis and explains that mantle-derived debris formed the Moon, accounting for its composition similar to Earth's mantle."
HS-ESS1-056,Nemotron 3 Super 120b a12,1,"The answer correctly states that flare‑released energy travels as electromagnetic radiation at the speed of light, taking ~8 minutes to cover the ~150 million km Sun‑Earth distance, which addresses the question adequately."
HS-ESS1-055,Gemini Flash 3,1,"The answer accurately describes the giant impact hypothesis and correctly attributes the Moon's silicate-rich, iron-poor composition to the ejection of mantle material rather than core material during the collision."
HS-ESS1-056,OSS 120b,1,"The answer correctly explains that flare energy is emitted as electromagnetic radiation that travels at light speed, requiring ~8 minutes to cover the Sun‑Earth distance."
HS-ESS1-057,Nemotron 3 Super 120b a12,1,"The answer correctly links greater stellar mass to higher core temperature and pressure, which increases nuclear fusion rates and thus luminosity, consistent with the Sun's fusion process."
HS-ESS1-057,OSS 120b,1,"The answer correctly explains that a slightly greater mass raises core temperature and pressure, increasing fusion rates and luminosity, which addresses the question within the HS-ESS1-1 framework."
HS-ESS1-058,Nemotron 3 Super 120b a12,1,"The answer correctly applies Hubble's Law, stating that recession speed is proportional to distance, so a galaxy twice as distant recedes at roughly twice the speed."
HS-ESS1-058,OSS 120b,1,"The answer correctly states that recession speed is proportional to distance, so a galaxy twice as far recedes at twice the speed, fully addressing the question."
HS-ESS1-056,Gemini Flash 3,1,"The answer correctly explains that the energy travels as electromagnetic radiation at the speed of light, which is the physical reason for the 8-minute travel time across the Sun-Earth distance."
HS-ESS1-058,Gemini Flash 3,1,"The answer accurately applies the linear relationship defined by Hubble's Law, where recession velocity is directly proportional to distance."
HS-ESS1-059,OSS 120b,1,"The answer correctly explains that the observed redshift indicates the galaxy is receding, which provides evidence that the universe is expanding over time."
HS-ESS1-059,Nemotron 3 Super 120b a12,1,"The answer correctly interprets the observed redshift as evidence that the galaxy is receding, supporting the expansion of the universe and the Big Bang model, which satisfies the standard's expectation."
HS-ESS1-060,OSS 120b,1,"The answer correctly identifies that the more distant galaxy's light is more redshifted due to its higher recession speed per Hubble's Law, fully addressing the question."
HS-ESS1-060,Nemotron 3 Super 120b a12,1,"The answer correctly states that the more distant galaxy recedes faster per Hubble’s Law, producing a greater redshift, which aligns with the evidence for the Big Bang."
HS-ESS1-059,Gemini Flash 3,1,The answer accurately identifies that redshift indicates galactic motion away from Earth and correctly links this observation to the expansion of the universe as required by the standard.
HS-ESS1-061,OSS 120b,1,"The answer correctly identifies that most galaxies would show redshifts and explains that this indicates uniform expansion of the universe, aligning with the Big Bang theory."
HS-ESS1-060,Gemini Flash 3,1,"The answer correctly identifies that greater distance leads to higher recession speeds and greater redshift according to Hubble's Law, which is central to HS-ESS1-2."
HS-ESS1-061,Nemotron 3 Super 120b a12,1,"The answer correctly notes that virtually all distant galaxies exhibit redshifts, indicating recession in all directions, which implies uniform expansion supporting the Big Bang model."
HS-ESS1-062,OSS 120b,1,"The answer correctly states that observers anywhere would see the same isotropic expansion, indicating no special center and supporting the Big Bang model."
HS-ESS1-062,Nemotron 3 Super 120b a12,1,"The answer correctly states that any observer would see isotropic Hubble expansion, indicating no center and supporting the Big Bang model."
HS-ESS1-061,Gemini Flash 3,1,The answer accurately identifies the observed redshift in distant galaxies and correctly explains its implication for the expansion of the universe within the context of the Big Bang theory.
HS-ESS1-062,Gemini Flash 3,1,"The answer accurately describes the cosmological principle of uniform expansion without a center, which is a fundamental concept of the Big Bang theory supported by galactic motion data."
HS-ESS1-063,OSS 120b,1,"The answer correctly explains that a blue‑shifted galaxy can be due to local motion and does not invalidate the overall red‑shift evidence for universal expansion, thus correctly addressing the question."
HS-ESS1-063,Nemotron 3 Super 120b a12,1,"The answer correctly states that a blueshift does not disprove the Big Bang, as local gravitational motions can overcome cosmic expansion, and the overall redshift of distant galaxies still confirms the expansion predicted by the theory."
HS-ESS1-063,Gemini Flash 3,1,The answer accurately explains that local gravitational motion can overcome universal expansion for nearby galaxies without invalidating the overall evidence for the Big Bang.
HS-ESS1-064,OSS 120b,1,"The answer correctly predicts no iron production for a ~2 M☉ star and explains it by insufficient mass/temperature, noting it ends as a white dwarf."
HS-ESS1-064,Nemotron 3 Super 120b a12,1,"The answer correctly states that a ~2‑solar‑mass star lacks the mass to achieve the temperatures required for iron‑producing fusion and will end as a carbon‑oxygen white dwarf, directly addressing the prediction and explanation."
HS-ESS1-064,Gemini Flash 3,1,The answer accurately states that a star with twice the Sun's mass lacks the necessary temperature for fusion beyond carbon and oxygen and will not produce iron.
HS-ESS1-065,OSS 120b,1,"The answer correctly identifies that supernovae create and spread heavy elements such as gold, uranium, iron, and nickel, which are indeed found on Earth."
HS-ESS1-065,Nemotron 3 Super 120b a12,1,"The answer correctly identifies that supernovae produce and disperse heavy r‑process elements like gold and uranium as well as iron‑peak elements such as iron and nickel, which are found on Earth."
HS-ESS1-065,Gemini Flash 3,1,"The answer accurately identifies that supernovae produce elements heavier than iron and disperse pre-existing core elements, which aligns correctly with the HS-ESS1-3 standard."
HS-ESS1-066,OSS 120b,1,"The answer correctly explains that silicon, iron, and oxygen were produced by nuclear fusion in massive stars and dispersed by supernova explosions, seeding the solar nebula that formed Earth."
HS-ESS1-066,Nemotron 3 Super 120b a12,1,"The answer correctly explains that oxygen, silicon, and iron are produced by nuclear fusion in massive stars and dispersed into space by supernovae, fulfilling the standard’s requirement."
HS-ESS1-067,OSS 120b,1,"The answer correctly explains that the massive star can fuse many heavier elements due to higher core temperatures, while the low‑mass star is limited to hydrogen and helium, thus providing a complete answer."
HS-ESS1-066,Gemini Flash 3,1,"The answer accurately describes the nucleosynthesis of oxygen, silicon, and iron in massive stars and their dispersal via supernovae, which aligns with the requirements of the HS-ESS1-3 standard."
HS-ESS1-068,OSS 120b,1,The answer correctly identifies carbon and oxygen as the dominant elements in a white dwarf from a mid-sized star and explains that they result from helium fusion after hydrogen is exhausted.
HS-ESS1-068,Nemotron 3 Super 120b a12,1,"The answer correctly identifies carbon and oxygen as the most abundant elements in a white dwarf from a mid‑sized star, explaining that helium fusion produces these elements and further fusion ceases, leaving a C‑O core."
HS-ESS1-067,Nemotron 3 Super 120b a12,1,"The answer correctly states that the 20‑solar‑mass star’s higher core temperatures and pressures allow fusion of progressively heavier elements up to iron, producing a greater variety of elements than the 1‑solar‑mass star, which only fuses hydrogen and helium (and limited helium burning) before bec"
HS-ESS1-067,Gemini Flash 3,0,"The answer is incorrect because a 1-solar-mass star fuses helium into carbon and oxygen before becoming a white dwarf, not just hydrogen and helium."
HS-ESS1-069,OSS 120b,1,"The answer correctly explains that fusion in massive stars stops at iron, while neutron star mergers provide a neutron-rich environment for r‑process nucleosynthesis that creates heavier elements."
HS-ESS1-068,Gemini Flash 3,1,The answer accurately identifies carbon and oxygen as the primary components of a white dwarf from a mid-sized star and correctly explains the nucleosynthesis processes leading to that outcome.
HS-ESS1-070,Nemotron 3 Super 120b a12,1,"The answer correctly applies Kepler's third law (T² = a³) with a = 4 AU to compute T = 8 years, providing a clear mathematical prediction of the asteroid's orbital period as required by the standard."
HS-ESS1-070,OSS 120b,1,The answer correctly applies Kepler's third law and calculates the orbital period as approximately 8 Earth years.
HS-ESS1-069,Gemini Flash 3,1,The answer accurately explains the energetic limitations of stellar fusion at iron and correctly identifies the r-process in neutron star mergers as the mechanism for producing heavier elements like gold and platinum.
HS-ESS1-069,Nemotron 3 Super 120b a12,1,The answer correctly explains that fusion stops at iron and that neutron star mergers provide the neutron flux needed for the r-process to create heavy elements like gold and platinum.
HS-ESS1-071,OSS 120b,1,"The answer correctly applies Kepler's third law to a doubled orbital radius, yielding an orbital period of about 2.83 years, which fully addresses the question."
HS-ESS1-070,Gemini Flash 3,1,"The calculation correctly applies Kepler's Third Law (4 cubed is 64, and the square root of 64 is 8) to determine the orbital period in years."
HS-ESS1-071,Nemotron 3 Super 120b a12,1,"The reference answer correctly applies Kepler's third law (T² = a³) to find the new period ≈2.83 years, directly answering how the orbital period compares to the original one-year period."
HS-ESS1-072,OSS 120b,1,"The answer correctly applies Kepler's third law, computes T ≈ 1.87 years (≈687 days), matching Mars' known orbital period, thus satisfying the question and standard."
HS-ESS1-072,Nemotron 3 Super 120b a12,1,"The answer correctly applies Kepler's third law, calculates T≈1.87 years (~687 days), and confirms it matches the known orbital period, satisfying the standard."
HS-ESS1-071,Gemini Flash 3,1,The answer correctly applies Kepler's Third Law ($T^2 = a^3$) to calculate that doubling the orbital radius results in an orbital period of approximately 2.83 years.
HS-ESS1-073,Nemotron 3 Super 120b a12,1,"The answer correctly applies the inverse‑square‑root relationship v ∝ 1/√r, showing Moon A’s speed is twice Moon B’s, fully addressing the question."
HS-ESS1-072,Gemini Flash 3,1,The reference answer correctly applies Kepler's third law using the appropriate units (AU and years) and performs the calculation accurately to arrive at the correct orbital period for Mars.
HS-ESS1-073,OSS 120b,1,The answer correctly identifies Moon A as faster and accurately quantifies the relative speed as twice that of Moon B using the appropriate orbital speed relationship.
HS-ESS1-057,Gemini Flash 3,1,"The answer correctly identifies that higher energy output is a result of an increased rate of nuclear fusion driven by higher core temperatures and pressures, which is the fundamental mechanism described in standard HS-ESS1-1."
HS-ESS1-074,Nemotron 3 Super 120b a12,1,"The answer correctly uses the circular orbit speed formula v = √(GM/r) to show that increasing orbital radius reduces speed, which satisfies the standard's requirement to predict motion mathematically."
HS-ESS1-074,OSS 120b,1,"The answer correctly states that orbital speed decreases at a higher altitude and provides the appropriate relationship v = √(GM/r), fully addressing the question."
HS-ESS1-073,Gemini Flash 3,1,"The answer correctly applies the orbital velocity formula, identifying that orbital speed is inversely proportional to the square root of the distance and accurately calculating the 2x speed difference."
HS-ESS1-075,Nemotron 3 Super 120b a12,1,The reference answer correctly applies Kepler's third law (T² = a³) to compute the semi‑major axis as 25 AU for a 125‑year orbital period.
HS-ESS1-074,Gemini Flash 3,1,"The answer correctly applies the orbital velocity formula to show that speed is inversely proportional to the square root of the radius, meaning speed decreases as orbit altitude increases."
HS-ESS1-075,OSS 120b,1,"The answer correctly applies Kepler's third law (P² = a³) and computes a = ∛(125²) = 25 AU, providing the required average distance."
HS-ESS1-076,Nemotron 3 Super 120b a12,1,"The answer correctly interprets symmetrical magnetic stripes as evidence of continuous, bilateral seafloor spreading at the ridge, which explains crust formation."
HS-ESS1-076,OSS 120b,1,"The answer accurately explains that symmetric magnetic stripes show continuous, bilateral formation of new crust at the ridge, confirming seafloor spreading, which directly addresses the question."
HS-ESS1-075,Gemini Flash 3,1,The calculation correctly applies Kepler's Third Law (T² = a³) and demonstrates the proper steps to solve for the semi-major axis in AU.
HS-ESS1-077,OSS 120b,1,"The answer correctly explains that a 4.4‑billion‑year zircon indicates the crust must have existed at least that long ago, providing the required minimum age."
HS-ESS1-076,Gemini Flash 3,1,"The answer accurately explains that symmetrical magnetic stripes demonstrate seafloor spreading, where new crust is created at the ridge and moves outward in both directions."
HS-ESS1-077,Nemotron 3 Super 120b a12,1,"The answer correctly states that a 4.4‑billion‑year‑old zircon indicates the crust had solidified by that time, establishing a minimum age for Earth's crust and thus for Earth itself."
HS-ESS1-077,Gemini Flash 3,1,The answer accurately explains that zircon crystals provide a minimum age for the Earth's crust by marking the point at which molten rock solidified into mineral form.
HS-ESS1-078,Nemotron 3 Super 120b a12,1,"The answer correctly explains that the Moon’s lack of plate tectonics, weathering, and volcanic resurfacing preserves ancient highland rocks, providing a proxy for Earth’s early conditions, which satisfies the standard."
HS-ESS1-078,OSS 120b,1,"The answer correctly explains that the Moon's lack of plate tectonics, weathering, and resurfacing preserves ancient highland rocks, making them valuable proxies for Earth's early history."
HS-ESS1-079,OSS 120b,1,"The answer correctly explains that the meteorite age provides a proxy for the age of Earth's formation, justifying an estimate of ~4.56 billion years despite the lack of older Earth rocks."
HS-ESS1-079,Nemotron 3 Super 120b a12,1,"The answer correctly links meteorite age to solar system formation and infers Earth's formation time, addressing the standard."
HS-ESS1-078,Gemini Flash 3,1,"The answer accurately explains that the Moon's lack of geologic activity preserves ancient surfaces that serve as a proxy for Earth's early history, which aligns perfectly with the HS-ESS1-6 standard."
HS-ESS1-079,Gemini Flash 3,1,"The answer accurately uses the age of meteorites as a proxy for the formation of the solar system and Earth, while correctly attributing the age discrepancy to Earth's geological activity."
HS-ESS1-080,Gemini Flash 3,1,"The answer accurately applies scientific reasoning by explaining that Earth's lack of craters is due to geological resurfacing rather than a lack of early impacts, which is a core concept of the standard."
HS-ESS1-080,Nemotron 3 Super 120b a12,1,"The answer correctly states that Earth's early heavy bombardment was erased by active geological processes, while Mars' lack of such activity preserves its cratered record, aligning with the standard's focus on using planetary evidence to infer Earth's early history."
HS-ESS1-080,OSS 120b,1,"The answer correctly explains that Earth's smooth surface indicates early heavy bombardment similar to Mars but that subsequent tectonic, erosional, and volcanic activity erased most craters, directly addressing the implication for Earth's early history."
HS-ESS1-081,Nemotron 3 Super 120b a12,1,The answer correctly links the iron-nickel composition of iron meteorites to Earth's core and explains how this supports the planetary differentiation model of Earth's interior layering.
HS-ESS1-081,OSS 120b,1,"The answer correctly links the compositional similarity to planetary differentiation, explaining how Earth's dense core formed and supporting the model of interior layer formation."
HS-ESS1-081,Gemini Flash 3,1,"The answer accurately explains the process of planetary differentiation and how iron meteorites serve as evidence for Earth's core composition and early history, directly addressing the standard."
HS-ESS2-001,OSS 120b,1,The answer correctly identifies the process as seafloor spreading and adequately explains how new oceanic crust forms at mid-ocean ridges.
HS-ESS2-002,OSS 120b,1,The answer correctly identifies the San Andreas Fault as a transform plate boundary and accurately describes its motion.
HS-ESS2-002,Nemotron 3 Super 120b a12,1,"The answer correctly identifies the San Andreas Fault as a transform boundary and accurately describes the horizontal sliding motion, which directly addresses the question."
HS-ESS2-001,Nemotron 3 Super 120b a12,1,The answer correctly identifies seafloor spreading as the process and provides an accurate description of how oceanic crust forms at mid‑ocean ridges.
HS-ESS2-001,Gemini Flash 3,1,The answer accurately identifies seafloor spreading as the process and correctly explains how magma forms new crust at mid-ocean ridges.
HS-ESS2-003,OSS 120b,1,"The answer correctly states that oceanic crust is denser than continental crust, accurately addressing the density difference."
HS-ESS2-003,Nemotron 3 Super 120b a12,1,The answer correctly states that oceanic crust is denser than continental crust due to its basaltic composition versus the less dense granite-like composition of continental crust.
HS-ESS2-002,Gemini Flash 3,1,"The answer correctly identifies the San Andreas Fault as a transform boundary and accurately describes the horizontal motion of the plates, which is a fundamental aspect of the spatial scales and features required by the standard."
HS-ESS2-004,OSS 120b,1,"The answer accurately defines a positive feedback loop and provides a relevant climate example, fully addressing the question."
HS-ESS2-003,Gemini Flash 3,1,"The answer accurately identifies the density difference and correctly attributes it to the contrasting rock compositions of basalt and granite, which is fundamental to the plate tectonics processes described in the standard."
HS-ESS2-004,Nemotron 3 Super 120b a12,1,"The answer accurately defines a positive feedback loop and provides a correct Earth‑surface example (ice‑albedo feedback) that illustrates how a surface change can amplify climate system changes, satisfying the standard."
HS-ESS2-005,OSS 120b,1,"The answer correctly explains that deforestation reduces carbon uptake and releases stored carbon, increasing atmospheric CO₂, adequately addressing the carbon cycle impact."
HS-ESS2-004,Gemini Flash 3,1,"The answer provides a scientifically accurate definition of a positive feedback loop and a relevant, clear example involving the ice-albedo feedback mechanism."
HS-ESS2-005,Nemotron 3 Super 120b a12,1,"The answer accurately describes how deforestation reduces CO₂ uptake and releases stored carbon, correctly addressing its impact on the carbon cycle."
HS-ESS2-005,Gemini Flash 3,1,"The answer accurately describes how changing the biosphere through deforestation impacts the atmosphere by altering carbon sinks and sources, which directly supports the standard's goal of understanding interactions between Earth systems."
HS-ESS2-006,Nemotron 3 Super 120b a12,1,"The answer correctly identifies radiogenic isotope decay and residual primordial heat as the primary heat sources driving mantle convection, which aligns with the scientific understanding required by the standard."
HS-ESS2-006,OSS 120b,1,"The answer correctly identifies radioactive decay and residual primordial heat as the main drivers of mantle convection, matching the expected explanation."
HS-ESS2-007,OSS 120b,1,"The answer correctly explains that mantle convection currents drive plate motion by pushing and pulling the plates, linking it to seafloor spreading and subduction, which aligns with the standard."
HS-ESS2-006,Gemini Flash 3,1,The answer accurately identifies the two main contributors to Earth's internal heat budget that drive mantle convection: radiogenic heat and primordial heat.
HS-ESS2-007,Nemotron 3 Super 120b a12,1,"The answer accurately states that mantle convection currents drag and push tectonic plates, causing movement that leads to seafloor spreading and subduction, which correctly models the cycling of matter by thermal convection as required by the standard."
HS-ESS2-008,OSS 120b,1,"The answer correctly explains that cooler, denser mantle rock sinks (downwelling) toward deeper Earth, describing the convection cycle as required."
HS-ESS2-007,Gemini Flash 3,1,"The answer accurately describes the mechanical relationship between mantle convection and plate tectonics, including the cycling of matter through seafloor spreading and subduction, which aligns with the standard."
HS-ESS2-009,OSS 120b,1,"The answer accurately defines Earth's energy balance as the equilibrium between incoming solar radiation and outgoing infrared radiation, which aligns with the standard."
HS-ESS2-009,Nemotron 3 Super 120b a12,1,"The answer correctly defines Earth's energy balance as the balance between absorbed solar radiation and emitted infrared radiation, which directly addresses the question."
HS-ESS2-008,Nemotron 3 Super 120b a12,1,"The answer correctly states that cooler, denser mantle rock sinks (downwelling), which accurately describes the behavior of mantle material during thermal convection."
HS-ESS2-008,Gemini Flash 3,1,"The answer accurately describes the process of downwelling and the downward movement of material in the mantle convection cycle, aligning well with the requirements of standard HS-ESS2-3."
HS-ESS2-010,OSS 120b,1,"The answer accurately defines radiative forcing as a change in atmospheric energy flux due to natural or anthropogenic factors and correctly notes its warming or cooling implications, matching the standard."
HS-ESS2-009,Gemini Flash 3,1,The answer accurately defines Earth's energy balance by identifying the types of radiation involved (solar and infrared) and the resulting effect on global temperature stability.
HS-ESS2-011,OSS 120b,1,"The answer correctly defines solar irradiance and links its variations to changes in Earth's climate, meeting the standard."
HS-ESS2-010,Nemotron 3 Super 120b a12,1,The answer accurately defines radiative forcing as the change in energy flux due to natural or human-made factors and correctly notes that positive forcing causes warming while negative forcing causes cooling.
HS-ESS2-011,Nemotron 3 Super 120b a12,1,"The answer accurately defines solar irradiance and links its variations to energy input affecting climate, satisfying the standard."
HS-ESS2-010,Gemini Flash 3,1,"The answer accurately defines radiative forcing, provides relevant examples of its causes, and correctly explains its impact on Earth's energy balance and climate as required by the standard."
HS-ESS2-012,OSS 120b,1,"The answer correctly identifies water's polarity as the key property that makes it a universal solvent, which fully addresses the question."
HS-ESS2-011,Gemini Flash 3,1,The answer provides a scientifically accurate definition of solar irradiance and correctly links it to Earth's energy balance and climate variation as required by the standard.
HS-ESS2-012,Nemotron 3 Super 120b a12,1,"The answer correctly identifies water's polarity as the property that enables it to dissolve many substances, which matches the concept of the universal solvent."
HS-ESS2-013,OSS 120b,1,"The answer correctly gives water’s specific heat (~4,184 J kg⁻¹ °C⁻¹) and explains its high value’s role in moderating climate and surface temperatures, satisfying the question."
HS-ESS2-013,Nemotron 3 Super 120b a12,1,"The answer accurately gives the specific heat capacity of liquid water and correctly explains that its high value moderates Earth's climate and surface temperatures, which addresses the question fully for the standard."
HS-LS4-048,Gemini Flash 3,1,"The answer correctly identifies that the advantageous trait will increase in frequency due to differential survival and reproduction, directly addressing the statistical shift required by the standard."
HS-ESS2-012,Gemini Flash 3,1,The answer accurately identifies polarity as the key property and correctly explains how the charge distribution allows water to interact with and dissolve various substances.
HS-ESS2-013,Gemini Flash 3,1,"The answer accurately states the specific heat capacity of water and correctly explains how its high value helps moderate Earth's climate, fulfilling the requirements of the standard."
HS-ESS2-015,Nemotron 3 Super 120b a12,1,"The answer accurately defines frost wedging as mechanical weathering from water's expansion when freezing and identifies that property as the cause, fully addressing the question."
HS-ESS2-014,OSS 120b,1,"The answer correctly states that water's density decreases upon freezing, causing ice to float, and explains surface effects such as top‑down freezing, insulation of aquatic life, and frost‑wedging weathering."
HS-ESS2-014,Nemotron 3 Super 120b a12,1,"The answer correctly states that water becomes less dense when freezing, explains the consequence of ice floating, and links this to surface processes such as insulating aquatic life and frost wedging, fully addressing the question."
HS-ESS2-015,OSS 120b,1,"The answer accurately defines frost wedging as mechanical weathering caused by water expanding upon freezing, which directly addresses both parts of the question."
HS-ESS2-014,Gemini Flash 3,1,The answer accurately describes the density change of water upon freezing and correctly identifies two significant impacts on Earth's systems: the insulation of aquatic environments and the mechanical weathering process of frost wedging.
HS-ESS2-016,Nemotron 3 Super 120b a12,1,"The answer accurately defines hydrolysis as a chemical weathering reaction of water with minerals that forms new minerals, and provides a clear example, which correctly and adequately addresses the question for the given standard."
HS-ESS2-016,OSS 120b,1,"The answer accurately defines hydrolysis as water reacting with rock minerals to break bonds and form new minerals, and provides a relevant example, meeting the standard."
HS-ESS2-015,Gemini Flash 3,1,The answer accurately defines frost wedging as a form of mechanical weathering and correctly identifies water's expansion upon freezing as the responsible property.
HS-ESS2-017,Nemotron 3 Super 120b a12,1,"The answer correctly identifies fossil fuels as the term for large, long-term geospheric carbon stores such as coal, oil, and natural gas."
HS-ESS2-016,Gemini Flash 3,1,The answer accurately defines hydrolysis and provides a relevant example of mineral transformation that aligns with the high-school earth science curriculum.
HS-ESS2-017,OSS 120b,1,"The answer correctly identifies fossil fuels as the large, long-term carbon stores in the geosphere and provides an appropriate brief explanation."
HS-ESS2-018,Nemotron 3 Super 120b a12,1,"The answer correctly states that cellular respiration releases CO₂ from organic molecules, moving carbon from the biosphere to the atmosphere, which directly addresses the question."
HS-ESS2-018,OSS 120b,1,"The answer correctly explains that cellular respiration breaks down organic carbon and releases CO₂, returning carbon from the biosphere to the atmosphere."
HS-ESS2-018,Gemini Flash 3,1,The answer accurately describes the process of cellular respiration and how it facilitates the transfer of carbon from organic matter in the biosphere to the atmosphere as CO2.
HS-ESS2-019,OSS 120b,1,"The answer correctly defines ocean acidification and links it to atmospheric CO₂ uptake, describing its role in the carbon cycle between atmosphere and hydrosphere."
HS-ESS2-020,Nemotron 3 Super 120b a12,1,"The answer correctly names decomposition and accurately describes how microorganisms break down dead organic matter, releasing carbon as CO₂ or methane back into the soil and atmosphere."
HS-ESS2-017,Gemini Flash 3,1,"The answer correctly identifies 'fossil fuels' as the specific term for the carbon stores described and accurately explains their origin, which is essential for understanding carbon reservoirs within the geosphere."
HS-ESS2-020,Gemini Flash 3,1,The answer accurately identifies decomposition as the process and correctly describes the role of microorganisms in cycling carbon back into the atmosphere and geosphere.
HS-ESS2-020,OSS 120b,1,"The answer correctly identifies the process as decomposition and accurately describes how microorganisms break down dead organic matter, releasing carbon as CO₂ or methane back to soil and atmosphere."
HS-ESS2-019,Nemotron 3 Super 120b a12,1,"The answer accurately defines ocean acidification as the pH decrease from seawater absorbing excess atmospheric CO₂ forming carbonic acid, correctly linking it to the atmosphere‑to‑hydrosphere carbon flux in the carbon cycle."
HS-ESS2-021,Nemotron 3 Super 120b a12,1,"The answer accurately defines the Great Oxidation Event, its timing, cause, and pre‑event conditions, which sufficiently addresses the question for the standard."
HS-ESS2-021,OSS 120b,1,"The answer accurately defines the Great Oxidation Event, provides its timing, cause, and significance, meeting the standard."
HS-ESS2-019,Gemini Flash 3,1,The answer accurately defines ocean acidification and correctly identifies the flux of carbon dioxide from the atmosphere to the hydrosphere as the underlying mechanism within the carbon cycle.
HS-ESS2-021,Gemini Flash 3,1,"The answer accurately identifies the timing, biological cause, and atmospheric impact of the Great Oxidation Event, aligning perfectly with the standard's focus on the coevolution of life and Earth's systems."
HS-ESS2-022,OSS 120b,1,"The answer correctly defines stromatolites and explains their significance as ancient fossils that reveal early microbial oxygen production, linking life and atmospheric evolution."
HS-ESS2-022,Nemotron 3 Super 120b a12,1,"The answer correctly defines stromatolites as layered microbial‑mat structures formed by cyanobacteria, notes their age (~3.5 billion years), and explains their importance as evidence that early life produced oxygen that transformed Earth's atmosphere, addressing the coevolution of life and Earth sy"
HS-ESS2-022,Gemini Flash 3,1,The answer accurately defines stromatolites and correctly identifies their role in the coevolution of Earth's systems by providing evidence for the oxygenation of the atmosphere by early life.
HS-ESS2-023,OSS 120b,1,The answer correctly identifies the term 'coevolution' (or coevolution of Earth's systems and life) and explains the mutual influence of living and non‑living systems over geologic time.
HS-ESS2-023,Gemini Flash 3,1,The reference answer correctly identifies the term 'coevolution of Earth's systems and life' and accurately describes the mutual influence between biological and physical processes as required by the standard.
HS-ESS2-023,Nemotron 3 Super 120b a12,1,The answer correctly identifies the term as coevolution of Earth's systems and life and adequately explains its meaning.
HS-ESS2-024,Gemini Flash 3,1,"The answer accurately describes the composition of banded iron formations and correctly identifies them as evidence for the oxygenation of Earth's atmosphere by early life, which aligns with standard HS-ESS2-7."
HS-ESS2-026,Nemotron 3 Super 120b a12,1,"The answer correctly explains that oceanic crust is young due to continuous creation at ridges and destruction at subduction zones, whereas continental crust is buoyant and long-lived, addressing the temporal scale difference required by the standard."
HS-ESS2-024,Nemotron 3 Super 120b a12,1,The answer accurately defines banded iron formations and correctly explains their significance as evidence for early oxygenic photosynthesis and the rise of atmospheric oxygen.
HS-ESS2-025,Nemotron 3 Super 120b a12,1,"The answer correctly identifies mantle convection driven by Earth's internal heat as the primary cause of plate motion, which aligns with the standard's focus on internal processes."
HS-ESS2-024,OSS 120b,1,"The answer accurately defines banded iron formations, explains their formation by oxygen from early photosynthesizers reacting with dissolved iron, and correctly states they serve as evidence of rising atmospheric oxygen in Earth's early history."
HS-ESS2-025,Gemini Flash 3,1,"The answer accurately identifies mantle convection driven by internal heat as the primary mechanism for plate motion, which is appropriate for the high-school level."
HS-ESS2-025,OSS 120b,1,"The answer correctly explains plate motion as driven by mantle convection caused by Earth's internal heat, which is an adequate explanation for the question."
HS-ESS2-027,Nemotron 3 Super 120b a12,1,"The answer accurately describes subduction-induced downward bending of the lithosphere that creates deep ocean trenches, correctly addressing the question."
HS-ESS2-026,OSS 120b,1,"The answer correctly explains that oceanic crust is constantly regenerated at ridges and recycled via subduction, making it younger, while continental crust is buoyant and long-lived, providing an adequate explanation for the age difference."
HS-ESS2-027,Gemini Flash 3,1,"The answer accurately describes the process of a denser plate sinking into the mantle and physically pulling the seafloor down to form a trench, which correctly addresses the mechanism required by the standard."
HS-ESS2-026,Gemini Flash 3,1,"The answer accurately explains the plate tectonic mechanisms and density differences that result in the different ages of oceanic and continental crust, aligning with the temporal and process-oriented requirements of the standard."
HS-ESS2-027,OSS 120b,1,"The answer accurately explains that the sinking of a dense oceanic plate at a subduction zone bends the plate and pulls the seafloor down, forming a deep trench."
HS-ESS2-028,Nemotron 3 Super 120b a12,1,"The answer correctly explains the two primary mechanisms—flux melting at convergent boundaries and decompression melting at divergent boundaries—that cause volcanoes to form at plate boundaries, which adequately addresses the question for the given standard."
HS-ESS2-028,OSS 120b,1,The answer correctly explains the primary mechanisms—subduction‑induced dehydration melting at convergent margins and decompression melting at divergent margins—that cause volcanoes to form at plate boundaries.
HS-ESS2-028,Gemini Flash 3,1,"The answer accurately describes the physical mechanisms of flux melting at convergent boundaries and decompression melting at divergent boundaries, which explains volcanic formation at these locations."
HS-ESS2-030,OSS 120b,1,"The answer correctly explains the ice‑albedo feedback: melting ice exposes darker ocean water that absorbs more solar energy, amplifying warming."
HS-ESS2-029,OSS 120b,1,"The answer correctly explains how erosion by wind, water, and ice gradually reduces mountain height over geologic time, aligning with the standard."
HS-ESS2-030,Nemotron 3 Super 120b a12,1,The answer correctly describes the ice‑albedo feedback mechanism linking melting sea ice to increased solar absorption and further warming.
HS-ESS2-029,Nemotron 3 Super 120b a12,1,"The answer correctly describes how surface erosional processes (wind, water, ice) wear down mountains over hundreds of millions of years, reducing height and relief when uplift ceases, which directly addresses the question."
HS-ESS2-029,Gemini Flash 3,1,"The answer accurately describes the mechanisms, agents, and temporal scales of erosion in shaping continental features, aligning well with the requirements of HS-ESS2-1."
HS-ESS2-030,Gemini Flash 3,1,The answer accurately explains the ice-albedo feedback mechanism by contrasting the reflectivity of ice with the absorptive nature of open water and correctly identifies it as a positive feedback loop.
HS-ESS2-031,Nemotron 3 Super 120b a12,1,The answer correctly explains the positive feedback loop of permafrost thaw releasing greenhouse gases that amplify warming.
HS-ESS2-031,OSS 120b,1,"The answer correctly explains the positive feedback loop where thawing permafrost releases greenhouse gases that exacerbate warming, meeting the standard."
HS-ESS2-032,OSS 120b,1,"The answer correctly explains that sulfate aerosols from volcanic SO₂ reflect sunlight, causing short‑term cooling despite the minor warming from released CO₂."
HS-ESS2-031,Gemini Flash 3,1,"The answer accurately describes the positive feedback loop between thawing permafrost and atmospheric warming, which directly aligns with the requirements of standard HS-ESS2-2."
HS-ESS2-032,Nemotron 3 Super 120b a12,1,The answer correctly identifies stratospheric sulfate aerosol formation from volcanic SO₂ as the primary driver of short‑term cooling that temporarily outweighs the warming effect of emitted CO₂.
HS-ESS2-033,Nemotron 3 Super 120b a12,1,"The answer accurately describes the vegetation-soil-albedo-evapotranspiration feedback loop that links surface change to atmospheric and hydrospheric changes, fulfilling the standard."
HS-ESS2-032,Gemini Flash 3,1,"The answer accurately identifies the role of sulfur dioxide and sulfate aerosols in reflecting solar radiation, correctly explaining why cooling dominates over the warming effect of CO2 in the short term."
HS-ESS2-033,Gemini Flash 3,1,"The answer accurately describes how the loss of vegetation triggers a positive feedback loop involving albedo, evapotranspiration, and precipitation, which directly addresses the Earth systems feedback required by the standard."
HS-ESS2-033,OSS 120b,1,"The answer correctly explains how vegetation loss leads to soil erosion, reduced moisture, higher albedo, decreased evapotranspiration, suppressed rainfall, and a positive feedback that expands desert conditions."
HS-ESS2-034,OSS 120b,1,"The answer correctly explains that warmer sea surface temperatures provide more heat and moisture to fuel hurricanes, intensifying them, and notes the feedback of storm-induced mixing that can cool the surface."
HS-ESS2-034,Nemotron 3 Super 120b a12,1,"The answer correctly explains that warmer ocean water supplies more energy and moisture to hurricanes, increasing intensity, and notes the feedback of storm‑induced mixing that cools the surface, aligning with the standard."
HS-ESS2-034,Gemini Flash 3,1,"The answer accurately describes the mechanism of latent heat transfer from warm oceans to storms and identifies a relevant feedback loop involving ocean mixing, which satisfies the requirements of the standard."
HS-ESS2-035,Nemotron 3 Super 120b a12,1,"The answer correctly explains that heated mantle rock expands, becomes less dense, and rises buoyantly, and notes that solid mantle behaves plastically over millions of years, allowing slow convective flow."
HS-ESS2-035,OSS 120b,1,"The answer correctly explains that heating reduces rock density, creating buoyancy, and notes the mantle's plastic behavior allowing solid rock to convect over geologic time."
HS-ESS2-035,Gemini Flash 3,1,The answer accurately explains that thermal expansion reduces density to create buoyancy and that the mantle's plastic behavior allows for solid-state flow over geologic time.
HS-ESS2-036,Nemotron 3 Super 120b a12,1,"The answer correctly explains that cooler, denser mantle rock sinks due to gravity, which completes the convection loop."
HS-ESS2-036,Gemini Flash 3,1,"The answer accurately identifies that density differences caused by temperature variations lead to gravity-driven sinking, which is the fundamental mechanism of thermal convection in the mantle."
HS-ESS2-037,OSS 120b,1,The answer correctly explains mantle convection as rising hot material and sinking cool material that circulates heat from Earth's interior to the surface.
HS-ESS2-036,OSS 120b,1,"The answer correctly explains that cooler mantle material is denser, so gravity pulls it downward, completing the convection cycle."
HS-ESS2-038,Nemotron 3 Super 120b a12,1,The answer correctly identifies primordial heat retention and radiogenic decay as the sources sustaining mantle convection.
HS-ESS2-037,Nemotron 3 Super 120b a12,1,"The answer correctly describes mantle convection as hot material rising and cool material sinking, transferring heat upward, which aligns with HS-ESS2-3."
HS-ESS2-037,Gemini Flash 3,1,"The answer accurately describes the mechanism of thermal convection as the rising of hot material and sinking of cooler material to transfer heat from the interior to the surface, which aligns with HS-ESS2-3."
HS-ESS2-038,OSS 120b,1,The answer correctly identifies residual primordial heat and radioactive decay as the primary reasons Earth's interior remains hot enough for mantle convection.
HS-ESS2-038,Gemini Flash 3,1,The answer accurately identifies the two primary sources of Earth's internal heat—primordial heat and ongoing radioactive decay—which are essential for driving mantle convection.
HS-ESS2-039,OSS 120b,1,"The answer accurately explains that mantle convection drags plates via upwelling and downwelling currents, promoting ridge spreading and subduction-driven plate motion, which satisfies the standard."
HS-ESS2-039,Nemotron 3 Super 120b a12,1,"The answer accurately describes mantle convection's role via basal drag, ridge push, and slab pull, providing a complete explanation for plate movement."
HS-ESS2-040,OSS 120b,1,"The answer correctly explains the greenhouse effect, showing how increased CO₂ reduces outgoing infrared radiation and traps more energy, raising Earth's average temperature."
HS-ESS2-040,Nemotron 3 Super 120b a12,1,The answer correctly explains the greenhouse effect mechanism linking increased CO2 to reduced outgoing infrared radiation and higher temperatures.
HS-ESS2-040,Gemini Flash 3,1,The answer accurately describes the greenhouse effect mechanism and its impact on the energy balance between the Earth and space in accordance with the standard.
HS-ESS2-042,Nemotron 3 Super 120b a12,1,"The answer correctly explains that high albedo of snow/ice reflects more solar energy, reducing absorption and heating, which aligns with the standard’s focus on energy flow variations affecting climate."
HS-ESS2-041,Nemotron 3 Super 120b a12,1,"The answer correctly explains that increased orbital eccentricity leads to greater variation in Earth‑Sun distance, altering the seasonal distribution of solar insolation and influencing long‑term climate cycles."
HS-ESS2-042,OSS 120b,1,"The answer correctly explains that high albedo of snow/ice reflects more sunlight, reducing absorbed energy and keeping the surface cooler."
HS-ESS2-043,Nemotron 3 Super 120b a12,1,"The answer correctly describes how volcanic SO2 forms stratospheric sulfate aerosols that reflect solar radiation, reducing incoming energy and causing short‑term cooling, which directly addresses the energy‑flow variation concept in HS‑ESS2‑4."
HS-ESS2-042,Gemini Flash 3,1,"The answer accurately explains the concept of albedo and how reflection versus absorption of solar radiation affects surface temperature, which aligns with the energy flow mechanisms described in standard HS-ESS2-4."
HS-ESS2-041,OSS 120b,1,"The answer accurately states that greater orbital eccentricity changes Earth's distance from the Sun, altering the amount of solar energy received seasonally and linking these variations to long‑term climate cycles."
HS-ESS2-043,OSS 120b,1,"The answer accurately explains that volcanic SO2 forms reflective sulfate aerosols in the stratosphere, reducing incoming solar energy and causing temporary global cooling, meeting the standard."
HS-ESS2-041,Gemini Flash 3,1,"The answer correctly explains that eccentricity alters the Earth-Sun distance throughout the year, leading to variations in the distribution of solar energy that drive long-term climate cycles."
HS-ESS2-044,Nemotron 3 Super 120b a12,1,The answer correctly describes the water‑vapor greenhouse feedback that amplifies CO₂‑initiated warming.
HS-ESS2-043,Gemini Flash 3,1,"The answer accurately describes the mechanism of volcanic cooling through sulfate aerosol reflection of solar radiation, directly addressing the energy flow change required by the standard."
HS-ESS2-045,Nemotron 3 Super 120b a12,1,"The answer correctly explains water's polarity and hydrogen bonding as the reason for its strong solvent ability, which fully addresses the question for the given standard."
HS-ESS2-044,OSS 120b,1,"The answer accurately explains that CO₂‑driven warming increases evaporation, and the resulting water vapor, as a greenhouse gas, creates a positive feedback that further reduces outgoing infrared energy and amplifies the initial warming."
HS-ESS2-046,Nemotron 3 Super 120b a12,1,"The reference answer correctly explains water's high surface tension from hydrogen bonding and links it to water film formation around soil particles and capillary action in sediments, addressing both parts of the question."
HS-ESS2-045,OSS 120b,1,"The answer correctly identifies water's polarity as the key reason it dissolves many Earth materials, providing an appropriate explanation for the standard."
HS-ESS2-044,Gemini Flash 3,1,"The answer accurately describes the mechanism of the water vapor feedback loop, identifying water vapor as a greenhouse gas that amplifies initial CO2 warming by trapping more infrared radiation."
HS-ESS2-046,OSS 120b,1,The answer correctly explains hydrogen bonding as the cause of high surface tension and describes its effects on soil particles and capillary action in sediments.
HS-ESS2-045,Gemini Flash 3,1,"The answer accurately identifies water's polarity as the reason for its solvent properties and explains the mechanism of how it interacts with other substances, which is directly relevant to the standard."
HS-ESS2-047,OSS 120b,1,"The answer correctly explains that water's high specific heat buffers temperature fluctuations, reducing thermal stress weathering, and also notes water's role in enhancing chemical weathering, fully addressing the question."
HS-ESS2-047,Nemotron 3 Super 120b a12,1,"The answer correctly explains that water's high specific heat buffers temperature changes, reducing thermal stress fracturing and thus influencing weathering rates, which aligns with the standard."
HS-ESS2-046,Gemini Flash 3,1,The answer accurately identifies hydrogen bonding as the cause of surface tension and correctly describes its role in capillary action and soil particle cohesion.
HS-ESS2-048,Nemotron 3 Super 120b a12,1,"The answer correctly explains how adhesion to soil particles and cohesion between water molecules produce capillary action, which moves water upward against gravity in soil pores, addressing the question fully for the given standard."
HS-ESS2-048,OSS 120b,1,The answer correctly explains how adhesion to soil particles and cohesion between water molecules produce capillary action that lifts water upward against gravity.
HS-ESS2-049,Nemotron 3 Super 120b a12,1,"The answer correctly explains that water's solvent action allows dissolution of CO₂ to form carbonic acid, which chemically reacts with feldspar via hydrolysis, breaking bonds and forming clay minerals and soluble ions, thus addressing the cause of chemical weathering."
HS-ESS2-047,Gemini Flash 3,1,"The answer correctly identifies that water's high specific heat moderates temperature fluctuations, which directly reduces the rate of physical weathering caused by thermal expansion and contraction."
HS-ESS2-048,Gemini Flash 3,1,"The answer accurately explains the roles of adhesion and cohesion in capillary action within the context of soil, directly addressing the mechanism requested by the question."
HS-ESS2-050,OSS 120b,1,"The answer correctly explains that burning fossil fuels releases stored carbon as CO₂, adding more CO₂ to the atmosphere than natural sinks can absorb."
HS-ESS2-049,OSS 120b,1,"The answer correctly explains that water (and carbonic acid) dissolves mineral bonds through hydrolysis, forming clay minerals and releasing ions, which accounts for the chemical weathering of feldspar."
HS-ESS2-049,Gemini Flash 3,1,"The answer accurately describes the process of hydrolysis and the role of carbonic acid in breaking down feldspar into clay and ions, which is the fundamental mechanism of chemical weathering for that mineral."
HS-ESS2-050,Gemini Flash 3,1,The answer accurately explains the movement of carbon from the geosphere to the atmosphere and correctly identifies the imbalance in rates that causes the concentration to increase.
HS-ESS2-050,Nemotron 3 Super 120b a12,1,"The answer correctly explains that burning fossil carbon releases stored CO₂ faster than natural sinks can absorb it, which directly answers the question."
HS-ESS2-052,Nemotron 3 Super 120b a12,1,"The answer correctly explains that increased photosynthetic activity in summer reduces atmospheric CO₂, addressing the question."
HS-ESS2-051,OSS 120b,1,"The answer correctly explains gas exchange dissolution and its role as a major carbon sink, addressing both the mechanism and its significance for the carbon cycle."
HS-ESS2-051,Nemotron 3 Super 120b a12,1,"The answer correctly describes oceanic CO₂ uptake via gas exchange, carbonic acid formation, and biological use, and explains its role as a major carbon sink, which sufficiently addresses the question."
HS-ESS2-052,OSS 120b,1,"The answer correctly explains that increased summer photosynthetic activity in the Northern Hemisphere draws down atmospheric CO₂, causing the observed seasonal decrease."
HS-ESS2-053,Nemotron 3 Super 120b a12,1,"The answer accurately describes silicate weathering as a long‑term atmospheric CO₂ sink, covering the key steps and timescales relevant to the standard."
HS-ESS2-053,OSS 120b,1,"The answer accurately describes the chemical weathering of silicate rocks by carbonic acid and the subsequent transport and deposition of carbon as carbonate sediments, correctly explaining long‑term CO₂ removal."
HS-ESS2-052,Gemini Flash 3,1,The answer accurately explains that increased photosynthetic activity in the Northern Hemisphere summer leads to a net decrease in atmospheric CO2 as plants absorb more carbon than is released.
HS-ESS2-054,Nemotron 3 Super 120b a12,1,"The answer correctly identifies cyanobacterial oxygenic photosynthesis as the source of O₂ and explains how its production outpaced oxidative sinks, leading to atmospheric accumulation during the Great Oxidation Event, which fully addresses the question."
HS-ESS2-055,Nemotron 3 Super 120b a12,1,"The answer correctly explains how Devonian land plants increased CO₂ uptake via photosynthesis and enhanced weathering, leading to atmospheric CO₂ drawdown and global cooling."
HS-ESS2-054,OSS 120b,1,"The answer accurately explains that cyanobacteria introduced oxygenic photosynthesis, released O2, and that oxygen outpaced mineral sinks, leading to atmospheric buildup during the Great Oxidation Event."
HS-ESS2-053,Gemini Flash 3,1,The answer accurately describes the chemical and physical processes of silicate weathering and carbonate deposition that facilitate the long-term transfer of carbon from the atmosphere to the geosphere.
HS-ESS2-054,Gemini Flash 3,1,The answer accurately identifies the mechanism of oxygenic photosynthesis and explains how the saturation of mineral sinks led to the Great Oxidation Event.
HS-ESS2-056,Nemotron 3 Super 120b a12,1,"The answer correctly explains that early anaerobic life was harmed by rising oxygen during the Great Oxidation Event, which caused the mass extinction."
HS-ESS2-056,OSS 120b,1,"The answer correctly explains that early anaerobic organisms were poisoned by the newly abundant oxygen, causing their decline and extinction."
HS-ESS2-055,Gemini Flash 3,1,The answer accurately describes the two primary mechanisms of carbon drawdown—photosynthesis and enhanced rock weathering—and correctly links them to the resulting global cooling.
HS-ESS2-055,OSS 120b,1,"The answer correctly explains that Devonian land plants reduced atmospheric CO₂ through photosynthesis and enhanced weathering, leading to carbon sequestration and a cooling climate, which addresses the question adequately."
HS-ESS2-056,Gemini Flash 3,1,"The answer accurately explains that the toxicity of oxygen to early anaerobic life led to a mass extinction during the Great Oxidation Event, effectively illustrating the coevolution of the biosphere and atmosphere."
HS-ESS2-057,Nemotron 3 Super 120b a12,1,"The answer accurately describes how marine organisms extract calcium and carbonate from seawater to form shells that become limestone, illustrating the mutual influence of life and the geosphere."
HS-ESS2-057,OSS 120b,1,"The answer correctly explains how marine organisms use geochemical resources to build shells that become limestone, illustrating the reciprocal influence of life and the geosphere."
HS-ESS2-058,Nemotron 3 Super 120b a12,1,"The answer correctly identifies the formation of a mid‑ocean ridge and the associated creation of new oceanic crust at a divergent boundary, directly answering the question."
HS-ESS2-057,Gemini Flash 3,1,"The answer accurately describes how biological processes contribute to the formation of sedimentary rock, illustrating the interaction between the biosphere and geosphere as required by the standard."
HS-ESS2-058,OSS 120b,1,"The answer correctly identifies a mid‑ocean ridge as the feature formed by diverging plates and explains the process of new crust creation, fully addressing the question."
HS-ESS2-059,OSS 120b,1,The answer correctly predicts that rocks get older with distance from the ridge and explains it by continuous seafloor spreading creating new crust that pushes older crust outward.
HS-ESS2-058,Gemini Flash 3,1,The answer accurately identifies the mid-ocean ridge as the feature formed and correctly explains the process of seafloor spreading and crust formation.
HS-ESS2-059,Nemotron 3 Super 120b a12,1,"The answer correctly describes the predicted age pattern and explains it via seafloor spreading, which addresses the internal and surface processes forming ocean‑floor features at appropriate spatial and temporal scales."
HS-ESS2-059,Gemini Flash 3,1,The answer accurately describes the age pattern resulting from seafloor spreading and correctly identifies the underlying geological process and temporal scale.
HS-ESS2-060,OSS 120b,1,"The answer correctly identifies that subduction of an oceanic plate creates a volcanic mountain range (volcanic arc) on the continental side, which matches the expected feature."
HS-ESS2-060,Nemotron 3 Super 120b a12,1,"The answer correctly describes the formation of a volcanic mountain range on the continental side due to subduction of the oceanic plate and associated magma generation, which aligns with HS-ESS2-1."
HS-ESS2-061,Nemotron 3 Super 120b a12,1,"The answer correctly describes that volcanic islands become progressively older in the direction of plate motion due to a stationary hotspot, which matches the expected pattern illustrated by the Hawaiian Islands."
HS-ESS2-060,Gemini Flash 3,1,The answer accurately identifies the formation of a volcanic mountain range and correctly explains the subduction mechanism responsible for this feature at a convergent boundary.
HS-ESS2-061,OSS 120b,1,"The answer correctly predicts an age progression along the island chain, explaining that older islands lie farther from the stationary hotspot in the direction of plate motion."
HS-ESS1-038,Gemini Flash 3,1,"The answer correctly explains how the finite age of the universe resolves Olbers' Paradox by limiting the light that has reached Earth, which supports the Big Bang theory's premise of a beginning."
HS-ESS2-062,Nemotron 3 Super 120b a12,1,"The answer correctly predicts a tall mountain range forms from continental collision and explains that non‑subducting, buoyant plates cause crustal thickening and uplift over long timescales, addressing both parts of the question."
HS-ESS2-063,Nemotron 3 Super 120b a12,1,"The answer correctly describes the ice‑albedo positive feedback, showing how melting ice leads to a darker ocean surface that absorbs more solar radiation, causing further warming and more ice melt."
HS-ESS2-062,Gemini Flash 3,1,"The answer accurately identifies the resulting landform, explains the mechanism of crustal thickening due to density differences, and correctly addresses the temporal scale required by the standard."
HS-ESS2-062,OSS 120b,1,The answer correctly identifies that a continental collision creates a high mountain range and explains the uplift due to crustal thickening and lack of subduction over long timescales.
HS-ESS2-061,Gemini Flash 3,1,"The answer accurately describes the formation of a volcanic island chain where ages increase in the direction of plate motion, correctly identifying the mechanism of plate movement over a stationary hotspot."
HS-ESS2-063,OSS 120b,1,"The answer correctly explains the ice‑albedo feedback: melting ice exposes dark ocean, increasing solar absorption, which raises warming and promotes more melt."
HS-ESS2-063,Gemini Flash 3,1,"The answer accurately describes the ice-albedo feedback mechanism and its role as a positive feedback loop in accelerating global warming, which aligns perfectly with the standard."
HS-ESS2-064,OSS 120b,1,"The answer correctly explains how deforestation reduces transpiration, lowers atmospheric moisture, decreases rainfall and river flow, and creates a drying feedback, fully addressing the water‑cycle impacts."
HS-ESS2-064,Nemotron 3 Super 120b a12,1,"The answer correctly describes how deforestation reduces transpiration, lowers atmospheric moisture, decreases rainfall and soil moisture, and creates a feedback that alters the local water cycle, satisfying the standard."
HS-ESS2-065,Nemotron 3 Super 120b a12,1,"The answer correctly explains that stratospheric SO2 forms reflective sulfate aerosols, reducing solar energy reaching Earth's surface and causing temporary global cooling for one to two years, which directly answers the question."
HS-ESS2-064,Gemini Flash 3,1,"The answer correctly identifies the mechanism of transpiration and explains the resulting feedback loop between the biosphere, atmosphere, and hydrosphere as required by the standard."
HS-ESS2-065,OSS 120b,1,"The answer accurately predicts a temporary global cooling effect and correctly explains the sulfate aerosol mechanism, fully addressing the question."
HS-ESS2-066,OSS 120b,1,"The answer correctly explains that converting vegetated land to impervious surfaces increases runoff and flood severity, directly addressing the impact on local flooding."
HS-ESS2-065,Gemini Flash 3,1,"The answer accurately describes the chemical formation of sulfate aerosols and their role in increasing Earth's albedo to cause temporary cooling, which correctly addresses the interaction between Earth systems as required by the standard."
HS-ESS2-066,Gemini Flash 3,1,"The answer accurately explains how changing the Earth's surface from vegetated to impervious affects the hydrosphere by increasing runoff and flooding, which directly demonstrates the interaction between Earth systems as required by the standard."
HS-ESS2-067,OSS 120b,1,"The answer correctly explains the positive feedback loop where loss of vegetation reduces transpiration and soil moisture, leading to less rainfall and further plant loss, matching the standard."
HS-ESS2-067,Nemotron 3 Super 120b a12,1,"The answer accurately explains the positive feedback loop where loss of vegetation reduces transpiration and soil moisture, decreasing rainfall and further killing plants, which aligns with the standard’s requirement to identify surface changes that trigger feedbacks in Earth systems."
HS-ESS2-068,Nemotron 3 Super 120b a12,1,"The answer correctly states that hotter, less dense mantle rock rises and cooler, denser rock sinks, which describes the thermal convection cycle required by the standard."
HS-ESS2-068,OSS 120b,1,"The answer correctly states that the heated, less dense mantle rock rises and the cooler, denser rock above it sinks, describing the convection cycle required by the standard."
HS-ESS2-066,Nemotron 3 Super 120b a12,1,"The answer correctly explains that replacing vegetation with impervious surfaces reduces infiltration, increases runoff, and raises flood height and speed, directly addressing the impact on local flooding."
HS-ESS2-069,OSS 120b,1,"The answer correctly states that without mantle convection the plates would slow dramatically and eventually stop, directly addressing the question."
HS-ESS2-068,Gemini Flash 3,1,The answer accurately describes the movement of mantle rock based on density changes and correctly identifies the resulting convection current as the mechanism for cycling matter.
HS-ESS2-069,Nemotron 3 Super 120b a12,1,"The answer correctly states that tectonic plate movement would slow and cease without mantle convection, which aligns with the understanding that mantle convection drives plate motions."
HS-ESS2-070,Nemotron 3 Super 120b a12,1,"The answer correctly describes how mantle convection drives the formation and outward spreading of new crust at mid‑ocean ridges, which aligns with the standard's focus on modeling Earth's interior thermal convection."
HS-ESS2-069,Gemini Flash 3,1,The answer accurately identifies mantle convection as the primary driver of plate tectonics and correctly predicts the cessation of plate movement if convection were to stop.
HS-ESS2-070,OSS 120b,1,"The answer correctly explains that rising mantle convection currents bring hot material to mid‑ocean ridges, forming new crust that spreads outward as the convection cell moves material away."
HS-ESS2-071,OSS 120b,1,"The answer correctly explains that heating by Earth's interior reduces slab density, allowing it to rejoin mantle convection and complete the matter cycle."
HS-ESS2-071,Nemotron 3 Super 120b a12,1,"The answer correctly explains that the sinking slab is heated, becomes less dense, and can re‑enter mantle convection, describing the thermal‑convection recycling of matter."
HS-ESS2-070,Gemini Flash 3,1,The answer accurately describes how the upwelling branch of a mantle convection cell drives the formation of new crust and seafloor spreading at mid-ocean ridges.
HS-ESS2-071,Gemini Flash 3,1,"The answer accurately describes how thermal energy from the Earth's interior reduces the density of subducted material, allowing it to be re-assimilated into the mantle's convective flow."
HS-ESS2-072,Nemotron 3 Super 120b a12,1,"The answer correctly links the dye’s looping paths to mantle convection cells, describing rising hot rock, lateral spread, cooling, sinking, and matter cycling, which fulfills the standard’s requirement."
HS-ESS2-072,OSS 120b,1,"The answer correctly describes mantle convection as analogous to the looping dye patterns, explaining the rise, lateral flow, cooling, and sinking of rock over geologic time."
HS-ESS2-073,OSS 120b,1,"The answer correctly explains that increased ice and snow raise albedo, reflecting more solar energy and reducing absorption, leading to cooling, which fully addresses the question."
HS-ESS2-072,Gemini Flash 3,1,"The answer accurately describes the mechanism of thermal convection (rising, lateral movement, cooling, and sinking) and how it cycles matter in the mantle, directly addressing both the model and the Earth science standard."
HS-ESS2-073,Nemotron 3 Super 120b a12,1,"The answer correctly explains that more ice and snow increase Earth's albedo, reflecting more solar energy and reducing absorption, which leads to cooling."
HS-ESS2-074,OSS 120b,1,"The answer correctly explains increased infrared absorption, reduced energy loss, and resulting temperature rise, fully addressing the question."
HS-ESS2-073,Gemini Flash 3,1,"The answer correctly identifies that higher ice and snow cover increases albedo, leading to more reflected solar energy and less absorption, which aligns with the energy flow principles in standard HS-ESS2-4."
HS-ESS2-074,Nemotron 3 Super 120b a12,1,"The answer correctly explains that increased CO2 absorbs more outgoing infrared radiation, reduces energy loss to space, and leads to surface warming, which addresses the energy flow change and resulting climate impact required by the standard."
HS-ESS2-074,Gemini Flash 3,1,The answer accurately describes the greenhouse effect mechanism and its impact on Earth's energy budget and surface temperature in accordance with HS-ESS2-4.
HS-ESS2-075,Nemotron 3 Super 120b a12,1,"The answer correctly describes that increased orbital eccentricity leads to larger yearly variations in Earth‑Sun distance and solar energy input, which can drive climate changes such as ice‑age cycles, fully addressing the question."
HS-ESS2-075,OSS 120b,1,"The answer correctly explains that a more elliptical orbit causes larger seasonal variations in solar energy input and links this to potential climate changes, satisfying the standard."
HS-ESS2-076,Nemotron 3 Super 120b a12,1,"The answer correctly identifies that loss of poleward heat transport would make northern Europe colder, aligning with the standard's focus on energy flow variations affecting climate."
HS-ESS2-075,Gemini Flash 3,1,"The answer accurately describes how increased eccentricity enhances seasonal variations in solar distance and energy, correctly linking this mechanism to long-term climate cycles like ice ages."
HS-ESS2-076,OSS 120b,1,"The answer correctly explains that without warm tropical water transport, northern Europe would become colder, linking reduced oceanic heat flow to regional climate change."
HS-ESS2-077,Nemotron 3 Super 120b a12,1,"The answer correctly identifies that asphalt’s lower albedo and higher heat capacity increase absorbed solar energy and surface heat storage, leading to higher local temperatures via the urban heat island effect."
HS-ESS2-076,Gemini Flash 3,1,The answer accurately identifies the resulting cooling effect and explains it using the correct mechanism of reduced thermal energy transport via ocean currents.
HS-ESS2-077,Gemini Flash 3,1,The answer accurately describes the change in energy absorption and heat storage caused by land cover changes and correctly identifies the resulting temperature increase and the urban heat island effect.
HS-ESS2-077,OSS 120b,1,"The answer correctly explains that replacing green parks with asphalt increases solar absorption and heat storage, altering the local energy balance and leading to higher temperatures, which aligns with the standard."
HS-ESS2-078,OSS 120b,1,"The answer correctly explains that repeated freezing expands water, exerts pressure, widens cracks, and eventually fractures the rock via frost wedging, fully addressing the what and why."
HS-ESS2-078,Nemotron 3 Super 120b a12,1,"The answer correctly explains that water's ~9% expansion on freezing exerts pressure in cracks, widening them each freeze‑thaw cycle until the rock fractures, which is frost wedging."
HS-ESS2-078,Gemini Flash 3,1,"The answer accurately describes the process of frost wedging, explaining both the physical outcome and the specific property of water (expansion upon freezing) that causes it."
HS-ESS2-080,Nemotron 3 Super 120b a12,1,"The answer correctly identifies the bare hillside as experiencing more erosion and explains the role of plant roots and foliage in stabilizing soil and reducing runoff, which aligns with the standard's focus on water's effects on Earth materials."
HS-ESS2-079,OSS 120b,1,"The answer correctly links water's cohesion, surface tension, and capillary retention in fine clay particles to increased soil cohesion and reduced erosion, contrasting it with coarse sandy soil."
HS-ESS2-079,Nemotron 3 Super 120b a12,1,"The answer correctly links water's cohesion, surface tension, and capillary retention in clay pores to increased soil cohesion and reduced erosion, addressing the standard."
HS-ESS2-080,Gemini Flash 3,1,"The answer accurately identifies that a bare hillside erodes more and provides clear, scientifically sound reasons such as root binding, rainfall interception, and runoff speed that align with high school science standards."
HS-ESS2-080,OSS 120b,1,"The answer correctly identifies the bare hillside as experiencing more erosion and explains the key processes (root stabilization, rainfall interception, reduced runoff energy) that account for the difference."
HS-ESS2-081,Nemotron 3 Super 120b a12,1,"The answer correctly explains that decreasing water velocity causes sediment deposition with coarse particles settling first, leading over time to a floodplain or alluvial fan, which aligns with the investigation of water’s effects on Earth materials and surface processes."
HS-ESS2-079,Gemini Flash 3,1,The answer accurately identifies how water's properties of cohesion and surface tension interact with small pore spaces in clay to create a cohesive structure that resists erosion more effectively than coarse sand.
HS-ESS2-081,Gemini Flash 3,1,"The answer accurately describes the physical process of sediment deposition based on water velocity and correctly identifies the resulting landforms, satisfying the requirements of the standard."
HS-ESS2-083,Nemotron 3 Super 120b a12,1,"The answer correctly identifies that burning releases stored carbon and removes a photosynthetic sink, leading to a short‑term increase in atmospheric CO₂."
HS-ESS2-082,Gemini Flash 3,1,The answer accurately describes how increased salinity increases water density and explains the resulting role in driving thermohaline circulation.
HS-ESS2-082,Nemotron 3 Super 120b a12,1,"The answer correctly states that increased salinity raises density, leading to sinking of surface water and driving thermohaline circulation, which adequately addresses the question's focus on water density effects and surface processes."
HS-ESS2-082,OSS 120b,1,"The answer correctly states that increased salinity raises density and that the resulting sinking of denser surface water drives thermohaline circulation (downwelling/upwelling), addressing the question."
HS-ESS2-081,OSS 120b,0,"The answer correctly states that sediment will be deposited as velocity decreases, but it incorrectly suggests an alluvial fan rather than the more appropriate floodplain for a wide, flat valley."
HS-ESS2-083,OSS 120b,1,The answer correctly explains that atmospheric CO₂ would rise in the short term due to carbon release from burning and the loss of photosynthetic uptake.
HS-ESS2-083,Gemini Flash 3,1,The answer accurately explains that CO2 levels increase due to both the direct release of carbon from combustion and the loss of the photosynthetic sink.
HS-ESS2-084,OSS 120b,1,"The answer correctly explains that increased atmospheric CO₂ will be absorbed by the ocean, forming carbonic acid and lowering pH, which aligns with the carbon cycle and predicted chemical change."
HS-ESS2-084,Nemotron 3 Super 120b a12,1,"The answer correctly states that excess atmospheric CO₂ will be absorbed by the ocean, forming carbonic acid and lowering pH (ocean acidification), which accurately reflects the hydrosphere's role as a carbon sink in the carbon cycle."
HS-ESS2-084,Gemini Flash 3,1,The answer accurately describes the process of ocean acidification and correctly identifies the transfer of carbon from the atmosphere to the hydrosphere as a sink.
HS-ESS2-085,Gemini Flash 3,1,The answer accurately describes the role of phytoplankton in the biological pump and correctly predicts the impact of a population decrease on carbon sequestration.
HS-ESS2-085,Nemotron 3 Super 120b a12,0,"The answer correctly states the direction of change but does not provide a quantitative model or estimate of how much carbon transfer would change, as required by HS‑ESS2‑6."
HS-ESS2-085,OSS 120b,1,"The answer correctly explains that a 50% decline in phytoplankton reduces CO₂ uptake and the biological pump, leading to less carbon transferred to the deep ocean."
HS-ESS2-086,Nemotron 3 Super 120b a12,1,"The answer correctly explains the seasonal CO₂ pattern via summer photosynthetic uptake and winter respiration/decomposition, which aligns with the carbon cycle's biosphere‑atmosphere exchange described in the standard."
HS-ESS2-086,OSS 120b,1,"The answer correctly attributes summer CO₂ drops to increased photosynthesis and winter rises to reduced plant activity and continued decomposition, adequately explaining the seasonal cycle."
HS-ESS2-087,Nemotron 3 Super 120b a12,1,"The answer correctly describes permafrost thaw leading to microbial decomposition and release of greenhouse gases, which is a key impact on the global carbon cycle."
HS-ESS2-087,OSS 120b,1,"The answer correctly explains that thawing permafrost releases stored carbon as CO₂ and methane, impacting the global carbon cycle and creating a warming feedback."
HS-ESS2-088,Nemotron 3 Super 120b a12,1,"The answer correctly links the rise of oxygen from cyanobacteria to the toxic effect on anaerobes, the Great Oxidation Event, and the concurrent reshaping of both biosphere and atmosphere, fulfilling the coevolution argument required by HS‑ESS2‑7."
HS-ESS2-088,OSS 120b,1,"The answer correctly predicts that rising oxygen was toxic to anaerobes, leading to their decline/extinction and ties it to the coevolution of Earth's systems and life."
HS-ESS2-087,Gemini Flash 3,1,The answer accurately describes the mechanism of carbon transfer from the geosphere to the atmosphere and correctly identifies the resulting positive feedback loop.
HS-ESS2-088,Gemini Flash 3,1,"The answer accurately describes the Great Oxidation Event and its catastrophic impact on anaerobic life, which directly illustrates the coevolution of Earth's atmosphere and biosphere."
HS-ESS2-089,OSS 120b,1,"The answer correctly predicts CO₂ would rise and temperatures would increase due to loss of plant photosynthesis, providing a valid cause‑effect argument linking biological loss to atmospheric and climate changes."
HS-ESS2-089,Nemotron 3 Super 120b a12,1,"The answer correctly predicts that loss of plant photosynthesis would cause atmospheric CO₂ to rise and global temperatures to increase over thousands of years, consistent with evidence of coevolution between Earth's biosphere and climate."
HS-ESS2-090,Nemotron 3 Super 120b a12,1,"The answer correctly explains that lack of lignin decomposers led to burial of woody carbon as coal, removing CO₂ from the atmosphere and influencing climate, which directly addresses carbon storage in the geosphere."
HS-ESS2-090,OSS 120b,1,"The answer accurately explains that limited decomposition led to massive burial of woody carbon as coal, increasing carbon storage in the geosphere and reducing atmospheric CO₂."
HS-ESS2-089,Gemini Flash 3,1,"The answer correctly identifies that removing land plants eliminates a major carbon sink, leading to increased atmospheric CO2 and a subsequent rise in global temperatures through the greenhouse effect."
HS-ESS2-090,Gemini Flash 3,1,"The answer correctly identifies the link between the lack of wood decomposition and the resulting massive carbon burial in the geosphere as coal, accurately reflecting the coevolutionary relationship between the biosphere and geosphere."
HS-ESS2-091,OSS 120b,1,"The answer correctly predicts higher dissolved carbonate and increased alkalinity in seawater and a reduction in carbonate sedimentary rocks on the seafloor, addressing both chemistry and rock composition."
HS-ESS2-091,Nemotron 3 Super 120b a12,1,"The answer correctly links the absence of calcifying organisms to increased seawater alkalinity and reduced carbonate rock formation, illustrating life‑geosphere coevolution."
HS-ESS3-001,Nemotron 3 Super 120b a12,1,The answer accurately defines sea level rise and correctly identifies thermal expansion of seawater and melting of glaciers/ice sheets as the primary causes of current sea level rise due to climate change.
HS-ESS3-001,OSS 120b,1,The answer correctly defines sea level rise and accurately identifies thermal expansion and melting ice as its primary causes under current climate change.
HS-ESS2-091,Gemini Flash 3,1,"The answer accurately predicts the increase in dissolved carbonate leading to higher alkalinity and the resulting decrease in biogenic limestone formation, correctly linking the biosphere to the hydrosphere and geosphere."
HS-ESS3-002,Nemotron 3 Super 120b a12,1,"The answer correctly defines carrying capacity as the maximum sustainable population size supported by available natural resources, which directly addresses the question."
HS-ESS3-002,Gemini Flash 3,1,The definition provided accurately reflects the ecological concept of carrying capacity in the context of resource limits and population sustainability as required by the standard.
HS-ESS3-002,OSS 120b,1,"The answer accurately defines carrying capacity as the maximum sustainable human population supported by available natural resources, directly addressing the question."
HS-ESS3-003,Nemotron 3 Super 120b a12,1,"The answer accurately defines externality and provides relevant examples, fully addressing the question."
HS-ESS3-003,OSS 120b,1,"The answer correctly defines an externality as a cost or benefit affecting third parties and notes that such impacts (e.g., environmental or health damage) are not captured in market prices, which fully addresses the question."
HS-ESS3-004,Nemotron 3 Super 120b a12,1,The reference answer accurately defines a strategic mineral reserve as a government‑maintained stockpile of critical minerals to guard against supply disruptions.
HS-ESS3-003,Gemini Flash 3,1,"The answer accurately defines externalities and provides relevant examples within the context of energy resource management, aligning well with the requirements of the standard."
HS-ESS3-004,OSS 120b,1,"The answer accurately defines a strategic mineral reserve, covering its purpose, ownership, and relevance to national security and supply continuity."
HS-ESS3-005,Nemotron 3 Super 120b a12,1,"The reference answer correctly and succinctly defines hydraulic fracturing as the injection of high‑pressure fluid to fracture rock and improve oil or natural gas extraction, which fully answers the question."
HS-ESS3-005,OSS 120b,1,"The answer accurately defines hydraulic fracturing as the injection of high-pressure fluid to fracture rock and release oil or gas, providing a correct and sufficient description."
HS-ESS3-001,Gemini Flash 3,1,The answer accurately defines sea level rise and correctly identifies its primary drivers—thermal expansion and the melting of land-based ice—providing a complete and scientifically sound response to the question.
HS-ESS3-006,Nemotron 3 Super 120b a12,1,"The answer accurately defines a subsidy as government financial assistance that reduces costs, which is correct and sufficient for the high‑school standard."
HS-ESS3-006,OSS 120b,1,"The answer correctly defines a subsidy as government financial assistance that lowers production or purchase costs, directly addressing the term's meaning in energy resource development."
HS-ESS3-005,Gemini Flash 3,1,The answer accurately and concisely defines the technical process of hydraulic fracturing as it relates to energy resource extraction.
HS-ESS3-006,Gemini Flash 3,1,"The answer accurately defines the term and explains its role in determining the economic feasibility of energy resources, which is essential for evaluating design solutions under standard HS-ESS3-2."
HS-ESS3-007,Nemotron 3 Super 120b a12,0,"The answer incorrectly defines a mineral resource as the total known concentration in Earth's crust, ignoring the requirement that resources only include concentrations with reasonable prospects for economic extraction."
HS-ESS3-007,Gemini Flash 3,1,"The answer accurately distinguishes between the total identified occurrence (resource) and the subset that is currently profitable to mine (reserve), which is essential for understanding cost-benefit ratios in resource management."
HS-ESS3-007,OSS 120b,1,The answer correctly distinguishes a mineral resource as the total known concentration and a mineral reserve as the economically and technically extractable portion under current conditions.
HS-ESS3-008,Nemotron 3 Super 120b a12,1,"The answer correctly defines an ecosystem service as a human benefit from natural ecosystems and provides relevant examples, which is sufficient for the question."
HS-ESS3-008,OSS 120b,1,"The answer accurately defines ecosystem services as human benefits from ecosystems and gives relevant examples, meeting the question's requirements."
HS-ESS3-009,Nemotron 3 Super 120b a12,1,"The answer accurately defines bioremediation as a technological process that uses living organisms to break down or neutralize pollutants in soil or water, directly addressing the standard’s focus on technological solutions that reduce human impacts on natural systems."
HS-ESS3-008,Gemini Flash 3,1,"The answer provides an accurate and concise definition of ecosystem services with relevant examples, which is a fundamental concept for understanding the relationships outlined in the standard."
HS-ESS3-009,OSS 120b,1,"The answer accurately defines bioremediation as a technology using living organisms to degrade pollutants, fitting the question and standard."
HS-ESS3-009,Gemini Flash 3,1,"The definition accurately identifies the organisms, methods, and environmental restoration goals of bioremediation, providing a sufficient foundation for evaluating it as a technological solution under standard HS-ESS3-4."
HS-ESS3-010,Nemotron 3 Super 120b a12,1,"The answer accurately defines a riparian buffer and describes its purpose, meeting the question's requirements."
HS-ESS3-010,OSS 120b,1,"The answer correctly defines a riparian buffer and its function in reducing runoff, erosion, and water pollution, fulfilling the question and standard."
HS-ESS3-010,Gemini Flash 3,1,"The answer accurately defines a riparian buffer and correctly identifies its primary functions in mitigating human-induced environmental impacts, aligning well with the requirements of the standard."
HS-ESS3-011,Nemotron 3 Super 120b a12,1,"The answer correctly defines carbon capture and storage and explains its purpose, fully addressing the question."
HS-ESS3-011,OSS 120b,1,"The answer accurately defines CCS as capturing CO₂ emissions before atmospheric release and storing them underground, which adequately addresses the term for the given standard."
HS-ESS3-012,Nemotron 3 Super 120b a12,1,The answer accurately defines green infrastructure for stormwater management and provides appropriate examples and mechanisms.
HS-ESS3-011,Gemini Flash 3,1,"The reference answer accurately defines the process, storage method, and purpose of carbon capture and storage in a way that aligns with high-school science standards."
HS-ESS3-012,OSS 120b,1,"The answer accurately defines green infrastructure for stormwater management, gives appropriate examples, and explains how it reduces runoff and water pollution."
HS-ESS3-013,Nemotron 3 Super 120b a12,1,"The reference answer accurately defines an environmental impact assessment as a formal pre‑approval process for evaluating environmental effects of a proposed project or solution to help minimize harm, which fully addresses the question."
HS-ESS3-012,Gemini Flash 3,1,"The answer accurately defines green infrastructure, provides specific examples, and explains its function in reducing the impact of human activities on natural waterways, aligning with the standard."
HS-ESS3-013,OSS 120b,1,"The answer correctly defines an EIA as a formal process to evaluate potential environmental effects of proposed projects, aligning with the standard."
HS-ESS3-013,Gemini Flash 3,1,The answer provides a technically accurate and comprehensive definition of an EIA that aligns with the standard's focus on evaluating solutions to minimize human impact on natural systems.
HS-ESS3-014,OSS 120b,1,"The answer correctly defines radiative forcing as a change in atmospheric energy flux due to natural or human influences and notes the warming/cooling implication of positive/negative forcing, which adequately addresses the question."
HS-ESS3-014,Nemotron 3 Super 120b a12,1,"The answer correctly defines radiative forcing as a change in energy flux caused by natural or anthropogenic factors, noting that positive forcing leads to warming and negative to cooling, which captures the essential concept needed for the standard."
HS-ESS3-014,Gemini Flash 3,1,"The definition accurately captures the core scientific meaning of radiative forcing and its role in climate change, which is essential for analyzing the climate models mentioned in the standard."
HS-ESS3-015,OSS 120b,1,The answer correctly identifies the primary data from ice cores—trapped gas samples for greenhouse gas concentrations and isotopic ratios for temperature reconstructions—fulfilling the question.
HS-ESS3-015,Nemotron 3 Super 120b a12,1,The answer correctly identifies atmospheric gas concentrations and isotopic temperature proxies as key geoscience data obtained from ice cores.
HS-ESS3-015,Gemini Flash 3,1,"The answer accurately identifies the key types of data extracted from ice cores, including atmospheric gas concentrations and isotopic temperature proxies, which are essential for climate reconstruction."
HS-ESS3-016,Nemotron 3 Super 120b a12,1,"The answer accurately defines RCPs as greenhouse gas concentration trajectories used in climate models to represent future emissions scenarios, providing appropriate examples, which satisfies the question."
HS-ESS3-016,Gemini Flash 3,1,The answer accurately defines RCPs as greenhouse gas concentration trajectories and provides clear examples of different emission scenarios relevant to climate modeling.
HS-ESS3-017,Nemotron 3 Super 120b a12,1,"The answer correctly defines a computational model and explains its uses—analyzing data, identifying patterns, and predicting impacts of human‑induced changes—aligning with the standard’s focus on representing Earth‑system relationships and their modification by human activity."
HS-ESS3-016,OSS 120b,1,The answer accurately defines an RCP as a greenhouse gas concentration trajectory used in climate models and gives appropriate examples of low- and high-emission scenarios.
HS-ESS3-017,OSS 120b,1,"The answer correctly explains that computational models simulate Earth system behavior, allowing scientists to analyze data, discern patterns, and predict impacts of changes such as CO₂ emissions, matching the standard."
HS-ESS3-018,Nemotron 3 Super 120b a12,1,"The answer correctly distinguishes positive and negative feedback loops with appropriate examples, meeting the standard's requirement."
HS-ESS3-018,OSS 120b,1,"The answer correctly defines positive and negative feedback loops in the climate system and provides appropriate examples, adequately addressing the question."
HS-ESS3-017,Gemini Flash 3,1,"The answer accurately defines computational models and explains their application in analyzing system interactions and predicting human-induced changes, which aligns perfectly with HS-ESS3-6."
HS-ESS3-018,Gemini Flash 3,1,The answer provides accurate definitions and relevant examples for both positive and negative feedback loops within the context of Earth's climate system.
HS-ESS3-019,Nemotron 3 Super 120b a12,1,"The answer correctly identifies key natural resources (fresh water, fertile soil, transportation) that explain settlement patterns near rivers and coastlines, addressing the question adequately."
HS-ESS3-019,OSS 120b,1,"The answer correctly explains that access to water, fertile soils, and transport routes makes rivers and coastlines favorable for large settlements, aligning with the standard."
HS-ESS3-019,Gemini Flash 3,1,"The answer accurately identifies key natural resources provided by water bodies and explains how they facilitate agriculture, trade, and survival, which directly aligns with the standard's focus on resources influencing human activity."
HS-ESS3-020,OSS 120b,1,"The answer correctly explains that frequent eruptions create hazards that deter settlement in the most active zones, while fertile volcanic soils encourage people to live on lower slopes despite the risk, meeting the standard's expectations."
HS-ESS3-020,Nemotron 3 Super 120b a12,1,"The answer correctly explains that frequent eruptions create hazards that deter settlement near active zones while fertile volcanic soils attract people to lower slopes, showing how natural hazards and resources influence human activity on volcanic islands."
HS-ESS3-020,Gemini Flash 3,1,"The answer accurately identifies both the safety risks that deter settlement and the agricultural benefits of fertile volcanic soil that attract it, directly addressing the influence of natural hazards on human activity."
HS-ESS3-021,OSS 120b,1,"The answer correctly explains how freshwater scarcity drives infrastructure development, conservation, migration, trade, and population control, aligning with the standard."
HS-ESS3-021,Nemotron 3 Super 120b a12,1,"The answer correctly identifies how limited freshwater drives environmental modifications (infrastructure, reservoirs) and behavioral changes (conservation, migration, trade, population limits), fully addressing the standard's focus on resource availability influencing human activity."
HS-ESS3-021,Gemini Flash 3,1,"The answer accurately identifies both environmental modifications and behavioral adaptations that occur in response to freshwater scarcity, fulfilling the requirements of the standard."
HS-ESS3-022,Nemotron 3 Super 120b a12,1,"The answer correctly explains that earthquake risk drives building code requirements for flexible, reinforced designs and city planning actions like limiting construction in unstable soils and establishing emergency response systems."
HS-ESS3-022,OSS 120b,1,"The answer accurately explains that earthquake risk leads to stricter building codes with seismic‑resistant designs and influences city planning through zoning restrictions and emergency preparedness, meeting the question's requirements."
HS-ESS3-023,Nemotron 3 Super 120b a12,1,"The answer correctly explains that drought lowers soil moisture below what water‑intensive crops need, causing failure and prompting farmers to switch to drought‑tolerant crops or abandon farming when it becomes uneconomical."
HS-ESS3-022,Gemini Flash 3,1,The answer accurately describes how earthquake hazards influence human infrastructure and planning through specific engineering requirements and land-use regulations.
HS-ESS3-023,Gemini Flash 3,1,"The answer accurately explains the relationship between drought, crop survival, and economic viability, directly addressing how natural hazards influence human agricultural decisions as per the standard."
HS-ESS3-023,OSS 120b,1,"The answer correctly explains that prolonged drought lowers soil moisture, making water‑intensive crops unsustainable and prompting farmers to switch to drought‑tolerant crops or cease farming due to economic unviability."
HS-ESS3-024,OSS 120b,1,"The answer correctly explains that geographic variations in wind speed (and solar radiation) affect energy output and thus the cost‑benefit ratio, addressing why location is crucial for wind farms compared to solar farms."
HS-ESS3-024,Nemotron 3 Super 120b a12,1,"The answer correctly notes that geographic variation in wind speed and solar irradiance determines energy output and thus cost‑benefit ratio, explaining why a wind farm’s siting matters relative to a solar farm’s."
HS-ESS3-025,Nemotron 3 Super 120b a12,1,"The answer accurately defines EROI and explains how a higher EROI indicates greater net energy benefit, which is directly relevant to evaluating cost‑benefit ratios of competing designs."
HS-ESS2-039,Gemini Flash 3,1,"The answer accurately describes the mechanisms of mantle drag, ridge push, and slab pull, which are the primary ways thermal convection drives tectonic plate movement."
HS-ESS3-025,OSS 120b,1,"The answer correctly explains that EROI indicates net energy gain, making higher‑EROI designs more efficient and advantageous in cost‑benefit evaluations of resource extraction."
HS-ESS3-025,Gemini Flash 3,1,The answer accurately defines EROI and correctly explains its significance in cost-benefit analysis as a measure of net energy efficiency for society.
HS-ESS3-026,Nemotron 3 Super 120b a12,1,"The answer correctly explains that overharvesting disrupts food‑web interactions, causing trophic cascades that reduce populations of other species."
HS-ESS3-026,OSS 120b,1,The answer correctly explains that ecosystem interconnections and trophic cascades cause declines in other species when one is overharvested.
HS-ESS3-026,Gemini Flash 3,1,The answer accurately identifies that ecological interconnectedness through food webs and trophic cascades explains why the management of one species impacts the broader biodiversity of an ecosystem.
HS-ESS3-027,Nemotron 3 Super 120b a12,1,"The answer correctly explains that deforestation fragments habitat corridors, isolating populations and increasing extinction risk, which reduces biodiversity even in distant forest patches."
HS-ESS3-027,OSS 120b,1,"The answer correctly explains that deforestation fragments habitat corridors, isolating populations and increasing extinction risk even in distant forest patches."
HS-ESS3-027,Gemini Flash 3,1,The answer accurately explains how habitat fragmentation and the loss of connectivity lead to biodiversity decline in isolated patches beyond the immediate area of deforestation.
HS-ESS3-028,Nemotron 3 Super 120b a12,1,"The answer correctly explains how no‑till farming preserves soil structure, reduces erosion and runoff, maintains microbial communities and organic matter, and keeps carbon sequestered, directly addressing how this technological solution lessens human impacts on natural soil systems."
HS-ESS3-024,Gemini Flash 3,1,The answer correctly identifies that geographic variation in resource availability (wind speed vs. solar radiation) is the primary factor determining the energy output and the resulting cost-benefit ratio for these energy technologies.
HS-ESS3-028,OSS 120b,1,"The answer correctly explains how no‑till farming preserves soil structure, microbial life, organic matter, reduces erosion and runoff, and keeps carbon sequestered, fully addressing why it protects soil systems."
HS-ESS3-029,Nemotron 3 Super 120b a12,1,"The answer correctly explains that fish ladders restore migratory fish passage around dams, thereby reducing dam impacts on river ecosystems."
HS-ESS3-028,Gemini Flash 3,1,"The answer accurately describes the mechanisms by which no-till farming preserves soil structure, biodiversity, and carbon sequestration while reducing erosion compared to conventional tilling."
HS-ESS3-029,OSS 120b,1,"The answer correctly explains that fish ladders provide a passage for migratory fish to bypass dams, preserving populations and ecological processes, thereby reducing dam impacts."
HS-ESS3-030,Nemotron 3 Super 120b a12,1,"The answer correctly explains that native plants re‑establish ecological interactions and improve soil health, directly addressing how restoration aids natural system recovery."
HS-ESS3-029,Gemini Flash 3,1,The answer accurately describes the mechanism of fish ladders and explains how they mitigate the specific ecological impact of dams on migratory fish populations.
HS-ESS3-030,OSS 120b,1,"The answer correctly explains how native plant restoration improves soil, reduces erosion, restores nutrient cycles, and re‑establishes ecological interactions, addressing the question fully."
HS-ESS3-031,Nemotron 3 Super 120b a12,1,"The answer accurately describes the greenhouse‑gas mechanism by which CO₂ traps infrared radiation, which correctly explains why increased CO₂ raises global temperatures and is sufficient for a high‑school level explanation."
HS-ESS3-030,Gemini Flash 3,1,"The answer accurately explains how native plants restore ecological relationships and physical soil properties, addressing the mechanisms of a common technological solution for land restoration."
HS-ESS3-031,OSS 120b,1,"The answer accurately explains that increased CO2 enhances the greenhouse effect by absorbing and re‑emitting infrared radiation, thereby trapping heat and raising global temperatures, which satisfies the standard."
HS-ESS3-032,Nemotron 3 Super 120b a12,1,"The answer correctly explains that using multiple models with different assumptions reduces individual model errors and yields a more reliable range of projected outcomes, which aligns with HS‑ESS3‑5."
HS-ESS3-032,OSS 120b,1,"The answer correctly explains that using an ensemble of models mitigates individual model biases and errors, yielding a more reliable and robust projection."
HS-ESS3-031,Gemini Flash 3,1,The answer accurately describes the greenhouse effect mechanism by which CO2 absorbs and re-radiates infrared radiation to increase surface temperatures.
HS-ESS3-033,Nemotron 3 Super 120b a12,1,"The answer correctly explains the ice-albedo feedback mechanism, showing why melting sea ice amplifies warming, which is accurate and sufficiently complete for a high‑school level response."
HS-ESS3-033,OSS 120b,1,"The answer correctly explains the ice‑albedo feedback, showing how melt exposes darker water that absorbs more sunlight and amplifies warming."
HS-ESS3-032,Gemini Flash 3,1,The answer accurately identifies that ensemble modeling mitigates individual model biases and provides a more robust range of uncertainty for climate projections.
HS-ESS2-051,Gemini Flash 3,1,The answer accurately describes the physical and biological processes by which the ocean absorbs carbon dioxide and correctly identifies its role as a critical carbon sink.
HS-ESS3-034,OSS 120b,1,"The answer correctly explains that ice cores preserve ancient atmospheric gases and isotopic temperature proxies, which are key reasons scientists study them for past climate change."
HS-ESS3-034,Nemotron 3 Super 120b a12,1,"The answer correctly explains that ice cores provide trapped air bubbles for past greenhouse gas measurements and oxygen‑isotope ratios for temperature reconstructions, fully addressing why scientists study them."
HS-ESS3-033,Gemini Flash 3,1,"The answer accurately describes the ice-albedo feedback mechanism, explaining how the reduction in reflectivity leads to increased heat absorption and further warming."
HS-ESS3-035,Nemotron 3 Super 120b a12,1,"The answer correctly explains that warming seawater expands (thermal expansion), raising sea level before significant ice melt occurs."
HS-ESS3-034,Gemini Flash 3,1,"The answer accurately explains how ice cores provide both direct samples of ancient atmospheres and indirect temperature data, which are essential for modeling climate change as required by the standard."
HS-ESS3-035,OSS 120b,1,The answer correctly identifies thermal expansion of seawater as the primary reason sea level rises prior to major ice sheet melt.
HS-ESS3-036,Nemotron 3 Super 120b a12,1,"The answer correctly describes the greenhouse effect mechanism by which increased CO2 retains heat, directly addressing the question."
HS-ESS3-035,Gemini Flash 3,1,"The answer accurately identifies thermal expansion as the primary mechanism for sea level rise caused by increasing ocean temperatures, independent of glacial melting."
HS-ESS3-036,OSS 120b,1,"The answer correctly explains that CO2’s greenhouse effect traps infrared radiation, so higher CO2 levels retain more heat and raise global temperatures."
HS-ESS3-037,Nemotron 3 Super 120b a12,1,"The answer correctly explains how deforestation reduces transpiration, lowers regional precipitation, and increases runoff and erosion, linking biosphere, atmosphere, and hydrosphere changes due to human activity."
HS-ESS3-037,OSS 120b,1,"The answer accurately explains how removing trees reduces transpiration, lowers precipitation, and increases runoff and erosion, correctly describing deforestation's disruption of the water cycle."
HS-ESS3-036,Gemini Flash 3,1,"The answer accurately describes the greenhouse effect mechanism, explaining how CO2 absorbs and re-radiates infrared radiation to increase heat retention in the atmosphere."
HS-ESS3-038,OSS 120b,1,"The answer correctly explains that CO₂ emitted into the atmosphere from fossil‑fuel combustion partly dissolves in the ocean, forming carbonic acid and lowering pH, thereby linking atmospheric and oceanic changes."
HS-ESS3-038,Nemotron 3 Super 120b a12,1,"The answer correctly explains that burning fossil fuels releases CO₂ into the atmosphere, which partially dissolves in the ocean forming carbonic acid and lowering pH, thereby affecting both systems simultaneously."
HS-ESS3-039,Nemotron 3 Super 120b a12,1,"The answer correctly explains that urban development replaces permeable soils and vegetation with impervious surfaces, reducing infiltration and increasing rapid runoff that overwhelms drainage, thus raising flood risk."
HS-ESS3-037,Gemini Flash 3,1,"The answer accurately describes how deforestation affects the water cycle through reduced transpiration and increased runoff, clearly illustrating the interactions between the biosphere, atmosphere, and hydrosphere."
HS-ESS3-038,Gemini Flash 3,1,"The answer accurately explains the mechanism of carbon dioxide transfer between the atmosphere and the ocean, effectively demonstrating the interaction between Earth systems as required by the standard."
HS-ESS3-040,Nemotron 3 Super 120b a12,1,The answer correctly explains the albedo feedback mechanism linking melting sea ice to increased warming.
HS-ESS3-039,OSS 120b,1,"The answer correctly explains that natural vegetation promotes infiltration while urban impervious surfaces increase runoff and overwhelm drainage, thus raising flood risk."
HS-ESS3-040,OSS 120b,1,"The answer correctly explains the albedo feedback mechanism, showing how loss of reflective ice exposes darker water that absorbs more heat and leads to further melting, which fully addresses the question."
HS-ESS3-039,Gemini Flash 3,1,"The answer accurately describes how urban surfaces increase flood risk by reducing infiltration and increasing runoff, which directly addresses the relationship between human-modified systems and the hydrosphere."
HS-ESS3-041,OSS 120b,1,"The answer correctly identifies historically documented Dust Bowl adaptations—drought‑resistant crops, soil conservation (contour plowing, cover crops) and reduced tillage—and thus provides a valid, complete prediction."
HS-ESS3-040,Gemini Flash 3,1,"The answer accurately describes the ice-albedo feedback mechanism, explaining how changing surface reflectivity affects solar energy absorption and creates a positive feedback loop."
HS-ESS3-042,OSS 120b,1,"The answer correctly identifies stricter, hurricane‑resistant building codes and land‑use changes such as restricting development in flood‑prone areas, which directly addresses how repeated hurricanes would shape policy."
HS-ESS3-041,Nemotron 3 Super 120b a12,1,"The answer correctly identifies post‑Dust Bowl farming adaptations (drought‑resistant crops, contour plowing, cover cropping, reduced tillage) that directly respond to a prolonged drought, satisfying the standard."
HS-ESS3-042,Nemotron 3 Super 120b a12,1,"The answer correctly describes how repeated hurricanes would lead to stricter building codes, land-use restrictions, and protective infrastructure, aligning with the standard."
HS-ESS3-041,Gemini Flash 3,1,"The answer accurately identifies historically significant agricultural adaptations, such as contour plowing and reduced tilling, that directly address the environmental challenges posed by the Dust Bowl."
HS-ESS3-042,Gemini Flash 3,1,"The answer accurately describes typical regulatory and planning responses to recurring natural hazards, directly addressing the relationship between environmental events and human activity as required by the standard."
HS-ESS3-043,OSS 120b,1,"The answer correctly explains that fertile soil and freshwater rivers supported agriculture, water supply, and trade, which accounts for the concentration of early cities in river valleys."
HS-ESS3-043,Nemotron 3 Super 120b a12,1,"The answer correctly explains how fertile soil and freshwater rivers supported agriculture, water supply, transportation, and trade, leading to dense early settlements, directly addressing the question."
HS-ESS3-043,Gemini Flash 3,1,"The answer accurately identifies how specific resources enabled agriculture and trade, leading to the development of major early civilizations, which directly addresses the standard and the question."
HS-ESS3-044,OSS 120b,1,"The answer correctly explains that Iceland's abundant geothermal resource leads to widespread use of geothermal heating and electricity, reducing fossil fuel reliance, and contrasts this with countries lacking geothermal resources that must depend on other energy sources."
HS-ESS3-044,Nemotron 3 Super 120b a12,1,"The answer correctly explains that Iceland uses geothermal energy for most heating and a significant share of electricity, reducing fossil fuel dependence, while a country lacking geothermal resources relies more heavily on coal, oil, natural gas, or other sources."
HS-ESS3-045,OSS 120b,1,"The answer correctly explains that earthquake hazards lead to stricter seismic building codes, flexible foundations, and reinforced materials in San Francisco, contrasting with the lack of such measures in stable regions."
HS-ESS3-044,Gemini Flash 3,1,"The answer accurately describes how Iceland utilizes its geothermal resources for heating and electricity to reduce fossil fuel dependence, providing a clear contrast to countries lacking these resources as required by the standard."
HS-ESS3-045,Nemotron 3 Super 120b a12,1,"The answer correctly explains that earthquake hazard drives San Francisco's strict seismic building codes and contrasts it with cities in stable regions, providing an adequate explanation for the standard."
HS-ESS3-045,Gemini Flash 3,1,The answer accurately explains how the natural hazard of earthquakes necessitates specific engineering and regulatory adaptations in San Francisco that are not required in geologically stable areas.
HS-ESS3-046,Nemotron 3 Super 120b a12,1,"The reference answer correctly identifies that depletion of the silver deposit removed the town's economic base, leading to population decline, business closures, and possible abandonment, which directly answers the question about economic changes."
HS-ESS3-046,OSS 120b,1,"The answer accurately predicts that depletion of the silver resource would cause economic decline, population loss, business closures, and potentially turn the town into a ghost town, aligning with the standard."
HS-ESS3-046,Gemini Flash 3,1,"The answer accurately describes the typical socio-economic consequences of resource depletion in a mining-dependent town, directly addressing the standard's focus on how resource availability influences human activity."
HS-ESS3-047,OSS 120b,1,"The answer correctly identifies the wind farm as the more favorable option over 30 years due to lower long-term costs and avoided environmental impacts, aligning with the cost-benefit analysis requirement."
HS-ESS3-047,Nemotron 3 Super 120b a12,1,"The answer correctly identifies that the wind farm’s lower long‑term fuel and avoided pollution/health costs outweigh its higher upfront expense, giving it a better cost‑benefit ratio over 30 years, which directly addresses the HS‑ESS3‑2 standard."
HS-ESS3-047,Gemini Flash 3,1,The answer correctly applies cost-benefit principles by weighing initial capital against long-term operational and external costs to determine the most favorable energy solution.
HS-ESS3-048,OSS 120b,1,The answer correctly explains using energy output per dollar (via levelized cost of energy) to compare the cost‑benefit ratios of offshore versus onshore turbines.
HS-ESS3-048,Nemotron 3 Super 120b a12,1,"The answer correctly describes using levelized cost of energy to compare offshore and onshore turbines, addressing the cost-benefit ratio evaluation required by the standard."
HS-ESS3-048,Gemini Flash 3,1,The answer correctly identifies that comparing the ratio of energy output to total costs allows engineers to determine if the increased efficiency of offshore turbines justifies their higher financial investment.
HS-ESS3-049,OSS 120b,1,"The answer correctly explains that carbon pricing adds costs to the gas plant's emissions, improving the dam upgrade's cost-benefit outlook."
HS-ESS3-050,Nemotron 3 Super 120b a12,1,"The answer correctly identifies that over-pumping leads to aquifer depletion, making long‑term human population sustainability impossible."
HS-ESS2-067,Gemini Flash 3,1,"The answer accurately describes the positive feedback loop between vegetation, transpiration, and local precipitation that characterizes desertification."
HS-ESS3-049,Nemotron 3 Super 120b a12,1,"The reference answer correctly states that carbon pricing would increase the natural gas plant's operating costs over time, making the dam upgrade relatively more economically attractive, which directly addresses how long-term carbon pricing influences the cost‑benefit comparison."
HS-ESS3-049,Gemini Flash 3,1,"The answer accurately explains how carbon pricing shifts the cost-benefit ratio by internalizing the environmental cost of emissions, directly addressing the economic evaluation required by the standard."
HS-ESS3-050,OSS 120b,1,"The answer correctly states that over‑pumping the aquifer leads to depletion and thus the human population cannot be sustained long‑term, fully addressing the model's prediction."
HS-ESS3-051,Nemotron 3 Super 120b a12,1,"The answer correctly explains that a fixed wetland buffer cannot accommodate increased runoff from a larger, more impervious urban area, leading to higher flood risk, which aligns with the simulation's purpose."
HS-ESS3-051,OSS 120b,1,The answer correctly predicts increased flood risk due to unchanged wetland capacity despite higher runoff from a larger population.
HS-ESS3-050,Gemini Flash 3,1,"The answer accurately explains how the mismanagement of a natural resource (aquifer depletion) leads to the inability to sustain a human population, directly addressing the relationship required by the standard."
HS-ESS3-052,OSS 120b,1,"The answer correctly explains that permeable pavement increases infiltration, recharges groundwater, and reduces runoff and pollutant transport, directly addressing how rainwater interaction changes."
HS-ESS3-052,Nemotron 3 Super 120b a12,1,"The answer correctly explains that permeable pavement increases infiltration, recharges groundwater and reduces runoff, accurately describing the change in rainwater‑groundwater interaction."
HS-ESS3-052,Gemini Flash 3,1,"The answer accurately explains the mechanism of infiltration and its effect on groundwater recharge and runoff reduction, which directly addresses the prompt and the scientific standard."
HS-ESS3-053,OSS 120b,1,"The answer correctly identifies that constructed wetlands mimic natural wetland filtration and explains how this reduces nutrient and pollutant loads, preventing algal blooms and hypoxic zones in the river."
HS-ESS3-051,Gemini Flash 3,1,"The answer correctly identifies the relationship between population growth, increased urbanization, and the resulting decrease in the relative effectiveness of static natural buffers against flooding."
HS-ESS3-053,Nemotron 3 Super 120b a12,1,"The answer correctly states that constructed wetlands mimic natural wetland filtration and explains how this reduces nutrient loading to prevent algal blooms and hypoxic dead zones, fully addressing the question."
HS-ESS3-053,Gemini Flash 3,1,The answer accurately identifies the biological and chemical processes replicated by constructed wetlands and explains how these processes mitigate the negative impacts of nutrient pollution on river ecosystems.
HS-ESS3-054,OSS 120b,1,"The answer correctly explains that a living shoreline enhances habitat, improves sediment and water quality, and reduces negative impacts relative to a hard seawall, fully addressing the question."
HS-ESS3-055,OSS 120b,1,"The answer correctly explains that no‑till leaves residue that cuts erosion and runoff of sediment‑bound nutrients and pesticides, thereby lowering turbidity and nutrient pollution in the stream, which directly addresses the water‑quality impact."
HS-ESS3-055,Nemotron 3 Super 120b a12,1,"The answer correctly explains how no‑till farming reduces erosion and runoff, thereby improving stream water quality, which fully addresses the question."
HS-ESS3-054,Nemotron 3 Super 120b a12,1,"The answer correctly explains that a living shoreline provides habitat, absorbs wave energy, maintains sediment exchange and water quality, whereas a concrete seawall reflects waves and causes seafloor erosion, fully addressing the impact on marine habitat."
HS-ESS3-054,Gemini Flash 3,1,"The answer accurately evaluates the ecological benefits and physical advantages of living shorelines over traditional seawalls, aligning perfectly with the standard's focus on technological solutions that reduce human impact."
HS-ESS3-056,OSS 120b,1,"The answer correctly explains that rooftop gardens and bioswales capture and slow runoff, decreasing the volume entering the combined sewer and thus reducing overflow events."
HS-ESS3-056,Nemotron 3 Super 120b a12,1,"The answer correctly describes how rooftop gardens and bioswales capture and slow stormwater, reducing peak flow into combined sewers and thus preventing overflows."
HS-ESS3-057,OSS 120b,1,"The answer correctly explains that relocating turbines away from the main flyway lowers collision risk and allows birds to bypass the turbines, thereby reducing mortality and impact on migration."
HS-ESS3-056,Gemini Flash 3,1,The answer accurately explains how green infrastructure reduces stormwater surge and prevents combined sewer overflows by intercepting runoff at the source.
HS-ESS3-055,Gemini Flash 3,1,"The answer accurately explains how no-till farming reduces erosion and chemical runoff, directly addressing the impact on water quality as required by the standard."
HS-ESS3-057,Nemotron 3 Super 120b a12,1,"The answer correctly explains that moving turbines away from the main flyway lowers collision risk and allows birds to bypass the turbines, directly addressing how the spatial refinement reduces impact on migratory bird populations."
HS-ESS3-057,Gemini Flash 3,1,The answer accurately explains how the proposed refinement reduces collision mortality by lowering the probability of encounters between migratory birds and wind turbines.
HS-ESS3-058,Nemotron 3 Super 120b a12,1,"The answer correctly computes the time needed to reach 560 ppm from ~420 ppm at 2.5 ppm/yr, yielding about 56 years, i.e., around 2080."
HS-ESS3-058,OSS 120b,1,"The answer correctly calculates that reaching 560 ppm (double 280 ppm) from the current ~420 ppm requires about 140 ppm/2.5 ppm·yr⁻¹ ≈ 56 years, giving an approximate year of 2080."
HS-ESS3-059,OSS 120b,1,"The answer correctly predicts accelerated glacier retreat, mass loss, possible disappearance, and associated freshwater impacts, aligning with the standard."
HS-ESS3-059,Nemotron 3 Super 120b a12,1,"The answer correctly forecasts accelerated glacial retreat, mass loss, potential disappearance of small glaciers, and reduced meltwater, which is an evidence-based impact of continued warming on mountain glaciers."
HS-ESS3-058,Gemini Flash 3,1,The answer accurately calculates the time required to reach double the pre-industrial CO2 levels based on current data and the provided growth rate.
HS-ESS3-060,OSS 120b,1,"The answer correctly predicts that warmer ocean temperatures would likely lead to stronger, more intense hurricanes with higher rainfall, aligning with scientific expectations."
HS-ESS3-060,Nemotron 3 Super 120b a12,1,"The answer correctly states that warmer ocean temperatures fuel stronger, more intense hurricanes and higher rainfall, which matches climate model projections for the observed warming trend."
HS-ESS3-061,Nemotron 3 Super 120b a12,1,The answer correctly identifies the release of greenhouse gases from thawing permafrost as a positive climate feedback.
HS-ESS3-061,OSS 120b,1,"The answer correctly identifies the positive permafrost‑carbon feedback, explaining how thaw releases CO₂ and CH₄, amplifying warming."
HS-ESS3-060,Gemini Flash 3,1,The answer accurately reflects scientific consensus that rising ocean temperatures lead to increased hurricane intensity and precipitation rates according to climate models.
HS-ESS3-061,Gemini Flash 3,1,The answer accurately describes the mechanism of greenhouse gas release from permafrost and correctly identifies the resulting positive feedback loop as a forecast for climate change.
HS-ESS3-062,Nemotron 3 Super 120b a12,1,"The answer correctly explains that saltwater intrusion contaminates freshwater, disrupting ecosystems and agriculture, thereby illustrating a human‑driven feedback between the hydrosphere and biosphere."
HS-ESS3-062,OSS 120b,1,"The answer correctly explains how increased saltwater intrusion (hydrosphere) contaminates fresh water, harming ecosystems and agriculture (biosphere), thus illustrating the altered Earth‑system relationship caused by human‑driven sea‑level rise."
HS-ESS3-063,OSS 120b,1,The answer correctly identifies the positive feedback loop and states that it predicts an accelerating rate of Arctic ice melt in the future.
HS-ESS3-063,Nemotron 3 Super 120b a12,1,"The reference answer correctly describes the positive ice‑albedo feedback and predicts an accelerating increase in Arctic ice melt, satisfying the question's requirement."
HS-ESS3-062,Gemini Flash 3,1,The answer accurately identifies the causal link between a hydrosphere change (saltwater intrusion) and its resulting impact on the biosphere (ecosystem and agricultural disruption) within the context of human-induced climate change.
HS-ESS3-063,Gemini Flash 3,1,The answer correctly identifies the positive feedback mechanism of ice-albedo and accurately predicts that this results in an accelerating rate of Arctic ice loss.
HS-ESS3-064,OSS 120b,1,"The answer correctly explains that excess nitrogen causes algal blooms and subsequent oxygen depletion, predicting lower dissolved oxygen levels."
HS-ESS3-064,Nemotron 3 Super 120b a12,1,"The answer correctly explains that excess nitrogen causes algal blooms whose decomposition consumes oxygen, predicting a significant decrease in dissolved oxygen in the Gulf of Mexico."
HS-ESS3-065,OSS 120b,1,"The answer correctly explains that reduced infiltration leads to higher runoff and greater flood risk, fully addressing the question."
HS-ESS3-065,Nemotron 3 Super 120b a12,1,"The answer correctly states that paving reduces infiltration, leading to higher runoff and flood risk during heavy rain, which reflects the human modification of Earth systems as required by the standard."
HS-ETS1-001,Nemotron 3 Super 120b a12,1,"The answer correctly defines criteria as desired goals/requirements and constraints as limitations/restrictions, which is sufficient for the standard."
HS-ESS3-064,Gemini Flash 3,1,The answer accurately describes the process of eutrophication and correctly identifies that increased nitrogen leads to decreased dissolved oxygen levels due to the decomposition of algal blooms.
HS-ETS1-001,OSS 120b,1,"The answer accurately distinguishes a criterion (a goal/requirement) from a constraint (a limitation such as cost, time, or materials), fully addressing the question."
HS-ESS3-065,Gemini Flash 3,1,"The answer accurately describes the relationship between reduced infiltration and increased runoff and flood risk, correctly illustrating the impact of human activity on Earth systems as required by the standard."
HS-ETS1-002,OSS 120b,1,"The answer correctly defines quantitative criteria as measurable, numerical requirements and provides appropriate examples, fully addressing the question."
HS-ETS1-002,Nemotron 3 Super 120b a12,1,"The answer accurately defines quantitative criteria as measurable, numerical requirements and gives appropriate examples, satisfying the question for the standard."
HS-ETS1-001,Gemini Flash 3,1,"The answer accurately defines criteria as requirements for success and constraints as limitations, which is the fundamental distinction needed for the engineering design process."
HS-ETS1-003,Nemotron 3 Super 120b a12,1,"The answer correctly defines a major global challenge as a large‑scale problem affecting people worldwide and provides relevant examples, which satisfies the intent of HS‑ETS1‑1."
HS-ETS1-003,OSS 120b,1,"The answer correctly defines a major global challenge as a worldwide problem and provides relevant examples, adequately addressing the question."
HS-ETS1-002,Gemini Flash 3,1,"The answer accurately defines quantitative criteria as measurable, numerical requirements and provides clear, relevant examples consistent with engineering design principles."
HS-ETS1-003,Gemini Flash 3,1,"The answer provides a clear, accurate definition of a major global challenge along with appropriate examples that align with high school engineering standards."
HS-ETS1-004,OSS 120b,1,"The answer correctly defines societal needs as essential requirements for a community's functioning and survival, giving appropriate examples relevant to engineering design."
HS-ETS1-005,Nemotron 3 Super 120b a12,1,"The answer correctly defines a trade‑off in engineering design and provides a clear illustrative example, satisfying the HS-ETS1-1 requirement."
HS-ETS1-004,Nemotron 3 Super 120b a12,1,"The answer accurately defines societal needs as essential requirements for community function and survival, providing appropriate examples."
HS-ETS1-005,OSS 120b,1,"The answer correctly defines a trade‑off as an exchange where improving one design aspect incurs a cost to another, and provides an appropriate example."
HS-ETS1-004,Gemini Flash 3,1,"The definition provided accurately identifies societal needs as essential requirements for community survival and functioning, which is consistent with the expectations of the HS-ETS1-1 standard."
HS-ETS1-006,OSS 120b,1,"The answer correctly explains that specifying criteria and constraints involves clearly defining the exact requirements and limitations for acceptable solutions, making them precise for evaluation and comparison."
HS-ETS1-006,Nemotron 3 Super 120b a12,1,"The answer accurately defines specifying criteria and constraints as clearly stating precise requirements and limits needed to evaluate and compare solutions, which aligns with the standard."
HS-ETS1-005,Gemini Flash 3,1,The definition accurately describes the concept of a trade-off in engineering and provides a relevant example that aligns with the criteria and constraints mentioned in the HS-ETS1-1 standard.
HS-ETS1-007,Nemotron 3 Super 120b a12,1,The answer correctly defines a cost constraint and provides a concrete example (a clean water solution limited to $500 per household) that satisfies the question.
HS-ETS1-007,OSS 120b,1,The answer correctly defines a cost constraint as a maximum budget and provides a concrete example relevant to an engineering design problem.
HS-ETS1-008,OSS 120b,1,"The answer correctly defines an engineering design problem as a challenge needing a solution, emphasizing criteria and constraints, which aligns with the standard."
HS-ESS2-086,Gemini Flash 3,1,The answer accurately describes the biological mechanisms of photosynthesis and decomposition that drive the seasonal fluctuations of atmospheric carbon dioxide.
HS-ETS1-008,Nemotron 3 Super 120b a12,1,"The answer correctly defines an engineering design problem as a challenge or need requiring a solution defined by criteria and constraints, which aligns with HS-ETS1-1."
HS-ETS1-007,Gemini Flash 3,1,"The answer accurately defines a cost constraint and provides a specific, quantitative example that aligns with the requirements of the HS-ETS1-1 standard."
HS-ETS1-006,Gemini Flash 3,1,"The answer accurately defines the term 'specify' within an engineering context by emphasizing the need for precise, measurable requirements and limitations to evaluate potential solutions."
HS-ETS1-009,Nemotron 3 Super 120b a12,1,"The answer correctly states that considering criteria and constraints ensures the solution meets goals and is feasible within real‑world limits, addressing the importance for designing solutions to global challenges."
HS-ETS1-009,OSS 120b,1,"The answer correctly explains that considering criteria defines the goals and constraints define real-world limits, ensuring solutions are effective, feasible, and aligned with societal needs."
HS-ETS1-010,Nemotron 3 Super 120b a12,1,"The reference answer correctly states that decomposing a problem means breaking it into smaller, manageable sub‑problems or components, which aligns with the standard's description."
HS-ETS1-008,Gemini Flash 3,1,The answer correctly defines an engineering design problem by emphasizing the essential components of criteria and constraints as required by the HS-ETS1-1 standard.
HS-ETS1-009,Gemini Flash 3,1,"The answer accurately defines the roles of criteria and constraints in ensuring a solution is both effective and feasible, aligning well with the requirements of standard HS-ETS1-1."
HS-ETS1-010,OSS 120b,1,"The answer correctly defines decomposition as breaking a problem into smaller, manageable sub‑problems for separate handling, which aligns with the engineering standard."
HS-ETS1-010,Gemini Flash 3,1,The answer accurately and concisely defines problem decomposition in alignment with the specific language and requirements of the HS-ETS1-2 standard.
HS-ETS1-011,OSS 120b,1,"The answer accurately defines a subsystem as a self-contained component set performing a specific function within a larger system, meeting the question's requirement."
HS-ETS1-012,Nemotron 3 Super 120b a12,1,"The answer correctly distinguishes criteria as success goals and constraints as limiting factors, matching the engineering design process described in HS-ETS1-2."
HS-ETS1-011,Nemotron 3 Super 120b a12,1,"The answer accurately defines a subsystem as a self-contained part that performs a specific function within a larger system, which aligns with the engineering design principle of decomposition."
HS-ETS1-012,OSS 120b,1,"The answer accurately distinguishes criteria as goals for success and constraints as the limiting factors such as cost, time, or materials."
HS-ETS1-013,OSS 120b,1,"The answer accurately defines iterative design as a repeated cycle of testing, evaluation, and refinement to improve a solution until it meets criteria, which fully addresses the question."
HS-ETS1-014,Nemotron 3 Super 120b a12,1,"The answer accurately defines optimization in engineering design as adjusting variables to achieve the best performance within constraints, which fully addresses the question."
HS-ETS1-012,Gemini Flash 3,1,"The answer accurately defines and distinguishes between criteria and constraints, providing clear examples that align with high-school engineering standards."
HS-ETS1-013,Nemotron 3 Super 120b a12,1,"The answer accurately describes iterative design as a repeated cycle of testing, evaluating, and refining a design to improve the solution until it meets criteria and constraints, which is correct and sufficient for the question."
HS-ETS1-014,OSS 120b,1,"The answer correctly defines optimization as finding the best solution by adjusting variables to maximize performance within constraints, which adequately addresses the question."
HS-ETS1-013,Gemini Flash 3,1,The reference answer correctly and comprehensively defines iterative design as a cyclic process of testing and refinement within the engineering design process.
HS-ETS1-015,OSS 120b,1,"The answer correctly defines aesthetics as the visual and sensory appeal of a design, which is what the constraint refers to."
HS-ETS1-015,Nemotron 3 Super 120b a12,1,The answer correctly defines aesthetics as visual or sensory appeal and provides appropriate examples.
HS-ETS1-014,Gemini Flash 3,1,The answer accurately defines optimization by correctly identifying the goal of maximizing performance through variable adjustment while respecting constraints.
HS-ETS1-016,Nemotron 3 Super 120b a12,1,"The answer accurately describes evaluating against a cost constraint as verifying that the solution can be built, operated, and maintained within the available budget."
HS-ETS1-016,OSS 120b,1,"The answer correctly defines evaluating against a cost constraint as ensuring the solution fits within the available budget, covering construction, operation, and maintenance costs."
HS-ETS1-015,Gemini Flash 3,1,"The answer accurately defines aesthetics in the context of engineering as the visual and sensory appeal of a design, which is a correct interpretation for the HS-ETS1-3 standard."
HS-ETS1-017,OSS 120b,1,"The answer accurately defines social impact as the effects of an engineering solution on people and communities, giving relevant examples."
HS-ETS1-016,Gemini Flash 3,1,"The answer correctly defines a cost constraint by addressing the financial limitations regarding the lifecycle of a project, which is appropriate for the HS-ETS1-3 standard."
HS-ETS1-017,Nemotron 3 Super 120b a12,1,"The answer correctly defines social impact as effects on people and communities, citing relevant aspects such as public health, quality of life, employment, and access to services, which aligns with the standard's expectation."
HS-ETS1-018,Nemotron 3 Super 120b a12,1,"The answer accurately defines safety as a constraint by stating that the solution must avoid unacceptable risks of harm to all stakeholders across the design lifecycle, which aligns with the standard's emphasis on evaluating constraints."
HS-ETS1-017,Gemini Flash 3,1,The answer accurately defines social impact in the context of engineering by identifying how solutions affect people's lives and communities with relevant examples.
HS-ETS1-018,OSS 120b,1,The answer accurately defines safety as a design constraint requiring the solution to avoid unacceptable risk of harm to people throughout its lifecycle.
HS-ETS1-019,OSS 120b,1,The answer accurately describes a decision matrix as a tool for systematically comparing and scoring design options against weighted criteria to select the best solution.
HS-ETS1-019,Nemotron 3 Super 120b a12,1,The answer correctly defines a decision matrix as a tool for comparing design solutions using weighted criteria and constraints to identify the best option.
HS-ETS1-019,Gemini Flash 3,1,The reference answer accurately describes the purpose and function of a decision matrix in the context of evaluating engineering solutions based on weighted criteria and constraints.
HS-ETS1-018,Gemini Flash 3,1,The answer accurately defines safety in an engineering context by addressing risk management across the entire lifecycle of a solution for all stakeholders involved.
HS-ETS1-020,OSS 120b,1,"The answer correctly defines a computer simulation as a digital, mathematically driven model used by engineers to replicate system behavior and evaluate designs without physical prototypes."
HS-ETS1-021,Nemotron 3 Super 120b a12,1,"The answer accurately defines a system as interconnected components whose interactions affect each other's behavior, which is appropriate for engineering and simulation modeling at the high‑school level."
HS-ETS1-021,OSS 120b,1,"The answer correctly defines a system as interconnected components whose interactions affect overall behavior, matching the engineering and simulation modeling context."
HS-ETS1-020,Nemotron 3 Super 120b a12,1,"The answer correctly defines a computer simulation as a digital model that uses mathematical equations and algorithms to replicate real‑world system behavior, enabling engineers to test and analyze solutions without physical prototypes, which adequately addresses the question."
HS-ETS1-020,Gemini Flash 3,1,"The answer accurately defines a computer simulation and its role in engineering design, aligning with the core concepts of modeling and testing solutions as required by the standard."
HS-ETS1-022,OSS 120b,1,"The answer correctly defines modeling as creating a simplified representation (physical or computational) to study behavior and predict outcomes, which addresses the question adequately."
HS-ETS1-022,Nemotron 3 Super 120b a12,1,"The answer correctly defines modeling as creating simplified representations—physical, mathematical, or computational—to study behavior and predict outcomes, which aligns with the standard's focus on simulation-based modeling."
HS-ETS1-021,Gemini Flash 3,1,"The definition accurately captures the core elements of a system—components, interactions, and functions—which are essential for modeling and engineering as per NGSS standards."
HS-ETS1-023,Nemotron 3 Super 120b a12,1,"The answer correctly defines interactions between systems as mutual influence and gives a relevant example, which aligns with the standard’s focus on modeling such interactions."
HS-ETS1-024,Nemotron 3 Super 120b a12,1,"The answer correctly defines validation as comparing simulation outputs to real-world data or experimental results, which fully addresses the question."
HS-ETS1-023,OSS 120b,1,"The answer correctly defines interactions between systems as mutual influences and provides a clear, relevant example, adequately addressing the question."
HS-ETS1-022,Gemini Flash 3,1,"The definition accurately captures the core components of modeling in science and engineering—representation, simplification, and predictive utility—which aligns with the foundational concepts required for HS-ETS1-4."
HS-ETS1-024,OSS 120b,1,The answer correctly defines validation as comparing simulation results to real-world data to ensure the model accurately represents the system.
HS-ETS1-023,Gemini Flash 3,1,The answer accurately defines system interactions by explaining the mutual influences between distinct systems and providing a relevant real-world example.
HS-ESS3-004,Gemini Flash 3,1,"The answer provides an accurate and concise definition of a strategic mineral reserve, identifying its purpose for national economy and defense in the context of resource management."
HS-ETS1-025,OSS 120b,1,The answer correctly defines an algorithm as step-by-step instructions that a computer follows to perform calculations and generate simulation outputs.
HS-ETS1-025,Nemotron 3 Super 120b a12,1,"The answer correctly defines an algorithm as a step‑by‑set of instructions/rules a computer follows to perform calculations and generate simulation outputs, which is appropriate for the high‑school context."
HS-ETS1-024,Gemini Flash 3,1,"The definition accurately captures the core concept of validation, which is ensuring the simulation matches real-world observations, a fundamental step in using models for high-school engineering standards."
HS-ETS1-026,Nemotron 3 Super 120b a12,1,"The answer correctly explains that identifying constraints defines the boundaries for a solution and prevents wasted time and resources, which directly addresses why engineers do this per HS‑ETS1‑1."
HS-ETS1-026,OSS 120b,1,"The answer correctly explains that identifying constraints establishes necessary boundaries (e.g., cost, materials, safety) and prevents wasted effort, directly addressing why engineers must do so."
HS-ETS1-025,Gemini Flash 3,1,The definition accurately describes an algorithm as the logical and mathematical framework that governs how a computer simulation processes data to generate results.
HS-ETS1-027,Nemotron 3 Super 120b a12,1,"The answer correctly explains that varying local resources, cultural values, climate, and infrastructure lead to different design criteria, aligning with the standard's focus on context‑specific societal needs and wants."
HS-ETS1-026,Gemini Flash 3,1,"The answer accurately explains that constraints define the practical limits and feasibility of a solution, which is a core requirement for meeting the HS-ETS1-1 standard."
HS-ETS1-027,OSS 120b,1,"The answer correctly explains that varying resources, cultural values, climates, and infrastructure across regions lead to different design criteria, aligning with the standard's focus on contextual societal needs."
HS-ETS1-027,Gemini Flash 3,1,"The answer accurately explains how local factors like culture, resources, and climate dictate specific design criteria for global challenges, directly addressing the standard's emphasis on societal needs and wants."
HS-ETS1-028,Nemotron 3 Super 120b a12,1,"The answer correctly explains that optimizing one criterion can detrimentally affect another, illustrating the necessary balancing of competing criteria in engineering design."
HS-ETS1-028,OSS 120b,1,"The answer correctly explains that improving one design criterion can detrimentally affect another, requiring engineers to prioritize and balance competing goals, which captures how trade‑offs arise in designing solutions to complex global problems."
HS-ETS1-029,Nemotron 3 Super 120b a12,1,"The answer correctly explains that larger-scale challenges involve more diverse populations, environments, and systems, increasing the number of variables and thus the complexity of criteria and constraints engineers must define, which aligns with HS‑ETS1‑1."
HS-ETS1-029,OSS 120b,1,"The answer correctly explains that larger-scale global challenges introduce greater diversity and more variables, increasing the complexity of defining criteria and constraints for engineers."
HS-ETS1-028,Gemini Flash 3,1,"The answer accurately explains how optimizing specific design criteria necessitates compromises in others, which is a core component of the engineering design process described in HS-ETS1-1."
HS-ETS1-029,Gemini Flash 3,1,"The answer correctly explains that increasing the scale of a challenge introduces more variables and stakeholders, leading to more complex and often conflicting criteria and constraints."
HS-ETS1-030,Nemotron 3 Super 120b a12,1,"The answer correctly explains that breaking a problem into sub‑problems makes each part more manageable, easier to test, and enables parallel work, which aligns with HS‑ETS1‑2."
HS-ETS1-030,OSS 120b,1,"The answer correctly explains that breaking a problem into sub‑problems makes it more manageable, easier to analyze, test, and solve, and enables parallel work, which aligns with the engineering design practice."
HS-ETS1-031,Nemotron 3 Super 120b a12,1,"The answer correctly explains that early constraint identification sets realistic boundaries, avoids wasted effort, and directs design toward feasible solutions, which aligns with the standard's emphasis on breaking complex problems into manageable parts."
HS-ETS1-031,OSS 120b,1,"The answer correctly explains that early identification of constraints sets boundaries, avoids wasted effort, and directs design toward viable solutions, directly addressing the question."
HS-ETS1-030,Gemini Flash 3,1,"The answer accurately explains the benefits of modularity and task distribution, which are the core reasons for breaking down complex engineering problems as required by the standard."
HS-ETS1-032,Nemotron 3 Super 120b a12,1,"The answer correctly explains that decomposing a problem lets engineers analyze specific stresses and failure modes of each component, making it easier to spot weaknesses that could be missed in a whole‑system view."
HS-ETS1-033,Nemotron 3 Super 120b a12,1,"The answer correctly identifies that independently optimized sub-solutions may overlook component interactions, leading to unexpected integration issues that require system-level testing and resolution."
HS-ETS1-032,OSS 120b,1,"The answer correctly explains that breaking a problem into sub‑problems lets engineers examine each component’s stresses and failure modes individually, making likely failure points easier to spot."
HS-ETS1-032,Gemini Flash 3,1,The answer correctly explains that decomposition allows for a more focused and detailed analysis of potential failure modes within specific components that might be obscured in a large system.
HS-ETS1-033,OSS 120b,1,"The answer correctly explains that independently optimized sub-solutions can cause unforeseen interaction problems when integrated, highlighting the need for testing and addressing interface issues."
HS-ETS1-033,Gemini Flash 3,1,The answer accurately explains that individual component optimization can lead to unforeseen interface conflicts when sub-solutions are integrated into a single system.
HS-ETS1-034,OSS 120b,1,"The answer correctly explains that smaller components are quicker, cheaper to test and yield clearer data, allowing engineers to modify sub‑systems without rebuilding the whole design."
HS-ETS1-034,Nemotron 3 Super 120b a12,1,"The answer correctly explains that breaking a design into smaller components allows faster, cheaper testing, clearer feedback, and easier revisions of sub‑systems without rebuilding the whole system."
HS-ETS1-035,OSS 120b,1,"The answer correctly explains that a diagram/flowchart reveals connections and dependencies among sub‑problems, aiding engineers in managing interrelated aspects of a complex challenge."
HS-ETS1-035,Nemotron 3 Super 120b a12,1,"The answer correctly describes how diagrams reveal sub‑problem connections and dependencies, supporting the systems‑level thinking required by HS‑ETS1‑2."
HS-ETS1-034,Gemini Flash 3,1,"The answer accurately explains how decomposition allows for modular testing and faster iteration, which directly addresses the core engineering principles described in standard HS-ETS1-2."
HS-ETS1-031,Gemini Flash 3,1,"The answer correctly explains how constraints narrow the scope of a complex problem to make it more manageable, which is a fundamental step in the engineering design process."
HS-ETS1-036,Nemotron 3 Super 120b a12,1,"The answer correctly explains that assigning sub‑problems to specialists leverages their expertise for greater efficiency, accuracy, speed, and component quality, which directly addresses the question."
HS-ETS1-036,OSS 120b,1,"The answer correctly explains that specialization leverages deep expertise to solve sub-problems more efficiently and accurately, improving overall speed and quality."
HS-ETS1-035,Gemini Flash 3,1,"The answer accurately explains how mapping sub-problems identifies dependencies and interactions, which is essential for managing complex engineering tasks according to the standard."
HS-ETS1-037,Nemotron 3 Super 120b a12,1,"The answer correctly explains that isolating sub-problems contains failures and allows targeted fixes, directly addressing risk management in complex projects."
HS-ETS1-037,OSS 120b,1,The answer correctly explains that subdividing a problem isolates risk so failures can be contained and addressed without jeopardizing the whole project.
HS-ETS1-036,Gemini Flash 3,1,"The answer accurately explains that using specialized teams for sub-problems leverages expertise to improve efficiency and quality, which is a fundamental reason for breaking down complex engineering tasks."
HS-ETS1-038,OSS 120b,1,"The answer correctly explains that multiple constraints cannot all be optimized simultaneously, requiring engineers to balance trade‑offs, which directly addresses the question."
HS-ETS1-038,Nemotron 3 Super 120b a12,1,"The answer correctly explains that conflicting constraints prevent a perfect solution, requiring engineers to balance trade‑offs, which aligns with the standard’s focus on evaluating solutions via prioritized criteria and trade‑offs."
HS-ETS1-037,Gemini Flash 3,1,"The answer accurately explains how decomposition enables modular risk management and troubleshooting, which is a core concept of the engineering design process described in HS-ETS1-2."
HS-ETS1-039,Nemotron 3 Super 120b a12,1,"The answer correctly identifies safety constraints as non‑negotiable requirements that eliminate unsafe designs, thereby narrowing the set of viable options, which aligns with the standard's focus on evaluating solutions with prioritized criteria."
HS-ETS1-039,OSS 120b,1,"The answer correctly explains that safety constraints become mandatory criteria that eliminate risky options, thereby altering the evaluation process by narrowing viable designs."
HS-ETS1-040,Nemotron 3 Super 120b a12,1,"The answer correctly explains that improving reliability often involves higher-quality materials, redundancy, and testing, which raise costs, directly addressing the reliability‑cost trade‑off required by the standard."
HS-ETS1-038,Gemini Flash 3,1,"The answer correctly identifies the inherent conflict between multiple design constraints and the necessity of balancing them to achieve an optimal solution, which aligns with the core principles of the HS-ETS1-3 standard."
HS-ETS1-040,OSS 120b,1,"The answer correctly explains that higher reliability needs better materials, redundancy, and more testing, which raise costs, highlighting the trade‑off."
HS-ETS1-041,OSS 120b,1,The answer correctly explains that a limited budget forces engineers to prioritize certain criteria and accept trade‑offs on lower‑priority ones.
HS-ETS1-040,Gemini Flash 3,1,"The answer correctly identifies specific technical reasons for cost increases associated with reliability and explicitly mentions the concept of trade-offs, which aligns with the standard."
HS-ETS1-039,Gemini Flash 3,1,"The answer accurately describes how safety constraints function as non-negotiable filters in the engineering design process, aligning with the standard's focus on evaluating solutions against prioritized constraints."
HS-ETS1-041,Nemotron 3 Super 120b a12,1,"The answer correctly explains that a tight budget forces engineers to prioritize criteria and accept trade‑offs, which aligns with the standard’s focus on evaluating solutions under constraints."
HS-ETS1-042,OSS 120b,1,"The answer correctly explains that focusing only on initial cost can overlook higher future costs, and that evaluating the whole life cycle provides a more accurate total cost and feasibility assessment."
HS-ETS1-041,Gemini Flash 3,1,The answer accurately explains the concept of trade-offs and prioritization required by the standard when facing constraints like budget.
HS-ETS1-043,Gemini Flash 3,1,"The answer accurately identifies that differences in mathematical models, detail, and assumptions lead to varying results in simulations, which directly addresses the complexity of modeling systems in HS-ETS1-4."
HS-ETS1-042,Nemotron 3 Super 120b a12,0,"The answer correctly notes life‑cycle cost considerations but omits other criteria (safety, reliability, aesthetics, social, cultural, environmental impacts) required by the standard, making it incomplete."
HS-ETS1-042,Gemini Flash 3,1,"The answer accurately identifies that life-cycle analysis reveals hidden long-term costs like maintenance and disposal, which is essential for a thorough evaluation of cost and feasibility as required by the standard."
HS-ETS1-043,OSS 120b,1,"The answer correctly explains that differing mathematical models, levels of detail, and simplifying assumptions lead to different simulation outcomes, which directly addresses the question."
HS-ETS1-043,Nemotron 3 Super 120b a12,1,"The answer correctly explains that differing mathematical models, levels of detail, or simplifying assumptions lead to different simulation predictions, which directly addresses why simulations of the same problem can yield different results."
HS-ETS1-045,OSS 120b,1,"The answer correctly explains that a specific quantitative criterion provides a measurable standard for objectively testing and comparing design proposals, enabling engineers to evaluate and discard inadequate options."
HS-ETS1-044,OSS 120b,1,"The answer correctly explains how a $50 cost constraint restricts the choice of expensive filtration technologies and directs engineers toward lower‑cost materials and simpler methods, satisfying the standard's requirement to analyze constraints."
HS-ETS1-045,Nemotron 3 Super 120b a12,1,"The answer correctly explains that a quantitative criterion provides a measurable, objective standard for comparing designs and determining adequacy, directly addressing how the number aids evaluation."
HS-ETS1-044,Gemini Flash 3,1,"The answer accurately explains how a cost constraint dictates technological choices and provides specific, relevant examples of how materials are selected to meet the budget."
HS-ETS1-046,OSS 120b,1,"The answer correctly explains that engineers would calculate total costs and compare them to the $5 million budget, adjusting or rejecting the proposal if it exceeds the constraint."
HS-ETS1-044,Nemotron 3 Super 120b a12,1,"The reference answer correctly explains how a $50 manufacturing cost constraint limits material and technology choices to lower‑cost options, which directly answers the question and aligns with the standard’s focus on quantitative constraints."
HS-ETS1-047,OSS 120b,1,The answer correctly identifies the criterion as quantitative and explains that this matters because it enables objective measurement versus vague qualitative statements.
HS-ETS1-045,Gemini Flash 3,1,The answer correctly explains that quantitative criteria provide a measurable and objective basis for comparing designs and determining their viability.
HS-ETS1-046,Nemotron 3 Super 120b a12,1,"The answer correctly describes applying the budget constraint by calculating total costs and comparing to the $5 million limit, then adjusting or rejecting the proposal if it exceeds the constraint."
HS-ETS1-046,Gemini Flash 3,1,The answer accurately describes the process of evaluating a proposal against a quantitative constraint by calculating total costs and determining if the solution meets or exceeds the specified budget limit.
HS-ETS1-047,Gemini Flash 3,1,The answer correctly identifies the criterion as quantitative and explains the importance of measurability and objectivity in engineering design as required by the standard.
HS-ETS1-047,Nemotron 3 Super 120b a12,1,The reference answer correctly identifies the criterion as quantitative and explains why the distinction matters for objective testing.
HS-ETS1-048,OSS 120b,1,"The answer correctly explains measuring and comparing each system's alert latency against the 2‑minute requirement, showing how the criterion guides the selection."
HS-ETS1-048,Nemotron 3 Super 120b a12,1,"The answer correctly shows how to measure and compare alert transmission times against the 2‑minute societal need, fulfilling the standard's use of quantitative criteria to evaluate solutions."
HS-ETS1-049,Nemotron 3 Super 120b a12,1,"The answer correctly identifies that the prototype does not meet the required power output and explains the need for design revision, fully addressing the quantitative criterion specified in HS-ETS1-1."
HS-ETS1-049,OSS 120b,1,The answer correctly identifies that the prototype does not meet the required quantitative power criterion and indicates the need for design revisions.
HS-ETS1-048,Gemini Flash 3,1,"The answer accurately demonstrates how to apply a quantitative criterion derived from a societal need to evaluate and compare two potential engineering solutions, which directly aligns with HS-ETS1-1."
HS-ETS1-050,OSS 120b,1,"The answer correctly explains that reliance on continuous electrical power eliminates standard plug‑in compressor designs and points to off‑grid alternatives, directly addressing how the constraint narrows design options."
HS-ETS1-051,OSS 120b,1,"The answer correctly explains how engineers would use the qualitative criterion by evaluating mesh size, deployment methods, and bycatch risk, and indicates redesign steps if the criterion is not met."
HS-ETS1-050,Nemotron 3 Super 120b a12,1,The answer correctly identifies that the constraint rules out designs requiring continuous grid electricity and suggests appropriate off‑grid alternatives.
HS-ETS1-050,Gemini Flash 3,1,"The answer correctly identifies that the constraint eliminates grid-dependent technologies and provides relevant off-grid alternatives, accurately reflecting the process of defining solution boundaries under specific constraints."
HS-ETS1-049,Gemini Flash 3,1,The answer correctly identifies the failure to meet a specific quantitative criterion and accurately describes the iterative engineering process required to address the performance gap.
HS-ETS1-051,Nemotron 3 Super 120b a12,1,"The answer correctly explains how engineers would assess mesh size and deployment to evaluate wildlife harm against the qualitative criterion, which satisfies the standard's expectation for applying qualitative criteria."
HS-ETS1-052,OSS 120b,1,"The answer correctly explains that the local-material constraint limits material choices and thereby influences design calculations and decisions, adequately addressing how the constraint impacts the design process."
HS-ETS1-051,Gemini Flash 3,1,The reference answer correctly explains how qualitative criteria are translated into specific engineering assessments and decision-making processes to address a global challenge.
HS-ETS1-052,Nemotron 3 Super 120b a12,1,"The answer correctly explains that using only locally available materials influences material selection, structural calculations, and design choices, which aligns with specifying constraints that address societal needs such as affordability and resource availability."
HS-ETS1-052,Gemini Flash 3,1,The answer accurately explains how a material constraint dictates engineering choices and structural requirements based on the specific properties and availability of local resources.
HS-ETS1-053,OSS 120b,1,"The answer correctly identifies assessing local water contaminants as a logical first sub‑problem, which aligns with breaking the design task into manageable steps."
HS-ETS1-053,Nemotron 3 Super 120b a12,1,"Identifying contaminants is a necessary first step to inform the design of an appropriate purification method, effectively breaking the overall problem into manageable sub‑problems."
HS-ETS1-054,Nemotron 3 Super 120b a12,1,"The answer correctly explains how decomposing the bridge project into sub‑problems reduces complexity, enables independent specialist work, and improves error detection, fully addressing the standard."
HS-ETS1-053,Gemini Flash 3,1,"Identifying the specific contaminants is a foundational engineering step that allows the team to select the appropriate purification technology, effectively breaking down the larger design challenge."
HS-ETS1-054,OSS 120b,1,"The answer correctly explains that subdividing the bridge project lets engineers tackle each aspect separately, reducing complexity, allowing specialization, and making errors easier to detect, which aligns with the standard."
HS-ETS1-054,Gemini Flash 3,1,"The answer accurately explains how decomposition facilitates specialization, reduces complexity, and improves error detection, which aligns perfectly with the standard's focus on breaking down complex problems."
HS-ETS1-055,OSS 120b,1,The answer correctly identifies a concrete engineering decision—choosing the gripping mechanism type (and associated fingertip material) to achieve a secure grip.
HS-ETS1-055,Nemotron 3 Super 120b a12,1,The answer correctly specifies engineering decisions (choice of grip mechanism and fingertip material selection) that directly address the sub‑problem of achieving a secure grip.
HS-ETS1-056,OSS 120b,1,"The answer correctly explains that isolating the temperature sub-problem enables focused testing and optimization, which can later be integrated into the overall greenhouse design."
HS-ETS1-056,Nemotron 3 Super 120b a12,1,"The answer correctly explains that solving the sub-problem separately enables independent testing and optimization, which supports the engineering design process of breaking down complex problems."
HS-ETS1-057,OSS 120b,1,"The answer correctly explains that inadequate window design can compromise the entire fire‑resistant home by allowing fire entry, reflecting the impact on the whole system."
HS-ETS1-056,Gemini Flash 3,1,"The answer correctly explains that breaking down a complex problem allows for independent optimization and testing of specific components, which is a key benefit of the engineering design process described in the standard."
HS-ETS1-055,Gemini Flash 3,1,The answer identifies two highly relevant and specific engineering decisions—mechanical design and material selection—that directly address the sub-problem of achieving a secure grip.
HS-ETS1-057,Nemotron 3 Super 120b a12,1,"The answer correctly explains that unresolved window vulnerabilities can let embers or flames inside, causing the overall fire‑resistant design to fail, which reflects the standard’s focus on how sub‑problem solutions affect the whole system."
HS-ETS1-058,OSS 120b,1,"The answer correctly explains that separating the impact scenarios lets engineers optimize each case individually and avoid compromising performance, aligning with the standard’s emphasis on breaking a complex problem into manageable sub‑problems."
HS-ETS1-058,Nemotron 3 Super 120b a12,1,"The answer correctly explains that separating subproblems allows focused optimization before integration, aligning with the standard’s emphasis on breaking down complex problems."
HS-ETS1-057,Gemini Flash 3,1,"The answer accurately describes how the failure of a single sub-component can compromise the integrity of the entire system, which is a key concept in complex problem-solving and engineering design."
HS-ETS1-059,OSS 120b,1,"The answer correctly identifies slope angle as the first sub-problem, citing the ADA's 1:12 maximum ratio and explaining how it dictates ramp length and subsequent design choices."
HS-ETS1-059,Nemotron 3 Super 120b a12,1,"The answer correctly identifies slope angle as the first sub‑problem because ADA’s maximum 1:12 slope dictates the ramp’s length and layout, which then governs railing placement and traction requirements."
HS-ETS1-058,Gemini Flash 3,1,The answer correctly explains that breaking a complex problem into sub-problems allows for the optimization of specific requirements before addressing the trade-offs needed for a final integrated solution.
HS-ETS1-060,OSS 120b,1,"The answer correctly explains that understanding the harvested energy is necessary to size and select appropriate storage components, which addresses why the harvesting sub-problem must be solved first."
HS-ETS1-060,Nemotron 3 Super 120b a12,1,The answer correctly explains that harvesting must be solved first to determine storage requirements.
HS-ETS1-061,OSS 120b,1,"The answer correctly identifies the risk of missing requirements and difficulty isolating faults when solving multiple sub-problems together, matching the expected concept for the standard."
HS-ETS1-059,Gemini Flash 3,1,The answer correctly identifies the ADA slope requirement as the primary design constraint that determines the ramp's physical footprint and influences all other design components.
HS-ETS1-061,Nemotron 3 Super 120b a12,1,"The answer correctly identifies the risk of overlooking requirements and difficulty in isolating flaws when sub‑problems are not addressed separately, which aligns with the standard’s emphasis on breaking complex problems into manageable parts."
HS-ETS1-060,Gemini Flash 3,1,"The answer correctly identifies that the output specifications of the energy harvesting system are necessary constraints for designing the storage component, which accurately reflects the engineering principle of managing sub-problem dependencies."
HS-ETS1-061,Gemini Flash 3,1,"The answer correctly identifies the key risks of failing to decompose a complex problem, specifically overlooking requirements and increasing the difficulty of debugging and redesigning integrated systems."
HS-ETS1-062,OSS 120b,1,"The answer correctly identifies the design with greater long‑term reliability as the recommended choice, aligning with the highest‑ranked criterion."
HS-ETS1-063,OSS 120b,1,"The answer correctly applies the higher priority of environmental impact, recommending site rejection or redesign to avoid wetland damage."
HS-ETS1-062,Nemotron 3 Super 120b a12,1,"The answer correctly selects the higher‑cost, longer‑lasting design as it prioritizes reliability and accepts the higher upfront cost as a trade‑off for reduced maintenance and greater dependability."
HS-ETS1-063,Nemotron 3 Super 120b a12,1,"The answer correctly prioritizes environmental impact over energy output and proposes rejecting or redesigning the solution to avoid wetland loss, which satisfies HS-ETS1-3."
HS-ETS1-062,Gemini Flash 3,1,The answer correctly identifies the design that aligns with the prioritized criterion of long-term reliability and explains the trade-off between upfront cost and maintenance requirements.
HS-ETS1-063,Gemini Flash 3,1,The answer accurately applies the logic of prioritized criteria to a trade-off scenario as required by standard HS-ETS1-3.
HS-ETS1-064,OSS 120b,1,"The answer correctly selects System A as the safer option, aligning with the highest-priority safety criterion and ignoring cost trade‑offs."
HS-ETS1-065,OSS 120b,1,"The answer correctly identifies that the engineer must modify the design to satisfy the required aesthetics constraint, aligning with evaluating trade‑offs and meeting all constraints."
HS-ETS1-065,Nemotron 3 Super 120b a12,1,"The answer correctly states that, when aesthetics is a required constraint, the design must be revised to satisfy it, aligning with the standard’s requirement to meet all listed constraints."
HS-ETS1-064,Nemotron 3 Super 120b a12,1,"The answer correctly selects System A based on the highest‑priority safety criterion and acknowledges the cost trade‑off, which satisfies the evaluation requirement."
HS-ETS1-064,Gemini Flash 3,1,"The answer correctly identifies System A as the safer choice based on the prioritized criterion and acknowledges the trade-off with cost, which aligns with the requirements of the standard."
HS-ETS1-066,OSS 120b,1,The answer correctly identifies Material X as the better choice based on the prioritized cost criterion and acknowledges the lifespan trade‑off.
HS-ETS1-066,Nemotron 3 Super 120b a12,1,"The answer correctly selects Material X based on the prioritized cost criterion and acknowledges the trade‑off of a shorter lifespan, fulfilling the requirement to evaluate a solution using prioritized criteria and trade‑offs."
HS-ETS1-065,Gemini Flash 3,1,"The answer accurately reflects engineering design principles by stating that all constraints must be met for a solution to be viable, regardless of its performance against prioritized criteria."
HS-ETS1-067,OSS 120b,1,"The answer correctly explains that accounting for social impact adds a major negative factor (displacing families) which must be weighed against benefits, potentially changing priorities and requiring redesign or rerouting."
HS-ETS1-067,Nemotron 3 Super 120b a12,1,"The answer correctly explains that social impact introduces a significant negative consequence (displacing families) that must be weighed against benefits, potentially leading to redesign if social impact is a high‑priority constraint, which directly addresses how considering social impact affects t"
HS-ETS1-066,Gemini Flash 3,1,"The answer correctly identifies Material X as the better choice based on the prioritized criterion of cost and acknowledges the necessary trade-off regarding lifespan, which directly aligns with the standard's focus on evaluating solutions using prioritized constraints."
HS-ETS1-068,Nemotron 3 Super 120b a12,1,"The answer correctly identifies that exceeding noise ordinances violates safety and community constraints, which must be addressed before the solution can be considered viable, aligning with the evaluation criteria in HS-ETS1-3."
HS-ETS1-067,Gemini Flash 3,1,"The answer accurately identifies displacement as a social impact and correctly explains how prioritizing this constraint necessitates weighing trade-offs and potentially redesigning the solution, which aligns with the HS-ETS1-3 standard."
HS-ETS1-068,OSS 120b,1,"The answer correctly identifies the noise violation as a critical constraint that outweighs the electricity benefit and must be addressed before the design can be accepted, reflecting proper evaluation of trade‑offs."
HS-ETS1-069,Nemotron 3 Super 120b a12,1,"The answer correctly chooses compostable trays because environmental impact outweighs cost, and it explains the trade‑off between higher price and reduced landfill waste."
HS-ETS1-069,OSS 120b,1,"The answer correctly selects the compostable trays, aligning with the prioritized environmental impact over cost criterion."
HS-ETS1-068,Gemini Flash 3,1,"The answer correctly identifies that local ordinances act as non-negotiable constraints in the engineering design process, meaning a solution that violates them is invalid regardless of its performance in other criteria."
HS-ETS1-069,Gemini Flash 3,1,The answer correctly identifies the choice based on the prioritized criteria and explains the trade-off as required by the standard.
HS-ETS1-070,OSS 120b,1,"The answer correctly identifies that the solution meets the runoff reduction goal but creates a new problem with indoor temperature, indicating a need to modify the design to satisfy all constraints."
HS-ETS1-070,Nemotron 3 Super 120b a12,1,"The answer correctly identifies that the green roof meets the stormwater goal but compromises thermal comfort, indicating a trade‑off that requires design modification per HS‑ETS1‑4."
HS-ETS1-071,Nemotron 3 Super 120b a12,1,"The answer correctly identifies the temperature rise as an environmental constraint violation and explains the need for redesign, mitigation, and re‑simulation, fully addressing the evaluation required by HS‑ETS1-4."
HS-ETS1-070,Gemini Flash 3,1,"The answer correctly identifies that the simulation results reveal a trade-off between competing criteria and constraints across different systems, which is the core requirement of the HS-ETS1-4 standard."
HS-ETS1-071,OSS 120b,1,"The answer correctly identifies the temperature increase as an environmental constraint that must be addressed, suggesting redesign or mitigation and further simulation, which aligns with evaluating the dam design using the simulation results."
HS-ETS1-071,Gemini Flash 3,1,The answer accurately identifies the simulation result as a constraint violation and correctly describes the iterative engineering process of mitigation and re-simulation required by the standard.
HS-ETS1-072,OSS 120b,1,"The answer correctly explains that the simulation highlights system-wide trade‑offs and unintended impacts, illustrating the need to evaluate engineering solutions across the whole system as required by the standard."
HS-ETS1-072,Gemini Flash 3,1,"The answer correctly identifies that simulations help engineers evaluate the broader systemic impacts and unintended consequences of a solution, which aligns perfectly with the standard's focus on interactions between systems."
HS-ETS1-072,Nemotron 3 Super 120b a12,1,"The answer correctly states that simulations reveal unintended consequences in connected systems and that engineers must evaluate solutions across the entire relevant system, which aligns with HS‑ETS1‑4’s focus on modeling impacts within and between systems."
HS-ETS1-073,Nemotron 3 Super 120b a12,1,The answer correctly interprets the simulation results and proposes a suitable next-step solution (energy storage or smart inverters) that aligns with the standard’s focus on modeling the impact of proposed solutions.
HS-ETS1-073,OSS 120b,1,The answer correctly interprets the simulation results and suggests appropriate engineering responses (storage/inverter control) consistent with the standard.
HS-ETS1-073,Gemini Flash 3,1,The answer accurately identifies the cause of the problem shown in the simulation and correctly suggests the iterative engineering step of refining the model to test potential solutions like storage or smart inverters.
HS-ETS1-074,Gemini Flash 3,1,"The answer accurately explains how simulations are used to test constraints and refine designs under extreme conditions before implementation, directly aligning with the standard's focus on modeling solutions."
HS-ETS1-075,Nemotron 3 Super 120b a12,1,"The answer accurately describes weighing the met health-safety criterion against the violated energy constraint and using the simulation to test design modifications, which aligns with the standard's requirement to model solutions against multiple criteria and constraints."
HS-ETS1-075,OSS 120b,1,The answer correctly explains that engineers must balance the satisfied health criterion against the violated energy constraint and use the simulation to explore design modifications that meet both criteria.
HS-ETS1-074,Nemotron 3 Super 120b a12,1,"The answer correctly identifies that testing beyond normal wind speeds (stress testing) evaluates design robustness under extreme conditions, allowing pre‑construction improvements for safety and cost efficiency, which aligns with HS-ETS1-4's focus on simulating solution impacts within system constr"
HS-ETS1-074,OSS 120b,1,"The answer correctly explains that simulating extreme wind speeds stress-tests the bridge, identifying potential failures and allowing design improvements for safety and cost efficiency."
HS-ETS1-075,Gemini Flash 3,1,"The answer accurately reflects the engineering process of balancing trade-offs between criteria and constraints and using simulations to iteratively refine a solution, which aligns with the HS-ETS1-4 standard."
HS-ETS1-076,Nemotron 3 Super 120b a12,1,"The answer correctly identifies the cross‑system interaction between the desalination plant’s brine output and the marine ecosystem, aligning with the standard’s focus on modeling system interactions."
HS-PS1-094,OSS 120b,1,"The answer correctly states that bond formation releases energy, directly answering the question."
HS-PS1-094,Nemotron 3 Super 120b a12,1,"The answer correctly states that forming new bonds releases energy (exothermic), which directly and accurately answers the question about bond formation."
HS-ETS1-076,OSS 120b,1,"The answer correctly identifies the simulation’s detection of an adverse interaction between the desalination system and the marine ecosystem, which is the type of system interaction asked for."
HS-ETS1-076,Gemini Flash 3,1,The answer accurately identifies the interaction between engineered and natural systems as revealed by the simulation and addresses the iterative design process central to the standard.
HS-PS2-076,OSS 120b,1,The answer correctly defines impulse as the change in momentum and gives the appropriate calculation formula (force × time).
HS-PS2-076,Nemotron 3 Super 120b a12,1,"The answer correctly defines impulse as the change in momentum and provides the calculation Impulse = Force × time, which is accurate and sufficient for HS‑PS2-3."
HS-PS2-077,Nemotron 3 Super 120b a12,1,"The answer correctly identifies G as the proportionality constant in Newton's law, provides its value and units, and explains its role, which fully addresses the question."
HS-PS2-077,OSS 120b,1,The answer correctly defines G as the proportionality constant that sets the strength of the gravitational force and provides its value and units.
HS-PS1-094,Gemini Flash 3,1,"The answer accurately states that bond formation is an exothermic process that releases energy, which is a foundational concept required to understand the net energy changes described in standard HS-PS1-4."
HS-PS2-076,Gemini Flash 3,1,"The answer accurately defines impulse as the change in momentum and correctly identifies the mathematical relationship between force, time, and impulse."
HS-PS2-077,Gemini Flash 3,1,"The answer accurately identifies G as the proportionality constant in the gravitational force equation, provides its correct numerical value with units, and explains its physical role."
HS-PS2-078,OSS 120b,1,"The answer correctly explains the right‑hand rule’s role in determining the direction of the magnetic field around a current‑carrying wire, which satisfies the question."
HS-PS2-079,OSS 120b,1,"The answer correctly describes Faraday's Law as the induction of emf when magnetic flux changes, noting the proportionality to the rate of change."
HS-PS2-079,Nemotron 3 Super 120b a12,1,"The reference answer correctly states Faraday's Law of Induction and links induced voltage to changing magnetic flux, which satisfies the HS-PS2-5 expectation."
HS-PS2-078,Gemini Flash 3,1,"The answer accurately describes the standard application of the right-hand rule for a current-carrying wire, which is a fundamental concept for understanding how electric currents produce magnetic fields as required by the standard."
HS-PS2-079,Gemini Flash 3,1,"The answer accurately describes the relationship between changing magnetic flux and induced voltage, which is the core principle of Faraday's Law as required by the standard."
HS-PS2-078,Nemotron 3 Super 120b a12,0,"The answer correctly describes one use of the right-hand rule but omits its applications to magnetic forces on moving charges and induced currents, making it incomplete for the standard."
HS-PS2-080,Nemotron 3 Super 120b a12,1,The answer correctly uses momentum conservation to find the 60 kg skater’s speed as 6 m/s in the opposite direction.
HS-PS2-080,OSS 120b,1,"The answer correctly applies momentum conservation, calculates the speed as 6 m/s opposite to the 90 kg skater, and includes appropriate reasoning."
HS-PS3-087,OSS 120b,1,"The answer accurately defines a system and notes the role of surroundings and energy flow, fully addressing the question."
HS-PS3-087,Nemotron 3 Super 120b a12,1,"The answer correctly defines a system and its surroundings and notes energy flow, which fully addresses the question about analyzing energy changes."
HS-PS2-080,Gemini Flash 3,1,The answer accurately applies the law of conservation of momentum to calculate the correct speed and identify the opposite direction of the skater.
HS-PS3-088,OSS 120b,1,"The answer correctly identifies heat and work as the two primary mechanisms for energy transfer, matching the standard."
HS-PS3-088,Nemotron 3 Super 120b a12,1,"The answer correctly identifies heat and work as the two mechanisms by which energy can flow into or out of a system, which fully addresses the question and aligns with the standard."
HS-PS3-087,Gemini Flash 3,1,"The answer accurately defines a system and its relationship with the surroundings and energy flow, which is the foundational concept required for applying standard HS-PS3-1."
HS-PS3-089,OSS 120b,1,"The answer correctly defines kinetic energy and provides the standard formula KE = ½ mv², fully addressing the question."
HS-PS3-088,Gemini Flash 3,1,"In high school physics and thermodynamics, heat and work are accurately identified as the two primary mechanisms of energy transfer across a system boundary."
HS-PS3-090,OSS 120b,1,"The answer correctly defines energy conservation in an isolated system as the total energy remaining constant, with changes in one form balanced by opposite changes in another."
HS-PS3-089,Nemotron 3 Super 120b a12,1,The answer correctly defines kinetic energy as the energy due to motion and provides the accurate formula KE = ½mv².
HS-PS3-091,OSS 120b,1,"The answer correctly identifies the stored energy as elastic potential energy, which is the form of energy associated with the relative positions of particles in a stretched spring."
HS-PS3-090,Nemotron 3 Super 120b a12,1,"The answer correctly states that total energy remains constant in an isolated system and explains conversion between forms, which fully addresses the meaning of conservation."
HS-PS3-091,Nemotron 3 Super 120b a12,1,"The answer correctly identifies elastic potential energy and explains it arises from the relative displacement of particles from equilibrium, which aligns with HS‑PS3‑2."
HS-PS3-090,Gemini Flash 3,1,The answer accurately describes the principle of conservation of energy in an isolated system by stating that the total energy remains constant and that changes in one form are offset by changes in another.
HS-PS3-091,Gemini Flash 3,1,"The answer correctly identifies the energy as elastic potential energy and accurately explains its origin in terms of particle displacement, aligning with the standard."
HS-PS3-092,OSS 120b,1,The answer correctly identifies Coulomb's Law and accurately describes its relationship between charge and distance.
HS-PS3-092,Nemotron 3 Super 120b a12,1,"Coulomb's Law is correctly identified and its relationship to charge and distance is accurately described, fully answering the question."
HS-PS3-093,Nemotron 3 Super 120b a12,1,"The answer correctly identifies electric potential energy as the energy stored in the interaction of two charged objects and notes its dependence on charge magnitude and separation distance, aligning with HS‑PS3‑5."
HS-PS3-093,OSS 120b,1,The answer correctly identifies the stored energy as electric (electrostatic) potential energy and includes the key dependence on charge magnitude and separation.
HS-PS3-092,Gemini Flash 3,1,"The answer correctly identifies Coulomb's Law and accurately describes the mathematical relationship between charge, distance, and electric force as required by the standard."
HS-PS3-089,Gemini Flash 3,1,"The answer accurately defines kinetic energy and provides the correct formula with its variables, which is fundamental information needed to satisfy the requirements of standard HS-PS3-1."
HS-PS3-093,Gemini Flash 3,1,The answer correctly identifies electric potential energy as the stored energy and accurately mentions its dependence on charge magnitude and distance.
HS-PS3-094,Nemotron 3 Super 120b a12,1,"The answer correctly states that doubling distance reduces electric force to one‑fourth, which follows Coulomb’s inverse‑square law and satisfies the standard."
HS-PS3-094,OSS 120b,1,"The answer correctly states that the force becomes one-fourth its original value, reflecting the inverse-square relationship."
HS-PS3-095,Nemotron 3 Super 120b a12,1,"The answer correctly describes field interaction as a non-contact force where one object creates a field that exerts a force on another without touching, which aligns with the standard."
HS-PS3-096,Nemotron 3 Super 120b a12,1,The answer correctly explains that accounting for energy inflows and outflows is necessary to apply conservation of energy and obtain accurate component energy changes.
HS-PS3-095,OSS 120b,1,"The answer accurately explains that a field mediates forces between objects without physical contact, which fully addresses the question."
HS-PS3-094,Gemini Flash 3,1,"The answer accurately applies Coulomb's Law to explain that force is inversely proportional to the square of the distance, correctly concluding that doubling the distance reduces the force to one-fourth."
HS-PS3-096,OSS 120b,1,The answer correctly explains that accounting for energy inflow and outflow is necessary to apply conservation of energy and obtain accurate component energy changes.
HS-PS3-095,Gemini Flash 3,1,"The answer accurately describes how fields mediate forces between objects without physical contact, which directly addresses the question in the context of the standard."
HS-PS3-096,Gemini Flash 3,1,The answer accurately explains that accounting for energy flows is necessary to ensure the calculation reflects the law of conservation of energy and correctly identifies how external inputs and outputs affect the internal distribution of energy.
HS-PS3-097,OSS 120b,1,"The answer correctly explains that 100% efficiency is impossible due to unavoidable energy losses as heat, referencing the second law of thermodynamics, which meets the standard."
HS-PS4-070,OSS 120b,1,"The answer accurately defines sampling rate and notes its effect on captured detail, fully addressing the question."
HS-PS3-097,Gemini Flash 3,1,The answer accurately explains energy dissipation through thermal energy and correctly cites the second law of thermodynamics as the fundamental limit on efficiency.
HS-PS3-097,Nemotron 3 Super 120b a12,1,"The answer correctly explains that unavoidable dissipative losses (e.g., heat from friction or resistance) due to the second law of thermodynamics prevent any energy conversion device from reaching 100% efficiency."
HS-PS4-070,Nemotron 3 Super 120b a12,1,"The answer accurately defines sampling rate, its unit (Hz), and notes that a higher rate captures more detail, which fully addresses the question."
HS-PS4-071,OSS 120b,1,The answer correctly identifies diffraction as the wave phenomenon that demonstrates the wave model of light.
HS-PS4-070,Gemini Flash 3,1,"The answer accurately defines sampling rate, identifies its unit of measurement, and explains the relationship between sampling rate and sound detail, which is appropriate for the high-school level."
HS-PS4-072,Nemotron 3 Super 120b a12,1,"The reference answer correctly states that absorbed IR radiation increases molecular vibration, which manifests as increased thermal energy."
HS-PS4-072,OSS 120b,1,"The answer correctly states that absorbed infrared radiation increases molecular vibrations, resulting in heating, which adequately addresses the typical effect."
HS-PS4-071,Nemotron 3 Super 120b a12,1,The answer correctly identifies diffraction as the term for wave bending around obstacles or through openings and explains why it supports the wave model of light.
HS-PS4-072,Gemini Flash 3,1,"The answer accurately describes the interaction of infrared radiation with molecular vibrations and its resulting macroscopic effect as heat, which is the foundational knowledge required by the standard."
HS-PS4-071,Gemini Flash 3,1,"The answer accurately identifies diffraction, correctly describes the phenomenon, and appropriately connects it to the wave model of light as requested."
HS-PS4-073,Nemotron 3 Super 120b a12,1,"The answer accurately defines non‑ionizing radiation as lacking sufficient energy to ionize atoms or break bonds, which aligns with the standard's focus on evaluating claims about EM radiation effects."
HS-PS4-073,OSS 120b,1,The answer correctly defines non-ionizing radiation as lacking sufficient energy to ionize atoms or break bonds and gives appropriate examples.
HS-PS4-074,Nemotron 3 Super 120b a12,1,The answer correctly identifies frequency as the property describing wave cycles per second and includes the appropriate unit (hertz) and a clarifying statement.
HS-PS4-074,OSS 120b,1,"The answer correctly identifies the property as frequency and adds the appropriate unit, providing a complete response."
HS-PS4-075,OSS 120b,1,"The answer correctly explains that digital bits can be packed at microscopic scales, while analog requires larger continuous variations, making digital more space-efficient."
HS-PS4-076,Nemotron 3 Super 120b a12,1,"The answer correctly explains that UV photons have sufficient energy to break DNA chemical bonds, while visible-light photons do not, directly addressing why UV is more damaging."
HS-PS4-073,Gemini Flash 3,1,The definition correctly identifies that non-ionizing radiation lacks the energy to remove electrons from atoms and provides accurate examples relevant to the HS-PS4-4 standard.
HS-PS4-075,Nemotron 3 Super 120b a12,1,"The answer correctly explains that digital storage uses microscopic binary states allowing high density, while analog requires larger variations, making it less space-efficient."
HS-PS4-076,OSS 120b,1,"The answer correctly explains that UV photons have sufficient energy to break DNA bonds, whereas visible light lacks the energy, fully addressing why UV is more damaging."
HS-PS4-075,Gemini Flash 3,1,The answer correctly identifies that digital storage uses microscopic binary states for high density while analog storage relies on larger physical variations to represent continuous signals.
HS-PS4-077,OSS 120b,1,The answer correctly explains that digital storage on a CD does not suffer gradual sound-quality loss because the binary data is reproduced exactly each time.
HS-PS4-074,Gemini Flash 3,1,"The reference answer correctly identifies frequency as the term for cycles per second and provides the standard unit of measurement, which is fundamental to understanding wave behavior under this standard."
HS-PS4-076,Gemini Flash 3,1,"The answer accurately explains that the higher energy of UV photons allows them to break chemical bonds in DNA, whereas visible light photons lack sufficient energy for this process."
HS-PS4-078,OSS 120b,1,"The answer correctly states that digital transmission is preferable and explains it using error-detection/correction concepts, meeting the standard."
HS-PS4-078,Nemotron 3 Super 120b a12,1,"The answer correctly explains that digital transmission can use error‑detection and correction to guarantee an exact copy, which aligns with the advantage of digital transmission for error‑free communication."
HS-PS4-077,Nemotron 3 Super 120b a12,1,"The answer correctly states that digital data on a CD is unchanged by repeated playback, so no degradation occurs, which aligns with the advantage of digital storage."
HS-PS4-079,OSS 120b,1,"The answer correctly explains that digital copies are exact reproductions without degradation, addressing why quality loss would not occur."
HS-PS4-077,Gemini Flash 3,1,"The answer accurately explains that digital storage avoids degradation during playback because it relies on discrete values that can be read consistently without physical wear, unlike analog media."
HS-PS4-078,Gemini Flash 3,1,"The answer accurately identifies the key advantage of digital transmission (error correction and detection) in ensuring data integrity, which directly addresses the standard and the specific question."
HS-PS4-079,Nemotron 3 Super 120b a12,1,"The answer correctly states that digital copying is lossless and yields identical prints, highlighting the advantage of digital storage over analog copying."
HS-ESS3-059,Gemini Flash 3,1,"The answer accurately forecasts the physical changes to glaciers and the subsequent impact on water resources based on the provided temperature trend, aligning well with the standard."
HS-PS4-080,Nemotron 3 Super 120b a12,1,"The answer correctly explains that a dry ceramic plate lacks sufficient polar molecules to absorb microwave energy, so it remains cool."
HS-PS4-079,Gemini Flash 3,1,"The answer accurately explains that digital copying avoids generation loss because it involves the exact replication of binary data, which is the fundamental advantage required by the standard."
HS-PS4-080,OSS 120b,1,"The answer correctly explains that a dry ceramic plate lacks water and polar molecules, so it absorbs little microwave energy and therefore does not get hot, which adequately addresses the question."
HS-PS4-081,OSS 120b,1,"The answer correctly explains that X‑rays are absorbed more strongly by dense, calcium‑rich bone than by water‑based soft tissue, providing the contrast needed for bone imaging."
HS-PS4-081,Nemotron 3 Super 120b a12,1,"The answer correctly explains that X‑ray absorption is greater in dense bone (high calcium content) than in soft tissue (water/fat), creating the contrast that makes bones visible in images."
HS-PS4-080,Gemini Flash 3,1,"The answer accurately explains that the lack of polar molecules like water in dry ceramic prevents the absorption of microwave radiation, which is the primary mechanism for heating in a microwave oven."
HS-PS4-082,OSS 120b,1,"The answer correctly explains that sharp bending reduces the angle of incidence below the critical angle, causing light to escape and weakening the signal."
HS-PS4-082,Nemotron 3 Super 120b a12,1,"The answer correctly explains that bending reduces the angle of incidence below the critical angle, causing light to refract out of the fiber and weaken the signal."
HS-LS1-083,Nemotron 3 Super 120b a12,1,"The reference answer correctly states that the chemical energy from photosynthesis is stored in glucose, the primary carbohydrate product."
HS-PS4-082,Gemini Flash 3,1,"The answer accurately explains that bending the cable causes the angle of incidence to drop below the critical angle, resulting in light escaping through refraction rather than total internal reflection."
HS-LS1-083,OSS 120b,1,"The answer correctly identifies glucose as the molecule that stores the chemical energy produced by photosynthesis, addressing the question directly."
HS-LS1-084,OSS 120b,1,"The answer correctly identifies carbon, hydrogen, and oxygen as the elements present in every carbohydrate molecule."
HS-LS1-085,Nemotron 3 Super 120b a12,1,"The answer correctly lists the four major biological macromolecules—carbohydrates, lipids, proteins, and nucleic acids—covering the question fully."
HS-LS1-085,OSS 120b,1,"The answer correctly lists the four major classes of biological macromolecules: carbohydrates, lipids, proteins, and nucleic acids."
HS-LS1-084,Nemotron 3 Super 120b a12,1,"The statement correctly identifies that all sugar (carbohydrate) molecules consist solely of carbon, hydrogen, and oxygen atoms, fully answering the question."
HS-PS4-081,Gemini Flash 3,1,"The answer accurately explains that the high energy of X-rays allows for differential absorption based on material density and atomic composition, which is the fundamental principle behind imaging bones versus soft tissue."
HS-LS1-083,Gemini Flash 3,1,"The answer accurately identifies glucose as the primary molecule where light energy is converted into and stored as chemical energy, which directly addresses the core requirement of the standard."
HS-LS1-086,OSS 120b,1,The answer correctly identifies glucose and oxygen as the two primary reactants broken down in cellular respiration.
HS-LS1-085,Gemini Flash 3,1,The answer correctly and completely identifies the four primary classes of biological macromolecules as required by general biology standards and context.
HS-LS1-084,Gemini Flash 3,1,"The answer correctly identifies carbon, hydrogen, and oxygen as the elemental components of sugar molecules, which is the foundational knowledge required by the standard."
HS-LS1-086,Nemotron 3 Super 120b a12,1,"The answer correctly identifies glucose and oxygen as the two main reactants broken down in cellular respiration, aligning with the standard."
HS-LS1-087,OSS 120b,1,"The answer correctly explains that organs consist of multiple cooperating tissues, providing the scale, structural complexity, and coordinated activity needed for functions that single cells cannot perform."
HS-LS1-086,Gemini Flash 3,1,The answer accurately identifies glucose and oxygen as the primary reactants and correctly describes the breaking of their bonds and the resulting products in alignment with the standard.
HS-LS1-088,Nemotron 3 Super 120b a12,1,"The answer correctly explains that nitrogen is needed for the amino group in amino acids, which sugars lack, and describes how cells obtain and attach nitrogen to sugar-derived carbon skeletons."
HS-LS1-087,Nemotron 3 Super 120b a12,1,"The answer correctly explains that organs consist of multiple tissue types working together, providing the structural complexity, scale, and coordination needed for functions beyond a single cell’s capacity."
HS-LS1-088,OSS 120b,1,"The answer correctly explains that amino acids require an amino group containing nitrogen, which sugars lack, and that cells must acquire nitrogen from other sources to build amino acids."
HS-LS1-087,Gemini Flash 3,1,"The answer accurately explains how hierarchical organization leads to emergent properties and structural complexity required for large-scale biological functions, aligning well with the standard."
HS-LS1-089,Nemotron 3 Super 120b a12,1,"The answer correctly states that breaking bonds requires energy, but forming the new bonds in CO₂ and H₂O releases more energy, yielding a net energy release."
HS-LS1-089,OSS 120b,1,"The answer correctly explains that while bond breaking requires energy, the formation of more stable bonds in CO₂ and H₂O releases more energy, yielding a net release consistent with the standard."
HS-LS1-088,Gemini Flash 3,1,"The answer accurately identifies that amino acids require nitrogen for the amino group, which is absent in sugars, thus fulfilling the requirement of the standard to explain how sugars combine with other elements to form large molecules."
HS-LS2-072,OSS 120b,1,The answer correctly defines limiting factors as environmental conditions that restrict population growth and provides appropriate examples.
HS-LS1-089,Gemini Flash 3,1,The answer accurately explains that the net release of energy in cellular respiration occurs because the energy released during the formation of product bonds (CO2 and H2O) is greater than the energy consumed to break the reactant bonds (glucose and O2).
HS-LS2-073,Nemotron 3 Super 120b a12,1,"The answer accurately distinguishes biotic (living) from abiotic (non‑living) factors and notes that both can limit carrying capacity, which fully addresses the question."
HS-LS2-073,OSS 120b,1,The answer correctly distinguishes biotic (living) from abiotic (non‑living) factors and notes that both influence carrying capacity.
HS-LS2-072,Nemotron 3 Super 120b a12,1,"The answer correctly defines limiting factors and provides appropriate examples, which adequately addresses the question about limiting factors in an ecosystem."
HS-LS2-074,OSS 120b,1,"The answer accurately defines a limiting factor as any biotic or abiotic condition that restricts population growth, providing appropriate examples."
HS-LS2-074,Nemotron 3 Super 120b a12,1,"The answer accurately defines a limiting factor, includes both biotic and abiotic examples, and explains how it restricts population growth, abundance, or distribution, which satisfies the standard."
HS-LS2-074,Gemini Flash 3,1,"The answer provides an accurate and comprehensive definition of a limiting factor, covering both biotic and abiotic components as required by the ecological standard."
HS-LS2-075,OSS 120b,0,"The answer describes decomposers breaking down dead organic matter rather than specifying a molecule, so it is incomplete and does not directly answer the first part of the question."
HS-LS2-076,Nemotron 3 Super 120b a12,1,"The answer correctly states that methanogens produce methane (CH₄) during anaerobic decomposition, directly answering the question."
HS-LS2-076,OSS 120b,1,"The answer correctly identifies methane (CH₄) as the gas produced by methanogens in anaerobic decomposition, directly addressing the question."
HS-LS2-075,Nemotron 3 Super 120b a12,1,"The answer correctly states that decomposers break down dead organic matter and explains that this returns nutrients like carbon, nitrogen, and phosphorus to the environment, supporting matter cycling in ecosystems."
HS-LS2-072,Gemini Flash 3,1,"The definition provided is scientifically accurate and correctly identifies the role of limiting factors in regulating population dynamics, which is fundamental to the concept of carrying capacity."
HS-LS2-073,Gemini Flash 3,1,"The answer accurately defines and distinguishes between biotic and abiotic factors and correctly notes that both influence carrying capacity, which is scientifically sound."
HS-LS2-077,OSS 120b,1,"The answer accurately defines the 10% rule and explains the fate of the remaining energy, fulfilling the standard."
HS-LS2-076,Gemini Flash 3,1,"The answer accurately identifies methane as the gas produced by methanogens in anaerobic conditions, which directly addresses the question and aligns with the standard's focus on matter cycling in anaerobic environments."
HS-LS2-077,Nemotron 3 Super 120b a12,1,"The answer correctly defines the 10% rule and explains the energy loss, which satisfies the standard's requirement."
HS-LS2-078,OSS 120b,1,"The answer correctly identifies 'decomposition' as the term and accurately describes how decomposers release CO₂, meeting the standard."
HS-LS2-078,Nemotron 3 Super 120b a12,1,"The answer correctly identifies decomposition as the process and explains how decomposers release CO₂ via cellular respiration, fully addressing the question."
HS-LS2-075,Gemini Flash 3,1,"The answer correctly identifies that decomposers break down organic matter to recycle essential nutrients back into the ecosystem, directly addressing the matter cycling component of the standard."
HS-LS2-079,OSS 120b,1,"The answer accurately defines the selfish herd as individuals moving toward the center to lower predation risk and credits Hamilton, providing a correct and sufficient explanation."
HS-LS2-079,Nemotron 3 Super 120b a12,1,"The answer accurately defines the selfish herd concept and notes its origin, which sufficiently addresses the question for the given standard."
HS-LS2-077,Gemini Flash 3,1,"The answer accurately defines the 10% rule and explains the mechanisms of energy loss, aligning well with the energy flow concepts in HS-LS2-4."
HS-LS2-078,Gemini Flash 3,1,"The answer correctly identifies the process as decomposition and accurately links it to cellular respiration, which is the specific biological mechanism required by the standard."
HS-LS2-080,OSS 120b,1,"The answer correctly explains that fewer top predators reduce predation pressure, allowing herbivore numbers to rise and resulting in increased plant consumption and reduced plant biomass, capturing the trophic cascade."
HS-LS2-079,Gemini Flash 3,1,The answer accurately defines the selfish herd concept as an individual-level survival strategy within a group and correctly identifies its origin.
HS-LS2-081,OSS 120b,1,"The answer accurately explains eutrophication: nutrient runoff boosts algal growth, leading to oxygen depletion and subsequent declines in fish and overall biodiversity, fully addressing the population effects."
HS-LS2-081,Nemotron 3 Super 120b a12,0,The answer correctly describes eutrophication effects but does not include any mathematical representation or evidence-based quantitative reasoning required by HS-LS2-2.
HS-LS2-080,Gemini Flash 3,1,"The answer accurately describes the mechanisms of a trophic cascade, clearly explaining how reduced predation pressure leads to herbivore population growth and subsequent depletion of plant biomass."
HS-ETS1-011,Gemini Flash 3,1,"The answer accurately defines a subsystem as a functional component of a larger system, which is the foundational concept for breaking down complex problems as required by the standard."
HS-LS2-080,Nemotron 3 Super 120b a12,1,"The answer correctly explains that reduced predation allows herbivore populations to rise, which overconsumes plants and lowers biomass, describing the trophic cascade process."
HS-LS2-082,OSS 120b,1,"The answer accurately describes how bacterial and fungal decomposition breaks down organic matter into inorganic nutrients and gases that re-enter the ecosystem, adequately explaining the matter cycling process."
HS-LS2-083,OSS 120b,1,"The answer correctly explains that energy is lost as heat due to respiration while matter is conserved through incorporation and recycling, satisfying the standard."
HS-LS2-082,Nemotron 3 Super 120b a12,1,"The answer correctly explains how decomposers break down organic matter into inorganic nutrients that are reused by producers, fulfilling the matter‑cycling aspect of the standard."
HS-LS2-082,Gemini Flash 3,1,"The answer accurately describes the process of decomposition and the conversion of organic molecules into inorganic nutrients that return to the ecosystem, which directly addresses the cycling of matter as required by the standard."
HS-LS2-084,Nemotron 3 Super 120b a12,1,"The answer correctly identifies the confusion effect of schooling as a mechanism that lowers predation risk for individual fish, which directly addresses how the group behavior enhances survival."
HS-LS3-082,Nemotron 3 Super 120b a12,1,"The answer correctly defines gametes as reproductive cells (sperm and egg) and states that human gametes contain 23 chromosomes, fully addressing the question."
HS-LS2-084,OSS 120b,0,"The answer correctly describes the confusion effect but omits other important benefits of schooling such as dilution of risk and increased vigilance, so it is not a fully complete response."
HS-LS2-084,Gemini Flash 3,1,"The answer accurately explains the confusion effect as a mechanism by which schooling improves individual survival, directly addressing the core requirement of standard HS-LS2-8."
HS-LS2-083,Nemotron 3 Super 120b a12,1,"The answer correctly explains that energy is lost as heat from cellular respiration while matter is conserved through incorporation or excretion, directly addressing why energy diminishes at each trophic level."
HS-LS3-082,OSS 120b,1,"The answer correctly identifies gametes as reproductive (sperm and egg) cells and states they contain 23 chromosomes, fully addressing the question."
HS-LS3-082,Gemini Flash 3,1,The answer accurately identifies gametes as reproductive cells and correctly states that human gametes contain 23 chromosomes.
HS-LS3-083,Nemotron 3 Super 120b a12,1,"The answer correctly states that DNA composes chromosomes and that genes are DNA segments on chromosomes encoding trait instructions, fully addressing the relationship asked for."
HS-LS2-083,Gemini Flash 3,1,"The answer accurately explains that energy is dissipated as heat through cellular respiration while matter is conserved and recycled, correctly addressing the distinction between energy flow and matter cycling required by the standard."
HS-LS3-083,OSS 120b,1,"The answer accurately describes that chromosomes are composed of DNA and that genes are specific DNA segments on chromosomes that encode trait instructions, fully addressing the relationship."
HS-LS3-085,Nemotron 3 Super 120b a12,1,The answer correctly identifies replication errors as the term and explains how unrepaired errors become heritable mutations in germ cells.
HS-LS3-084,OSS 120b,1,"The answer accurately defines homologous chromosomes as matching pairs with the same loci, each contributed by one parent, fulfilling the question."
HS-LS3-084,Nemotron 3 Super 120b a12,1,"The answer accurately defines homologous chromosomes as matching pairs with genes for the same traits at the same loci, one from each parent, which correctly addresses the question."
HS-LS3-083,Gemini Flash 3,1,"The answer accurately describes the hierarchical relationship between DNA, genes, and chromosomes and explains their functional role in encoding traits as required by the standard."
HS-LS3-084,Gemini Flash 3,1,The definition is scientifically accurate and addresses the key concepts of gene location and inheritance from both parents required by the standard.
HS-LS3-087,Nemotron 3 Super 120b a12,1,"The answer accurately defines phenotypic variation as observable trait differences among individuals arising from genetic, environmental, or combined influences, meeting the standard's expectation."
HS-LS3-086,Nemotron 3 Super 120b a12,1,"The answer accurately defines a normal distribution and explains its relevance to polygenic, environmentally influenced traits like human height."
HS-LS3-086,OSS 120b,1,The answer accurately defines a normal distribution and correctly explains its relevance to polygenic traits like height.
HS-LS3-085,Gemini Flash 3,1,"The answer accurately identifies the term 'replication errors' and correctly explains how they become heritable mutations, aligning with the requirements of standard HS-LS3-2."
HS-LS3-088,Nemotron 3 Super 120b a12,1,"The answer accurately defines allele frequency as the proportion of a specific allele among all alleles for a gene in a population and notes its role in describing genetic variation, which fully addresses the question."
HS-LS3-087,OSS 120b,1,"The answer accurately defines phenotypic variation as observable trait differences among individuals and notes genetic and environmental contributions, meeting the standard."
HS-LS3-085,OSS 120b,0,"The answer gives ""replication errors"" instead of the expected term ""germline mutations"" (or ""heritable mutations""), thus it is not fully correct."
HS-LS3-088,OSS 120b,1,"The answer accurately defines allele frequency as the proportion of a specific allele in a population, fitting the standard."
HS-LS3-086,Gemini Flash 3,1,The answer accurately defines a normal distribution and correctly explains that polygenic inheritance and environmental factors result in the continuous variation observed in traits like human height.
HS-LS3-087,Gemini Flash 3,1,"The answer accurately defines phenotypic variation, provides relevant examples, and correctly identifies its underlying causes in accordance with high school biology standards."
HS-LS3-088,Gemini Flash 3,1,"The answer provides a scientifically accurate definition of allele frequency and correctly identifies its role in quantifying genetic variation within a population, aligning with the statistical requirements of the standard."
HS-LS3-089,Nemotron 3 Super 120b a12,1,"The answer correctly explains that crossing over creates new allele combinations on homologous chromosomes, which are transmitted to gametes and offspring, thereby increasing genetic variation."
HS-LS3-089,OSS 120b,1,"The answer correctly explains that crossing over reshuffles alleles, producing new genetic combinations in gametes, thereby increasing variation in offspring."
HS-LS3-090,Nemotron 3 Super 120b a12,1,"The answer correctly explains that heterozygous parents can each contribute a recessive allele, producing a recessive phenotype in offspring, which aligns with Mendelian inheritance and probability concepts."
HS-LS3-089,Gemini Flash 3,1,"The answer accurately describes how crossing over creates new allele combinations during meiosis, which directly supports the standard's focus on genetic variation through new genetic combinations."
HS-LS3-091,Nemotron 3 Super 120b a12,1,"The answer correctly explains that observed deviations from Mendelian ratios arise from random sampling error in small samples, which diminishes with larger sample sizes per the law of large numbers."
HS-LS3-090,OSS 120b,1,"The answer correctly explains that hidden recessive alleles in heterozygous parents can combine to produce a different phenotype, addressing the genetic variation and probability aspect required."
HS-LS3-091,Gemini Flash 3,1,The answer accurately explains that Mendelian inheritance is based on probability and correctly identifies the role of sample size and the law of large numbers in statistical variation.
HS-LS3-091,OSS 120b,1,"The answer correctly explains that deviation arises from random sampling variation in small sample sizes and that larger samples converge to expected ratios, aligning with the standard's focus on statistical concepts."
HS-LS3-092,Nemotron 3 Super 120b a12,1,The answer correctly explains that additive effects of many genes produce a continuous range of trait values leading to a bell-shaped distribution.
HS-LS3-093,OSS 120b,1,"The answer correctly explains that environmental factors affect gene expression, causing phenotypic differences despite identical genotypes, which aligns with the standard."
HS-LS3-092,OSS 120b,1,"The answer correctly explains that many genes with small additive effects produce a continuous range of phenotypes, leading to most individuals near the mean and fewer at extremes, which yields a bell-shaped distribution."
HS-LS3-090,Gemini Flash 3,1,"The answer accurately explains the mechanism of inheritance for recessive traits from heterozygous parents, providing a correct biological basis for the variation described in the standard."
HS-LS3-093,Nemotron 3 Super 120b a12,1,"The answer correctly explains that phenotypic variation arises from genotype‑environment interactions, addressing the question."
HS-LS3-093,Gemini Flash 3,1,"The answer accurately explains the interaction between genotype and environment in determining phenotype, which is a fundamental concept for understanding trait variation within a population."
HS-LS3-092,Gemini Flash 3,1,"The answer correctly explains how polygenic inheritance and additive effects lead to a continuous distribution and a bell-shaped curve, which aligns perfectly with the standard's focus on statistics and probability in genetics."
HS-LS3-094,OSS 120b,1,"The answer accurately describes how natural selection shifts the trait distribution toward advantageous phenotypes, moving the mean and potentially reducing extreme variation, fulfilling the standard."
HS-LS3-095,OSS 120b,1,"The answer accurately explains that a Punnett square lists all equally likely allele combinations and that genotype probability is the fraction of squares showing that genotype, satisfying the standard."
HS-LS3-094,Nemotron 3 Super 120b a12,0,"The answer only describes directional selection and implies natural selection always shifts the mean and reduces variation, which is incomplete and potentially misleading for the general question about how natural selection changes trait distribution."
HS-LS4-063,Nemotron 3 Super 120b a12,1,"The answer correctly defines homologous structures and explains that their similarity indicates common ancestry, which aligns with the standard's focus on evidence for evolution."
HS-LS3-095,Nemotron 3 Super 120b a12,1,The answer correctly states that each cell in a Punnett square is an equally likely outcome and that genotype probability is the proportion of cells showing that genotype.
HS-LS4-063,OSS 120b,1,The answer correctly defines homologous structures and explains that they indicate common ancestry among species.
HS-LS3-094,Gemini Flash 3,1,"The answer accurately describes how differential reproductive success leads to shifts in the mean and variance of a trait distribution, directly addressing the statistical components of the standard."
HS-LS3-095,Gemini Flash 3,1,The answer accurately describes how a Punnett square represents a sample space of equally likely outcomes to calculate the probability of specific genotypes.
HS-LS4-064,Nemotron 3 Super 120b a12,1,"The answer accurately defines biogeography and correctly explains how geographic distribution patterns support common ancestry, meeting the standard's requirement."
HS-LS4-064,OSS 120b,1,The answer correctly defines biogeography and explains how the geographic patterns of related species provide evidence for common ancestry.
HS-LS4-063,Gemini Flash 3,1,"The answer accurately defines homologous structures, provides appropriate examples, and correctly identifies their role as evidence for common ancestry in alignment with standard HS-LS4-1."
HS-LS4-065,Nemotron 3 Super 120b a12,1,"The answer correctly defines comparative embryology and explains that similar embryonic stages across vertebrates indicate inherited developmental pathways from a common ancestor, fully addressing the question."
HS-LS4-064,Gemini Flash 3,1,The answer accurately defines biogeography and explains how geographic distribution patterns provide evidence for common ancestry and evolutionary divergence.
HS-LS4-065,OSS 120b,1,The answer correctly defines comparative embryology and explains that shared embryonic stages among distant species provide evidence of common ancestry.
HS-LS4-066,Nemotron 3 Super 120b a12,1,"The answer accurately explains that 'survival of the fittest' refers to differential reproductive success based on advantageous traits, which satisfies the standard's requirement for explaining natural selection and adaptation."
HS-LS4-066,OSS 120b,1,"The answer correctly explains that 'survival of the fittest' refers to differential reproductive success of well‑adapted individuals, clarifying that fitness means reproductive success, not strength."
HS-LS4-067,OSS 120b,1,The answer correctly identifies 'speciation' as the term and adequately explains it as the process of new species forming via reproductive isolation.
HS-LS4-067,Nemotron 3 Super 120b a12,1,The answer correctly identifies speciation as the term and explains it aligns with the definition of reproductive isolation leading to new species.
HS-LS4-068,OSS 120b,1,"The answer correctly defines selective pressure as an environmental factor influencing survival and reproduction, thus appropriately answering the question."
HS-LS4-068,Nemotron 3 Super 120b a12,1,"The answer correctly defines selective pressure as an environmental factor that influences survival, reproduction, and trait favorability, which fully addresses the question."
HS-LS4-066,Gemini Flash 3,1,"The answer accurately defines biological fitness in terms of reproductive success and trait inheritance, which is a core component of how natural selection leads to adaptation."
HS-LS4-067,Gemini Flash 3,1,"The answer accurately identifies speciation as the term and provides a clear, scientifically sound explanation of how reproductive isolation leads to the formation of new species."
HS-LS4-069,Nemotron 3 Super 120b a12,1,"The answer correctly explains that homologous structures reflect shared underlying anatomy from a common ancestor, indicating common ancestry rather than independent evolution, which fully addresses the question."
HS-LS4-069,OSS 120b,1,"The answer correctly explains that shared structural similarities arise from inheritance of a common ancestor, supporting common ancestry rather than independent evolution."
HS-LS4-068,Gemini Flash 3,1,The answer accurately defines selective pressure and provides relevant examples that demonstrate how environmental factors drive natural selection as required by the standard.
HS-LS4-070,OSS 120b,1,"The answer correctly explains that vestigial structures are remnants of ancestral traits, demonstrating shared ancestry and evolutionary change, which satisfies the standard."
HS-LS4-070,Nemotron 3 Super 120b a12,1,"The answer correctly explains that vestigial structures are remnants of functional ancestral traits, demonstrating common ancestry and evolutionary change, which satisfies the standard."
HS-LS4-071,OSS 120b,1,"The answer accurately explains the principle of molecular clocks and how they are used to estimate divergence times, linking this molecular evidence to fossil dates to support evolutionary timelines."
HS-LS4-071,Nemotron 3 Super 120b a12,1,"The answer accurately explains that molecular clocks estimate divergence times from mutation rates and that these estimates align with fossil record dates, thereby supporting the evolutionary timeline."
HS-LS4-069,Gemini Flash 3,1,"The answer accurately explains that homologous structures reflect a shared anatomical blueprint inherited from a common ancestor, providing clear evidence for divergence from a single lineage."
HS-LS4-070,Gemini Flash 3,1,"The answer accurately defines vestigial structures and explains their role as evidence for common ancestry and descent with modification, directly addressing the requirements of the HS-LS4-1 standard."
HS-LS4-072,OSS 120b,1,"The answer correctly explains that the shared universal genetic code is unlikely to arise independently, indicating a common ancestor, thus meeting the standard."
HS-LS4-071,Gemini Flash 3,1,The answer accurately explains the mechanism of molecular clocks and demonstrates how they provide independent evidence that correlates with the fossil record to support the evolutionary timeline.
HS-LS4-072,Nemotron 3 Super 120b a12,1,"The answer correctly explains that the near‑universality of the genetic code makes independent origins highly unlikely, thereby supporting a common ancestor."
HS-LS4-073,Nemotron 3 Super 120b a12,1,"The answer correctly explains that transitional fossils show intermediate anatomical features, directly illustrating gradual evolutionary change as predicted by theory."
HS-LS4-073,OSS 120b,1,"The answer correctly explains that transitional fossils provide intermediate anatomical evidence of gradual change, directly supporting evolutionary theory."
HS-LS4-072,Gemini Flash 3,1,The answer accurately explains that the near-universality of the genetic code is evidence for common ancestry because it is statistically improbable for independent lineages to develop the exact same biochemical language.
HS-LS4-074,OSS 120b,1,"The answer correctly explains that scarcity of resources creates competition, favoring individuals with advantageous traits who survive and reproduce more, thus addressing the question fully."
HS-LS4-074,Nemotron 3 Super 120b a12,1,"The answer correctly links resource scarcity to differential survival and reproduction based on advantageous traits, directly addressing the competition factor in HS-LS4-2."
HS-LS4-073,Gemini Flash 3,1,The answer accurately explains how transitional fossils provide physical evidence of intermediate morphological states and uses a classic example to illustrate the concept within the context of evolutionary theory.
HS-LS4-075,OSS 120b,1,"The answer correctly explains that individuals with advantageous traits survive longer and reproduce more, leading to increased frequency of those traits in future generations."
HS-LS4-075,Nemotron 3 Super 120b a12,1,"The answer correctly explains that traits improving survival increase reproductive success, leading to their greater inheritance and prevalence over generations, which aligns with the concept of natural selection."
HS-LS4-074,Gemini Flash 3,1,"The answer accurately explains how resource scarcity drives differential survival and reproduction based on the fitness of an individual's traits, which directly addresses the mechanism of competition in natural selection."
HS-LS4-076,OSS 120b,1,"The answer accurately explains that heritable advantageous traits increase in frequency through differential survival and reproduction, leading to a population becoming better suited to its environment."
HS-LS4-076,Nemotron 3 Super 120b a12,1,"The answer correctly explains that natural selection increases the frequency of heritable advantageous traits through differential reproductive success, which leads to population adaptation over generations."
HS-ESS1-082,Nemotron 3 Super 120b a12,1,"The answer correctly states the Sun's current age (~4.6 billion years) and its expected total lifespan (~10 billion years), which directly addresses the question."
HS-LS4-075,Gemini Flash 3,1,The answer correctly explains the core mechanism of natural selection by linking survival to reproductive success and the resulting change in population trait frequency.
HS-ESS1-082,OSS 120b,1,"The answer correctly states the sun's current age (~4.6 billion years) and its expected total lifespan (~10 billion years), fully addressing the question."
HS-ESS1-083,Nemotron 3 Super 120b a12,1,"The answer accurately defines radiometric dating and explains its use for determining the age of crustal rocks based on known decay rates, which satisfies the standard."
HS-LS4-076,Gemini Flash 3,1,"The reference answer accurately explains the mechanism of natural selection, including differential reproduction of heritable traits and the resulting increase in trait frequency over generations."
HS-ESS1-083,OSS 120b,1,"The answer correctly defines radiometric dating and explains that its reliance on constant decay rates allows determination of rock ages, covering both parts of the question."
HS-ESS1-082,Gemini Flash 3,1,"The answer accurately states the sun's current age as 4.6 billion years and its total estimated lifespan as 10 billion years, which is the scientific consensus for its stable life phase."
HS-ESS1-084,OSS 120b,1,"The answer correctly applies the inverse square law to state that Mars receives about 44% of Earth's solar intensity, providing the needed comparative explanation."
HS-ESS1-084,Gemini Flash 3,1,"The answer correctly applies the inverse square law to calculate the relative solar intensity at Mars's distance, which is a fundamental concept related to radiation reaching planets."
HS-ESS1-083,Gemini Flash 3,1,"The answer accurately defines radiometric dating and explains the scientific principle of constant decay rates that allows for age calculation, which is essential for understanding the evidence required by the standard."
HS-ESS1-085,OSS 120b,1,"The answer correctly states that Earth's radiation exposure will increase dramatically during the Sun's red giant phase, consistent with the standard."
HS-ESS1-085,Gemini Flash 3,1,"The answer correctly identifies that the Sun's luminosity will increase significantly during its red giant phase, leading to a massive increase in radiation reaching Earth."
HS-ESS1-085,Nemotron 3 Super 120b a12,1,"The answer correctly states that the Sun’s luminosity will increase dramatically during its red‑giant phase, so Earth will receive far more radiation than today."
HS-ESS1-086,OSS 120b,1,"The answer correctly explains that the 180‑million‑year‑old oceanic crust originated at a mid‑ocean ridge and has since moved away, linking age to distance from the ridge as required by the standard."
HS-ESS1-084,Nemotron 3 Super 120b a12,1,"The reference answer correctly applies the inverse square law to find Mars' solar intensity as about 44% of Earth's, which is accurate and sufficiently answers the question."
HS-ESS1-086,Nemotron 3 Super 120b a12,1,"The answer correctly explains that oceanic crust forms at mid‑ocean ridges and ages with distance due to seafloor spreading, which fully addresses the question."
HS-ESS1-087,OSS 120b,1,The answer correctly states that rock ages increase with distance from the ridge due to continuous formation of new crust at the ridge via seafloor spreading.
HS-ESS1-086,Gemini Flash 3,1,The answer accurately explains that oceanic crust originates at mid-ocean ridges and that its age is directly proportional to its distance from the ridge due to seafloor spreading.
HS-ESS1-087,Nemotron 3 Super 120b a12,1,"The answer correctly states that rock ages increase with distance from the Mid-Atlantic Ridge due to continuous seafloor spreading, which directly addresses the question and aligns with the standard."
HS-ESS1-087,Gemini Flash 3,1,"The answer accurately describes the age distribution of oceanic crust and correctly identifies seafloor spreading as the geological mechanism, which directly fulfills the requirements of standard HS-ESS1-5."
HS-ESS1-088,Nemotron 3 Super 120b a12,1,"The answer correctly explains that oceanic crust is denser and subducted, while continental crust is buoyant and preserved, accounting for the age difference."
HS-ESS1-088,OSS 120b,1,"The answer correctly explains that oceanic crust is recycled by subduction while continental crust survives, matching the plate tectonics explanation for the age difference."
HS-ESS2-092,OSS 120b,1,"The answer accurately defines the water cycle and correctly identifies runoff, evapotranspiration, and precipitation as stages affected by land‑surface changes."
HS-ESS2-093,Nemotron 3 Super 120b a12,1,"The answer correctly identifies the mantle as the layer whose convection currents, driven by core heat, move tectonic plates, which aligns with the standard."
HS-ESS1-088,Gemini Flash 3,1,"The answer accurately identifies that the difference in density leads to the subduction and recycling of oceanic crust while continental crust remains at the surface, which correctly explains the age discrepancy between the two."
HS-ESS2-093,OSS 120b,1,The answer correctly identifies the mantle as the layer driving convection currents that move tectonic plates.
HS-ESS2-092,Nemotron 3 Super 120b a12,1,"The answer accurately defines the water cycle and correctly identifies runoff, evapotranspiration, and precipitation as stages affected by land‑surface changes, satisfying the question and standard."
HS-ESS2-093,Gemini Flash 3,1,The answer accurately identifies the mantle as the site of convection and correctly identifies the heat source and mechanism as required by the standard.
HS-ESS2-092,Gemini Flash 3,1,"The answer accurately defines the water cycle and identifies specific stages impacted by land surface changes, directly addressing the system interactions described in the standard."
HS-ESS3-066,Nemotron 3 Super 120b a12,1,"The answer correctly defines sustainability as using natural resources at a replenishable rate to ensure future generations can meet their needs, which is appropriate for the question."
HS-ESS2-094,OSS 120b,1,"The answer correctly identifies radioactive decay (and residual formation heat) as the primary internal heat sources driving mantle convection, meeting the standard."
HS-ESS3-066,OSS 120b,1,"The answer accurately defines sustainability as using resources at a replenishable rate to meet present and future needs, which is appropriate for the context."
HS-ESS2-094,Nemotron 3 Super 120b a12,1,"The answer correctly identifies residual heat from Earth's formation and radiogenic decay of uranium, thorium, and potassium as the main heat sources driving mantle convection."
HS-ESS2-094,Gemini Flash 3,1,The answer accurately identifies the two primary sources of internal heat—residual heat from formation and radiogenic decay—that drive mantle convection according to standard geological models.
HS-ESS3-067,OSS 120b,1,"The answer accurately defines overshoot as exceeding carrying capacity by consuming resources faster than they regenerate, which is the intended meaning."
HS-ESS3-067,Nemotron 3 Super 120b a12,1,"The answer correctly defines overshoot as consumption exceeding renewal, leading to exceeding carrying capacity and resource depletion."
HS-ESS3-068,OSS 120b,1,"The answer correctly identifies proxy data and provides appropriate examples, fully addressing the question."
HS-ESS3-066,Gemini Flash 3,1,"The answer accurately defines sustainability by addressing the balance between resource consumption and natural replenishment for the sake of future generations, which is foundational to understanding HS-ESS3-3."
HS-ESS3-068,Nemotron 3 Super 120b a12,1,"The answer correctly identifies proxy data (ice cores, tree rings, coral records, sediments) used to reconstruct past climate, fully addressing the question."
HS-ESS3-069,Nemotron 3 Super 120b a12,1,"The answer correctly identifies the essential natural resources (fresh water, fertile soil, transportation) that drive settlement near rivers and coastlines and explains why their benefits historically outweighed flood risks, fully addressing the standard."
HS-ESS3-067,Gemini Flash 3,1,"The answer accurately defines overshoot by relating resource consumption rates to carrying capacity and resource depletion, which are central concepts in population sustainability."
HS-ESS3-068,Gemini Flash 3,1,The answer accurately identifies proxy data and provides relevant examples that scientists use to reconstruct historical climate patterns as required by the standard.
HS-ESS3-069,OSS 120b,1,"The answer correctly explains that abundant natural resources and transportation advantages outweigh flood hazards, meeting the standard's focus on resources, hazards, and human activity."
HS-ESS3-070,OSS 120b,1,"The answer correctly explains that abundant resources boost nutrition and survival, driving faster population growth, and that scarcity leads to higher mortality and lower fertility, slowing or reversing growth."
HS-ESS3-070,Nemotron 3 Super 120b a12,1,"The answer accurately explains that abundant resources improve nutrition, health, and survival to accelerate growth, while scarcity increases mortality and reduces birth rates, directly addressing the question."
HS-ESS3-069,Gemini Flash 3,1,"The answer accurately identifies the specific natural resources and economic benefits that drive human settlement patterns while addressing the trade-off with natural hazards, directly meeting the requirements of the standard."
HS-ESS3-071,Nemotron 3 Super 120b a12,1,"The answer correctly explains how wetlands filter sediments, absorb nutrients, and slow water flow to mitigate urban runoff impacts, which satisfies the standard's expectation for evaluating a technological solution that reduces human impacts on natural systems."
HS-ESS3-070,Gemini Flash 3,1,"The answer accurately describes the relationship between resource availability and population dynamics, identifying the biological mechanisms that drive growth and decline."
HS-ESS3-071,OSS 120b,1,"The answer accurately explains how restored wetlands filter sediments, nutrients, and slow flow, thereby mitigating runoff impacts on rivers and streams."
HS-ESS3-072,OSS 120b,1,The answer correctly identifies the wind farm as having a better cost‑benefit ratio over 30 years and explains that lower fuel and pollution costs offset its higher initial expense.
HS-ESS3-071,Gemini Flash 3,1,The answer accurately describes the physical and chemical mechanisms by which wetlands mitigate the negative effects of urban runoff on aquatic ecosystems.
HS-ESS3-073,OSS 120b,1,"The answer correctly explains how a cost-benefit analysis would weigh faster revenue against environmental and regulatory costs, guiding the choice between methods."
HS-ESS3-073,Nemotron 3 Super 120b a12,1,The answer correctly describes how a cost‑benefit analysis would weigh the economic advantages of faster lithium extraction against the environmental and regulatory costs of each method to determine which yields greater net benefit.
HS-ESS3-072,Nemotron 3 Super 120b a12,1,"The answer correctly states that the wind farm’s near‑zero fuel costs and avoidance of pollution‑related expenses outweigh its higher upfront cost, yielding a better cost‑benefit ratio over 30 years."
HS-ESS3-073,Gemini Flash 3,1,"The answer correctly identifies the trade-offs between economic speed and environmental impact, explaining how weighing these factors leads to a determination of net benefit as required by the standard."
HS-ESS3-074,OSS 120b,1,"The answer accurately states that increased consumption outpaces constant recharge, leading to eventual depletion and unsustainability, which directly answers the simulation's prediction."
HS-ESS3-072,Gemini Flash 3,1,"The answer correctly identifies the trade-offs between initial capital investment and long-term operational and environmental costs, aligning with the evaluation requirements of the standard."
HS-ESS3-074,Nemotron 3 Super 120b a12,1,"The answer correctly states that doubling consumption while recharge remains constant leads to aquifer depletion and unsustainability, which directly addresses the question."
HS-ESS3-075,OSS 120b,1,"The answer correctly and sufficiently explains that the simulation predicts improved soil health and reduced pest populations with diverse crop rotation, aligning with the standard."
HS-ESS3-074,Gemini Flash 3,1,"The answer accurately describes the relationship between increased resource consumption and the resulting lack of sustainability for the population, directly addressing the core components of the HS-ESS3-3 standard."
HS-ESS3-076,OSS 120b,1,"The answer correctly predicts increased flooding frequency and severity for low‑lying neighborhoods and outlines appropriate planning responses, matching the required evidence‑based forecast."
HS-ESS3-075,Nemotron 3 Super 120b a12,1,"The answer accurately predicts improved soil health and reduced pest populations due to crop rotation, which aligns with the simulation's expected outcomes."
HS-ESS3-076,Nemotron 3 Super 120b a12,1,"The answer correctly forecasts increased flooding frequency and severity in low-lying neighborhoods due to projected sea‑level rise and suggests appropriate adaptation strategies, satisfying the standard’s requirement for an evidence‑based forecast of climate‑change impacts."
HS-ESS3-075,Gemini Flash 3,1,"The answer accurately describes how crop rotation improves soil health and manages pest populations, aligning with the ecological principles required by the standard."
HS-ETS1-077,OSS 120b,1,"The answer correctly defines a criterion as a specific goal or requirement the design must satisfy, providing appropriate examples."
HS-ETS1-077,Nemotron 3 Super 120b a12,1,"The answer correctly defines a criterion as a specific goal or required outcome (e.g., strength, speed, efficiency) that an engineering solution must satisfy, which aligns with the engineering design concept."
HS-ETS1-078,OSS 120b,1,The answer correctly identifies 'prototype' as the term for a small-scale test version of an engineering solution.
HS-ETS1-078,Nemotron 3 Super 120b a12,1,"The answer correctly identifies the term prototype and explains its purpose, fully addressing the question."
HS-ESS3-076,Gemini Flash 3,1,"The answer correctly identifies the physical and societal impacts of sea-level rise based on the provided data, providing an evidence-based forecast as required by the standard."
HS-ETS1-079,OSS 120b,1,"The answer accurately defines aesthetics as the visual and sensory qualities of a design that influence user appeal, which correctly addresses the factor in evaluating engineering solutions."
HS-ETS1-077,Gemini Flash 3,1,"The definition accurately describes criteria as the standards or requirements used to evaluate the success of an engineering design, which is a foundational concept for the HS-ETS1-2 standard."
HS-ETS1-078,Gemini Flash 3,1,The term 'prototype' is the correct and standard engineering term for a preliminary version of a solution used for testing and evaluation.
HS-ETS1-079,Nemotron 3 Super 120b a12,1,"The answer correctly defines aesthetics in engineering evaluation as the visual appearance, style, or sensory qualities that influence user appeal and acceptability."
HS-ETS1-080,OSS 120b,1,"The answer correctly explains that societal needs define essential requirements and wants shape preferences, both influencing the criteria for an engineering solution to ensure adoption and effectiveness."
HS-ETS1-081,Nemotron 3 Super 120b a12,1,"The answer correctly explains that constraints limit feasible designs and necessitate trade‑offs, which directly addresses why engineers must compromise on meeting criteria."
HS-ETS1-079,Gemini Flash 3,1,"The answer accurately and concisely defines aesthetics within the context of engineering design and user acceptance, meeting the requirements of the standard."
HS-ETS1-081,OSS 120b,1,"The answer correctly explains that constraints limit the design space, requiring engineers to balance trade‑offs and thus sometimes compromise on how fully criteria are met."
HS-ETS1-080,Gemini Flash 3,1,The answer accurately distinguishes between societal needs and wants and explains their role in defining criteria for an engineering solution's success and adoption.
HS-ETS1-080,Nemotron 3 Super 120b a12,1,"The answer correctly distinguishes societal needs and wants and explains how both shape the criteria for an engineering solution, which directly addresses the question."
HS-ETS1-082,OSS 120b,1,"The answer correctly explains that a clear problem framing lets engineers identify key causes, affected groups, and scale, enabling them to define appropriate qualitative and quantitative criteria and constraints that reflect societal needs, thus leading to better design solutions."
HS-ETS1-081,Gemini Flash 3,1,"The answer correctly identifies that constraints like budget and time limit the design space, necessitating trade-offs to reach a feasible solution."
HS-ETS1-082,Nemotron 3 Super 120b a12,1,"The answer correctly explains that clear framing defines cause, affected population, and scale, enabling engineers to focus criteria and constraints on relevant societal needs, which aligns with HS‑ETS1‑1."
HS-ETS1-083,Nemotron 3 Super 120b a12,1,"The answer correctly explains that safety regulations impose legally and ethically required limits that constrain design choices while ensuring protection, fulfilling the standard’s focus on constraints for societal needs."
HS-ETS1-083,OSS 120b,1,"The answer accurately explains that safety regulations impose mandatory limits, narrowing design options while ensuring protection, thus correctly describing how they act as constraints on engineering solutions."
HS-ETS1-082,Gemini Flash 3,1,"The answer accurately explains how a clear problem statement allows engineers to define relevant criteria and constraints based on societal needs, directly addressing the core of standard HS-ETS1-1."
HS-ETS1-083,Gemini Flash 3,1,"The answer accurately describes how safety regulations function as non-negotiable constraints that define the boundaries of the design space to ensure societal safety, which aligns with the requirements of standard HS-ETS1-1."
HS-ETS1-084,Nemotron 3 Super 120b a12,1,"The answer correctly describes how reducing environmental impact introduces trade‑offs with cost and performance, which aligns with the standard’s focus on evaluating trade‑offs among criteria."
HS-ETS1-084,OSS 120b,1,"The answer correctly explains that accounting for environmental impact introduces trade-offs such as higher cost, added components, or design restrictions, requiring engineers to balance these against long‑term benefits."
HS-ETS1-084,Gemini Flash 3,1,"The answer accurately explains how environmental considerations necessitate trade-offs with other constraints like cost and performance, directly addressing the core requirement of standard HS-ETS1-3."
HS-ETS1-085,OSS 120b,1,"The answer correctly explains that a technically effective solution can be a poor engineering design if it fails to meet other prioritized criteria such as cost, safety, or cultural acceptability."
HS-ETS1-086,Nemotron 3 Super 120b a12,1,"The reference answer correctly explains that cultural values, norms, and traditions influence the acceptability of a solution's aesthetics, materials, or function, which can cause rejection despite meeting technical and safety criteria."
HS-ETS1-085,Gemini Flash 3,1,"The answer accurately reflects the standard by explaining that engineering design requires balancing technical performance against constraints like cost, safety, and cultural impact."
HS-ETS1-085,Nemotron 3 Super 120b a12,1,"The answer correctly explains that a technically sound solution can fail due to unmet criteria such as cost, safety, or cultural acceptability, which aligns with HS‑ETS1‑3's focus on evaluating trade‑offs."
HS-ETS1-086,OSS 120b,1,"The answer correctly explains that differing cultural values, norms, and traditions can make an otherwise ideal solution unacceptable or ineffective in another context."
HS-ETS1-087,OSS 120b,1,"The answer correctly explains that simulations embed criteria and constraints, test designs against them simultaneously, and reveal trade-offs, fulfilling the asked explanation."
HS-ETS1-086,Gemini Flash 3,1,"The answer accurately explains how cultural values and traditions influence the evaluation of a solution's desirability and effectiveness, aligning with the standard's focus on cultural impacts."
HS-ETS1-087,Nemotron 3 Super 120b a12,1,The answer correctly explains that engineers embed criteria and constraints in a simulation and run integrated tests to evaluate all requirements and identify trade‑offs.
HS-ETS1-088,OSS 120b,1,"The answer correctly explains that multiple runs with varied inputs perform sensitivity analysis, revealing robustness to uncertainty and identifying influential variables."
HS-ETS1-088,Nemotron 3 Super 120b a12,1,"The answer correctly states that running multiple varied trials (sensitivity analysis) shows solution robustness to uncertainty and identifies which variables most affect performance, which aligns with the standard's goal of modeling solution impacts under numerous criteria and constraints."
HS-ETS1-088,Gemini Flash 3,1,"The answer accurately explains how sensitivity analysis helps evaluate the robustness and variability of a solution within complex systems, aligning well with the requirements of HS-ETS1-4."
HS-ETS1-089,OSS 120b,1,"The answer correctly explains that defining boundaries selects relevant components and interactions, keeps the simulation manageable, and avoids omitting important external influences."
HS-ETS1-087,Gemini Flash 3,1,"The answer accurately explains how simulations allow for the simultaneous testing of multiple variables and the identification of trade-offs, which directly aligns with the standard's focus on modeling complex systems with various constraints."
HS-ETS1-090,OSS 120b,1,The answer correctly describes using the simulation results to modify the design and iteratively re‑test until all criteria and constraints are met.
HS-ETS1-089,Gemini Flash 3,1,"The answer accurately explains the trade-off between model complexity and accuracy when defining system boundaries for simulations, which is a core concept in the engineering design process for complex systems."
HS-ETS1-089,Nemotron 3 Super 120b a12,1,"The answer correctly states that defining system boundaries selects which components and interactions are included, keeps the simulation manageable, and prevents omission of important external influences, which aligns with the standard's goal of modeling interactions within and between systems."
HS-ETS1-090,Nemotron 3 Super 120b a12,1,"The answer correctly describes iterating the design based on simulation feedback to meet all criteria and constraints, aligning with HS-ETS1-4."
HS-PS1-095,Nemotron 3 Super 120b a12,1,"The answer correctly defines electronegativity and accurately states that it generally increases from left to right across a period, which satisfies the standard's expectation."
HS-PS1-095,OSS 120b,1,"The answer accurately defines electronegativity and correctly states that it increases across a period, satisfying the question."
HS-PS1-096,Nemotron 3 Super 120b a12,1,"The answer accurately defines ionization energy and correctly explains why it decreases down a group due to increased distance and shielding, fully addressing the question."
HS-ETS1-090,Gemini Flash 3,1,"The answer correctly describes the iterative engineering design process using simulations to balance competing constraints and system interactions, which aligns perfectly with HS-ETS1-4."
HS-PS1-096,OSS 120b,1,The answer correctly defines ionization energy and accurately explains its decreasing trend down a group due to increased distance and shielding of outer electrons.
HS-PS1-096,Gemini Flash 3,1,The answer provides an accurate definition of ionization energy and correctly explains the group trend using atomic structure principles like shielding and distance from the nucleus.
HS-PS1-097,OSS 120b,1,"The answer correctly describes ionic bonds as electron transfer producing oppositely charged ions and covalent bonds as electron sharing, covering the key difference expected for high-school chemistry."
HS-PS1-097,Nemotron 3 Super 120b a12,1,"The answer correctly distinguishes ionic and covalent bonds in terms of electron transfer versus sharing and notes typical element pairs, which aligns with the standard's focus on outermost electron states and periodic trends."
HS-PS1-098,Nemotron 3 Super 120b a12,1,"The answer correctly states that mass conservation means equal total mass of reactants and products, and explains that atoms are rearranged but not created or destroyed, which fully addresses the question."
HS-PS1-098,OSS 120b,1,"The answer correctly defines mass conservation as equal total mass of reactants and products and notes that atoms are only rearranged, matching the standard."
HS-PS1-097,Gemini Flash 3,1,"The answer accurately describes the fundamental differences between ionic and covalent bonds in terms of electron behavior and the types of elements involved, which is necessary for explaining reaction outcomes under this standard."
HS-PS1-095,Gemini Flash 3,1,The answer accurately defines electronegativity and correctly identifies the periodic trend as increasing from left to right across a period.
HS-PS1-099,Nemotron 3 Super 120b a12,1,"The answer correctly explains that fusion releases large energy via mass‑defect conversion (E=mc²) and notes the strong nuclear force’s greater binding energy compared to chemical forces, which adequately addresses the question for HS‑PS1‑8."
HS-PS1-098,Gemini Flash 3,1,"The reference answer accurately defines conservation of mass by relating the equality of reactant and product mass to the underlying principle that atoms are rearranged rather than created or destroyed, as required by the standard."
HS-PS2-081,Nemotron 3 Super 120b a12,1,"The answer correctly defines impulse as force × time, links it to momentum change, and explains how increasing collision time reduces force, which fully addresses the question."
HS-PS1-099,OSS 120b,1,The answer correctly explains that fusion releases far more energy because of mass‑energy conversion via E=mc² and the much larger nuclear binding energy compared to chemical bond energies.
HS-PS2-081,OSS 120b,1,"The answer correctly defines impulse as force multiplied by time, links it to change in momentum, and explains that a longer collision time reduces the average force, fully addressing the question."
HS-PS1-099,Gemini Flash 3,1,The answer accurately explains the energy release through the mass-energy equivalence principle and the relative strength of nuclear forces compared to chemical bonds.
HS-PS2-082,Nemotron 3 Super 120b a12,1,"The answer correctly states that doubling the distance reduces the electrostatic force to one‑fourth, which follows directly from the inverse‑square dependence in Coulomb's Law."
HS-PS2-082,OSS 120b,1,"The answer correctly states that the force becomes one-quarter of the original, reflecting the inverse-square relationship in Coulomb's Law."
HS-PS2-081,Gemini Flash 3,1,"The answer accurately defines impulse as the product of force and time, relates it to the change in momentum, and correctly explains the inverse relationship between force and time."
HS-PS2-082,Gemini Flash 3,1,The answer accurately describes the inverse square relationship in Coulomb's Law and correctly calculates that doubling the distance results in one-fourth of the original force.
HS-PS2-083,OSS 120b,1,"The answer correctly explains that zero initial momentum and absence of external forces require equal and opposite momenta after the push, matching the momentum conservation standard."
HS-PS2-083,Nemotron 3 Super 120b a12,1,"The answer correctly applies momentum conservation with zero net external force and explains why the skaters move apart with equal and opposite momenta, meeting the standard’s requirement."
HS-PS2-084,Nemotron 3 Super 120b a12,1,"The answer correctly applies the impulse‑momentum principle to explain how increasing impact time reduces average force, fully addressing the question."
HS-PS2-084,OSS 120b,1,"The answer correctly explains that the airbag lengthens the stopping time (and distance), spreading the impulse over a longer interval to reduce average force on the passenger."
HS-PS2-083,Gemini Flash 3,1,"The answer correctly applies the principle of conservation of momentum, identifying that the total momentum must remain zero in the absence of external forces, which necessitates equal and opposite momentum for the two skaters."
HS-PS2-084,Gemini Flash 3,1,The answer accurately applies the impulse-momentum theorem by explaining that increasing the duration of the impact reduces the average force exerted on the passenger.
HS-PS2-085,OSS 120b,1,"The answer correctly explains the inverse-square relationship from Newton's law, giving a clear reason why the force weakens with distance."
HS-PS2-085,Nemotron 3 Super 120b a12,1,"The answer correctly states that gravitational force follows an inverse‑square law with distance and provides a clear explanation, which satisfies HS‑PS2‑4."
HS-PS2-086,OSS 120b,1,"The answer correctly explains that only a changing magnetic flux induces EMF and current, aligning with Faraday's law and the HS-PS2-5 standard."
HS-PS2-086,Nemotron 3 Super 120b a12,1,"The answer correctly states Faraday's law, linking changing magnetic flux to induced EMF and current, fully addressing the question."
HS-PS2-085,Gemini Flash 3,1,The answer correctly identifies the inverse square law relationship and provides an accurate mathematical example of how force decreases as distance increases.
HS-PS2-086,Gemini Flash 3,1,"The answer accurately explains that a change in magnetic flux is necessary to generate electromotive force (EMF) and current, which is the core principle of electromagnetic induction described in the standard."
HS-PS2-087,Nemotron 3 Super 120b a12,1,"The reference answer correctly applies F=ma to calculate the new acceleration (≈0.67 m/s²) and explains the inverse relationship between mass and acceleration for constant force, satisfying HS‑PS2-1."
HS-PS2-088,Nemotron 3 Super 120b a12,1,"The answer correctly applies conservation of momentum to calculate the post‑catch velocity and explains the result, satisfying the standard."
HS-PS2-087,OSS 120b,1,"The answer correctly applies F=ma to compute the unchanged force (20 N) and finds the new acceleration (≈0.67 m/s²), fully addressing the question."
HS-PS2-087,Gemini Flash 3,1,The answer correctly applies Newton's second law to determine that tripling the mass while keeping force constant results in one-third the acceleration (0.67 m/s²).
HS-PS2-089,Nemotron 3 Super 120b a12,1,"The answer correctly uses the impulse‑momentum relationship to explain that a longer stopping time from foam compression reduces the average force on the egg, fully addressing the standard."
HS-PS2-088,OSS 120b,1,"The answer correctly applies conservation of momentum, uses the appropriate masses, computes the final speed (~0.086 m/s) and notes the direction, fully addressing the question."
HS-PS2-089,OSS 120b,1,"The answer correctly identifies the foam-lined container as exerting less force and explains it using impulse and impact time, which fully addresses the question."
HS-PS2-090,Nemotron 3 Super 120b a12,1,The answer correctly uses Newton's law of gravitation and the inverse‑square relationship to show that the force at the Moon’s distance is 1/3600 of the force at Earth’s surface.
HS-PS2-088,Gemini Flash 3,1,"The answer correctly applies the conservation of momentum formula, performs the calculation accurately, and provides both the direction and a qualitative justification for the result."
HS-PS2-089,Gemini Flash 3,1,The answer accurately applies the impulse-momentum theorem to explain how increasing collision time reduces the average force exerted on the egg.
HS-PS2-091,Nemotron 3 Super 120b a12,1,"The answer correctly describes the compass needle deflecting to align with the wire’s circular magnetic field, showing that a steady current produces a magnetic field, which satisfies the inquiry posed."
HS-PS2-090,OSS 120b,1,"The answer correctly applies the inverse-square law, giving the force as 1/3600 of the surface value, which fully addresses the comparison."
HS-PS2-090,Gemini Flash 3,1,"The answer correctly applies Newton's Law of Gravitation by explaining the inverse square relationship and performing the specific calculation (60^2 = 3,600) required by the question."
HS-PS2-091,OSS 120b,1,The answer correctly predicts compass deflection due to the magnetic field generated by the steady current and explains that this shows the wire produces a magnetic field.
HS-PS2-091,Gemini Flash 3,1,"The answer accurately predicts the compass's behavior and correctly concludes that the current creates a magnetic field, directly addressing the requirements of the HS-PS2-5 standard."
HS-PS4-084,Nemotron 3 Super 120b a12,1,"The answer correctly explains that digital files consist of exact binary sequences, allowing perfect copies without degradation, which directly addresses the advantage of digital storage and transmission."
HS-PS4-083,Nemotron 3 Super 120b a12,0,The answer correctly notes that wave speed changes with medium but omits the constant frequency and the mathematical relationship v = fλ needed to fully support the claim per HS-PS4-1.
HS-PS4-083,OSS 120b,1,The answer correctly states that wave speed changes when entering a different medium and provides the appropriate physical reasoning.
HS-PS4-084,OSS 120b,1,"The answer correctly explains that digital files consist of exact binary sequences that can be reproduced perfectly, avoiding the degradation seen in analog copying."
HS-PS4-084,Gemini Flash 3,1,The answer accurately explains that digital information is stored as discrete binary digits which allow for perfect replication without the cumulative noise associated with analog signals.
HS-PS4-083,Gemini Flash 3,1,"The answer accurately states that wave speed changes between media and correctly attributes this change to the physical properties of the medium, which is fundamental to understanding the wave speed relationship in HS-PS4-1."
HS-PS4-085,Nemotron 3 Super 120b a12,1,"The answer correctly states that UV photons have higher energy due to their higher frequency, sufficient to damage skin DNA/proteins and cause sunburn, whereas visible light photons lack this energy, which adequately addresses the question."
HS-PS4-085,OSS 120b,1,"The answer correctly explains that UV photons have higher energy than visible photons, which allows them to damage DNA and proteins in skin cells and cause sunburn, whereas visible light photons lack sufficient energy for such damage."
HS-PS4-086,OSS 120b,1,"The answer correctly explains that gamma rays’ high photon energy ionizes atoms and damages DNA, while radio waves lack sufficient energy to cause such molecular damage, fully addressing the safety difference."
HS-PS4-085,Gemini Flash 3,1,"The answer correctly identifies that the higher frequency of UV radiation corresponds to higher photon energy, which is necessary to cause the molecular damage that leads to a sunburn."
HS-PS4-086,Gemini Flash 3,1,"The answer accurately explains the relationship between frequency, photon energy, and the ability to ionize matter, which is the fundamental physical reason for the difference in health risks between gamma rays and radio waves."
HS-PS4-087,OSS 120b,1,"The answer correctly identifies instant electronic transmission and lossless copying as key advantages over physical film, fully addressing the question."
HS-PS4-086,Nemotron 3 Super 120b a12,1,"The answer correctly states that gamma rays’ high-frequency photons carry enough energy to ionize atoms and damage DNA, while radio‑wave photons lack this energy, explaining the greater danger of gamma rays."
HS-PS4-087,Nemotron 3 Super 120b a12,1,The answer correctly identifies instant transmission and lossless copying as key advantages of digital storage for immediate remote access.
HS-PS4-087,Gemini Flash 3,1,"The answer accurately identifies the key advantages of digital information in terms of transmission speed and the ability to copy data without degradation, directly addressing the requirements of standard HS-PS4-2."
HS-LS1-090,OSS 120b,1,"The answer correctly describes the nervous system’s role in detecting, processing, and coordinating information to maintain overall bodily function, matching the standard."
HS-LS1-090,Nemotron 3 Super 120b a12,1,"The answer correctly states that the nervous system detects and processes environmental information, coordinates responses among other systems to maintain overall function, and is organized from nervous tissue into organs like the brain, spinal cord, and nerves, addressing the hierarchical organizat"
HS-LS1-090,Gemini Flash 3,1,The answer accurately describes both the nervous system's regulatory function and its hierarchical structure of tissues and organs as required by the standard.
HS-LS1-091,OSS 120b,1,"The answer correctly lists the mitotic phases in order and adds cytokinesis, providing a complete and accurate response."
HS-LS1-091,Gemini Flash 3,1,The answer correctly lists the four stages of mitosis in their proper sequence and accurately notes that cytokinesis occurs after these stages.
HS-LS1-092,OSS 120b,1,"The answer correctly identifies somatic cells (including examples like skin, liver, and blood-forming stem cells) as the cell types that continue to divide by mitosis to replace damaged or worn-out cells."
HS-LS1-091,Nemotron 3 Super 120b a12,1,"The answer correctly lists prophase, metaphase, anaphase, telophase as the phases of mitosis in order and accurately notes that cytokinesis follows mitosis."
HS-LS1-092,Nemotron 3 Super 120b a12,1,"The answer correctly identifies somatic cells that retain mitotic capacity (skin, liver, hematopoietic stem cells) and provides appropriate examples that satisfy the standard."
HS-LS1-093,OSS 120b,1,"The answer correctly identifies glucose and oxygen as reactants and carbon dioxide, water, and energy (ATP/heat) as products, fully addressing the question."
HS-LS1-093,Nemotron 3 Super 120b a12,1,"The answer correctly lists glucose and oxygen as reactants, carbon dioxide, water, and ATP (with heat) as products, aligning with the standard's description of cellular respiration."
HS-LS1-092,Gemini Flash 3,1,"The answer accurately identifies somatic cells as the type that undergo mitosis and provides correct, specific examples of tissues that use this process for maintenance and repair."
HS-LS1-094,Nemotron 3 Super 120b a12,1,"The answer correctly explains that amino acids need a nitrogen-containing amino group, which sugars lack, so nitrogen must be added from sources like ammonia."
HS-LS1-093,Gemini Flash 3,1,The answer correctly identifies the chemical reactants and products of cellular respiration and includes the energy transfer component specified in the standard.
HS-LS1-094,Gemini Flash 3,1,"The answer accurately identifies that amino acids contain nitrogen in their amino groups while sugars do not, correctly explaining the necessity of adding nitrogen from external sources to synthesize these molecules."
HS-LS1-094,OSS 120b,1,"The answer correctly explains that amino acids require a nitrogen-containing amino group not present in sugars, so cells must incorporate nitrogen to form amino acids."
HS-LS2-085,OSS 120b,1,"The answer accurately defines the 10% rule as the approximate proportion of energy transferred between trophic levels, noting that the rest is lost as heat or used in metabolism."
HS-LS2-086,Nemotron 3 Super 120b a12,1,"The answer correctly identifies the geosphere (or lithosphere) as the large carbon reservoir and gives appropriate examples, meeting the standard's expectations."
HS-LS2-085,Nemotron 3 Super 120b a12,0,The answer correctly states the 10% rule but lacks a mathematical representation as required by HS-LS2-4.
HS-LS2-086,OSS 120b,1,"The answer correctly identifies the geosphere (or lithosphere) as the large carbon reservoir in fossil fuels, rocks, and sediments, matching the expected term."
HS-LS2-085,Gemini Flash 3,1,"The answer accurately defines the 10% rule and provides the correct biological reasons for the loss of energy, satisfying the requirements of the energy flow standard."
HS-LS2-087,OSS 120b,1,"The answer correctly identifies 'ecological resilience' as the term for an ecosystem's ability to recover to its original state after disturbance, matching the standard."
HS-LS2-086,Gemini Flash 3,1,"The answer accurately identifies the geosphere (or lithosphere) as the carbon reservoir for fossil fuels and rocks, correctly aligning with the terminology used in the standard."
HS-LS2-087,Nemotron 3 Super 120b a12,1,"The answer correctly identifies the term as ecological resilience and accurately describes it as the ability to recover and return to the previous stable condition after a disturbance, which fully addresses the question."
HS-LS2-087,Gemini Flash 3,1,"The term 'ecological resilience' correctly identifies the ecosystem's ability to recover from disturbances, and the explanation accurately reflects the concepts within HS-LS2-6."
HS-LS2-088,OSS 120b,1,"The answer correctly explains that dynamic equilibrium involves slight fluctuations in populations while overall numbers and species composition stay relatively stable due to balanced births, deaths, immigration, and emigration."
HS-LS2-088,Nemotron 3 Super 120b a12,1,"The answer accurately defines dynamic equilibrium as slight population fluctuations maintained by balanced births, deaths, immigration, and emigration, which captures the concept for HS‑LS2‑6."
HS-LS2-088,Gemini Flash 3,1,"The answer accurately defines dynamic equilibrium by addressing both the fluctuations (dynamic) and the overall stability (equilibrium) through the balance of demographic processes, aligning well with the HS-LS2-6 standard."
HS-LS2-089,Nemotron 3 Super 120b a12,1,"The answer correctly defines a predator alarm call and explains how it enhances group survival, which addresses HS-LS2-8."
HS-LS2-089,OSS 120b,1,"The answer accurately defines a predator alarm call and explains its benefit to the species by increasing survival of group members, which aligns with the standard."
HS-LS2-089,Gemini Flash 3,1,"The answer accurately defines a predator alarm call and explains its role in enhancing group survival, which directly aligns with the HS-LS2-8 standard regarding group behavior and survival."
HS-LS2-090,Nemotron 3 Super 120b a12,1,"The answer correctly explains that hatchlings orient toward the brightest horizon (natural moonlight on the ocean) and that artificial lights disorient them, causing inland movement and mortality, thus showing how reducing light pollution protects them."
HS-LS3-096,Nemotron 3 Super 120b a12,1,The answer correctly identifies meiosis as the process that produces sex cells and explains how it creates new genetic combinations via chromosome segregation and crossing over.
HS-LS2-090,OSS 120b,1,"The answer correctly explains that artificial lighting disorients hatchlings, causing them to move away from the sea and suffer higher mortality, so reducing light pollution improves their survival."
HS-LS3-096,OSS 120b,1,The answer correctly identifies meiosis as the process that produces sex cells and explains how it creates new genetic combinations.
HS-LS2-090,Gemini Flash 3,1,"The answer accurately explains the biological mechanism of sea turtle hatchling navigation and how artificial light pollution disrupts this process, leading to increased mortality."
HS-LS3-096,Gemini Flash 3,1,"The answer correctly identifies meiosis and explains how it facilitates genetic variation through chromosome separation and crossing over, directly addressing the question and the standard."
HS-LS4-077,OSS 120b,1,"The answer accurately defines the species' capacity to reproduce and grow in numbers, matching the standard's first factor."
HS-LS4-077,Gemini Flash 3,1,"The answer accurately defines the potential to increase in number as the biological concept of overproduction of offspring, which is a key driver for competition and natural selection as outlined in the standard."
HS-LS4-078,Nemotron 3 Super 120b a12,1,"The answer correctly describes how the fossil record shows a chronological sequence of changing life forms, directly answering the question about evidence for species change over time."
HS-LS4-078,OSS 120b,1,"The answer correctly explains that the fossil record shows a chronological sequence of differing organisms, demonstrating change over time."
HS-LS4-079,OSS 120b,1,The answer correctly explains that heritable variation is needed so advantageous traits can be passed on and accumulate over generations for natural selection to act upon.
HS-LS4-078,Gemini Flash 3,1,"The answer accurately explains how the chronological layering of fossils demonstrates the progression and change of life forms over time, aligning with the requirements of the standard."
HS-LS4-079,Nemotron 3 Super 120b a12,1,"The answer correctly explains that heritable variation allows traits to persist across generations, enabling natural selection to act, which directly addresses why heritability is essential for evolution."
HS-LS4-080,Nemotron 3 Super 120b a12,1,"The answer correctly explains that random genetic drift can outweigh selective advantage in small populations, directly addressing why a beneficial trait might disappear."
HS-LS4-080,OSS 120b,1,"The answer correctly explains that genetic drift in small populations can randomly eliminate advantageous traits, addressing why beneficial traits may disappear despite their advantage."
HS-LS4-077,Nemotron 3 Super 120b a12,1,"The answer correctly identifies the species' capacity to reproduce and grow its population, and appropriately links this potential to the ensuing competition for limited resources that drives natural selection."
HS-LS4-079,Gemini Flash 3,1,"The answer accurately explains that heritability is necessary for traits to persist across generations, enabling natural selection to lead to evolutionary changes in a population."
HS-LS4-081,OSS 120b,1,"The answer correctly states that only heritable traits can be acted on by natural selection, explaining why non‑heritable traits cannot increase in frequency."
HS-LS4-082,Nemotron 3 Super 120b a12,1,"The answer correctly explains that a sudden environmental change can exceed a species' ability to adapt via natural selection, resulting in no individuals with suitable traits, population decline, and possible extinction."
HS-LS4-081,Nemotron 3 Super 120b a12,1,"The answer correctly explains that heritability is required for natural selection to alter trait frequencies, which directly addresses the question and aligns with the standard."
HS-LS4-082,OSS 120b,1,"The answer correctly explains that rapid environmental change can outpace a species' ability to adapt, leading to a lack of suitable traits, population decline, and eventual extinction, which directly addresses the question."
HS-LS4-082,Gemini Flash 3,1,"The answer accurately explains that extinction occurs when environmental changes outpace a species' ability to adapt via natural selection, leading to a lack of surviving individuals."
HS-LS4-080,Gemini Flash 3,1,"The answer correctly identifies genetic drift and the impact of random events in small populations, accurately reflecting the probabilistic nature of trait frequency as specified in HS-LS4-3."
HS-LS4-083,OSS 120b,1,"The answer correctly explains that the whale-like fossil with hind limb bones is a transitional form, providing physical evidence of land-to-aquatic evolution and supporting common ancestry."
HS-LS4-083,Nemotron 3 Super 120b a12,1,"The answer correctly identifies the fossil as a transitional form showing a whale-like body with remnant hind limb bones, providing empirical evidence that supports common ancestry and evolution from land‑dwelling ancestors."
HS-LS4-083,Gemini Flash 3,1,The answer accurately explains how transitional fossils serve as empirical evidence for evolution by documenting intermediate physical traits between ancestral land mammals and modern aquatic whales.
HS-LS4-085,Nemotron 3 Super 120b a12,1,"The answer correctly predicts that white fur will increase due to a survival advantage and references the increased probability of the advantageous allele being passed each generation, aligning with the standard's requirement to use probability concepts to explain trait frequency changes."
HS-LS4-084,Nemotron 3 Super 120b a12,1,"The reference answer correctly predicts that darker beetles will become more common due to predation pressure and correctly identifies the relevant evolutionary factors (heritable variation, competition/predation, and differential survival/reproduction), which sufficiently addresses the standard."
HS-LS4-084,OSS 120b,1,"The answer correctly predicts a shift toward darker beetles and identifies the relevant evolutionary factors (competition/predation, heritable variation, and differential reproductive success) that explain the change."
HS-LS4-085,Gemini Flash 3,1,"The answer correctly predicts the change in population proportions and explains it using the concepts of survival advantage, differential reproduction, and allele transmission probability as required by the standard."
HS-LS4-086,OSS 120b,1,"The answer correctly predicts an increase in green beetles and explains it using natural selection and differential survival, meeting the standard."
HS-LS4-086,Nemotron 3 Super 120b a12,1,"The answer correctly explains that green beetles will increase due to better camouflage, higher survival and reproduction, and inheritance of the trait, illustrating natural selection leading to adaptation."
HS-LS4-086,Gemini Flash 3,1,"The answer accurately describes the mechanism of natural selection, including differential survival, reproduction, and heritability, which directly addresses the standard HS-LS4-4."
HS-LS4-085,OSS 120b,1,"The answer correctly predicts that white-furred mice will become more common and brown-furred mice less common due to selective advantage and heritability, satisfying the standard."
HS-ESS1-089,OSS 120b,1,The answer correctly explains that continuous formation of new crust at the ridge and outward spreading makes central rocks younger than those farther away.
HS-ESS1-089,Nemotron 3 Super 120b a12,1,"The answer correctly explains that new oceanic crust forms at the ridge and spreads outward, making rocks farther away progressively older."
HS-ESS1-089,Gemini Flash 3,1,"The answer accurately describes the process of seafloor spreading and magma solidification at mid-ocean ridges, which correctly explains the age gradient of oceanic crust."
HS-LS4-084,Gemini Flash 3,1,The answer accurately predicts the phenotypic shift and correctly identifies and applies the relevant components of the HS-LS4-2 standard to the provided scenario.
HS-ESS1-090,OSS 120b,1,"The answer correctly explains that deeper rocks are older because they were formed first and later buried by newer material, reflecting the principle of superposition."
HS-ESS1-090,Nemotron 3 Super 120b a12,1,"The answer correctly explains that older rocks are buried beneath younger deposits via sedimentation, volcanism, and other processes, which adequately addresses why depth correlates with age in continental crust."
HS-ESS1-091,OSS 120b,1,The answer correctly states that rock ages increase with distance from the ridge and explains it by continuous crust formation and outward spreading.
HS-ESS1-090,Gemini Flash 3,1,"The answer accurately explains the Law of Superposition, which is the fundamental geological principle describing why rock age increases with depth in a sequence of crustal layers."
HS-ESS1-091,Nemotron 3 Super 120b a12,1,"The answer correctly states that rock age increases with distance from a mid‑ocean ridge due to continuous crust formation and outward spreading, which aligns with HS‑ESS1‑5."
HS-ESS1-091,Gemini Flash 3,1,"The answer accurately describes the relationship between distance from a mid-ocean ridge and the age of oceanic crust, correctly identifying seafloor spreading as the underlying mechanism."
HS-ESS3-077,OSS 120b,1,The answer correctly defines a floodplain and explains its relevance to human settlement by noting fertile soils and flood hazards.
HS-ESS3-077,Nemotron 3 Super 120b a12,1,"The answer correctly defines a floodplain and explains both the resource (fertile soil) and hazard (flood) reasons for human settlement, which satisfies the question and aligns with the standard."
HS-LS2-081,Gemini Flash 3,1,"The answer accurately explains the causal chain of eutrophication and its direct impact on biodiversity and population sizes, which are central concepts of the HS-LS2-2 standard."
HS-ESS3-078,Nemotron 3 Super 120b a12,1,"The answer correctly explains that open-access leads to overharvesting while managed quotas enforce sustainable catch levels, directly addressing why quotas prevent population collapse."
HS-ESS3-078,OSS 120b,1,"The answer correctly explains the tragedy of the commons and how quotas limit total catch to sustainable levels, preventing overexploitation and population collapse."
HS-ESS3-077,Gemini Flash 3,1,"The answer accurately defines a floodplain and explains its dual impact on human settlement through fertile soil resources and flooding hazards, aligning well with the HS-ESS3-1 standard."
HS-ESS3-079,Nemotron 3 Super 120b a12,1,"The answer accurately explains how permeable pavement reduces stormwater runoff volume and speed, mitigates flooding and pollution, and recharges groundwater, directly addressing the impact of urban development on local water systems."
HS-ESS3-079,Gemini Flash 3,1,"The answer accurately describes the mechanism of permeable pavement and its specific benefits for stormwater management and groundwater recharge, directly addressing the standard."
HS-ESS3-078,Gemini Flash 3,1,"The answer accurately explains the mechanism by which managed quotas prevent overexploitation of a shared resource, addressing both the incentive problem of open access and the biological requirement for population sustainability."
HS-ESS3-080,OSS 120b,1,"The answer correctly identifies the wind farm as the more favorable option over 30 years based on higher upfront costs offset by lower long-term fuel and environmental costs, aligning with the cost‑benefit evaluation required by the standard."
HS-ESS3-080,Nemotron 3 Super 120b a12,1,"The answer correctly identifies the offshore wind farm as more favorable over 30 years due to lower long‑term fuel and carbon costs outweighing higher upfront investment, addressing the cost‑benefit analysis required by the standard."
HS-ESS3-079,OSS 120b,1,"The answer correctly explains that permeable pavement reduces runoff volume and speed, mitigates flooding, lowers pollutant transport, and promotes groundwater recharge, thereby lessening urban development impacts on local water systems."
HS-ESS3-081,OSS 120b,1,"The answer correctly predicts declining groundwater, reduced human water supply, and shrinking wetlands with biodiversity loss, covering both aspects asked."
HS-ESS3-081,Nemotron 3 Super 120b a12,1,"The answer correctly describes declining groundwater leading to reduced human water supply and loss of wetland habitat, which aligns with the model's prediction."
HS-ESS3-080,Gemini Flash 3,1,The answer correctly evaluates the long-term economic and environmental trade-offs between the two energy sources as required by the standard.
HS-ETS1-091,Nemotron 3 Super 120b a12,1,"The answer correctly identifies the term decomposition, which is the engineering process of breaking a complex problem into smaller sub‑problems, fully addressing the question."
HS-ESS3-081,Gemini Flash 3,1,"The answer accurately describes the direct consequences of groundwater depletion on both human resource sustainability and the biodiversity of dependent ecosystems, fulfilling all parts of the question and the standard."
HS-ESS3-082,Gemini Flash 3,1,"The answer accurately identifies transpiration as the mechanism linking the biosphere and atmosphere, explaining how deforestation reduces atmospheric moisture and disrupts the water cycle."
HS-ESS3-082,OSS 120b,1,"The answer correctly explains how deforestation reduces transpiration, lowering atmospheric moisture and thus rainfall, matching the Earth system interaction required."
HS-ETS1-091,Gemini Flash 3,1,"The term 'decomposition' is the accurate engineering term for breaking a complex problem into smaller sub-problems, and the answer correctly defines its application within the engineering design process."
HS-ETS1-091,OSS 120b,1,The answer correctly identifies 'decomposition' as the engineering term for breaking a complex problem into smaller sub‑problems.
HS-ESS3-082,Nemotron 3 Super 120b a12,1,"The answer correctly explains that deforestation reduces transpiration, lowering atmospheric moisture and rainfall, thereby illustrating how human activity modifies Earth system interactions as shown by the computational model."
HS-ETS1-092,Nemotron 3 Super 120b a12,1,"The answer correctly explains that constraints conflict due to trade‑offs (e.g., performance vs. cost or environmental impact) and notes the need to balance competing limitations, which fully addresses the question."
HS-ETS1-092,OSS 120b,1,"The answer correctly explains that improving one design aspect can violate another constraint, highlighting the need to balance competing limitations, which addresses why constraints conflict and makes the design process harder."
HS-ETS1-093,Nemotron 3 Super 120b a12,1,"The answer correctly explains that a simulation models component relationships and recomputes effects when a variable changes, revealing system-wide interactions."
HS-ETS1-093,OSS 120b,1,"The answer accurately explains that simulations model relationships and automatically recalculate effects of variable changes, revealing system-wide interactions."
HS-ETS1-092,Gemini Flash 3,1,"The answer accurately explains the concept of trade-offs in engineering design, providing relevant examples of how performance, budget, and environmental constraints often conflict."
HS-PS2-092,Nemotron 3 Super 120b a12,1,"The answer correctly identifies the term ""crumple zones"" and explains how they reduce force by increasing collision time, which fully addresses the question and aligns with HS-PS2-3."
HS-ETS1-093,Gemini Flash 3,1,"The answer accurately explains that simulations use mathematical models to calculate and reveal interactions between system components when variables are changed, which aligns with the standard's focus on system interactions."
HS-PS2-092,OSS 120b,1,"The answer correctly identifies the term as 'crumple zones' and explains its purpose in reducing impact force, fully addressing the question."
HS-PS2-092,Gemini Flash 3,1,"The answer correctly identifies crumple zones and accurately explains the physics of how they reduce force by increasing the duration of the impact, which perfectly aligns with the standard."
HS-PS3-098,OSS 120b,1,"The answer correctly defines thermal energy as the total kinetic energy of the randomly moving particles, which matches the expected explanation for this standard."
HS-PS3-098,Nemotron 3 Super 120b a12,0,"The answer only describes kinetic energy and neglects the potential energy component from particle positions, making it incomplete for the standard."
HS-PS3-099,OSS 120b,1,"The answer correctly identifies the stored energy as potential energy and explains it arises from relative positions, satisfying the standard."
HS-PS3-099,Nemotron 3 Super 120b a12,1,"The answer correctly identifies potential energy as energy due to relative position, aligning with HS‑PS3‑2."
HS-PS3-099,Gemini Flash 3,1,The answer accurately identifies potential energy and correctly relates it to the relative position of objects as required by the standard.
HS-PS4-088,Nemotron 3 Super 120b a12,1,"The answer correctly defines signal noise as unwanted interference and explains that it distorts the signal, hindering accurate reconstruction of the message."
HS-PS4-088,OSS 120b,1,The answer correctly defines signal noise and explains why it hinders accurate information transmission.
HS-PS4-089,Nemotron 3 Super 120b a12,1,The listed regions correctly follow the electromagnetic spectrum from lowest to highest frequency.
HS-PS4-089,OSS 120b,1,The answer correctly lists the main EM spectrum regions in order from lowest to highest frequency.
HS-PS4-088,Gemini Flash 3,1,"The answer accurately defines signal noise and correctly explains its impact on information integrity, providing a sufficient foundation for the standard's focus on transmission advantages."
HS-PS4-089,Gemini Flash 3,1,The reference answer correctly identifies the sequence of electromagnetic spectrum regions from the lowest frequency to the highest frequency.
HS-PS4-090,Nemotron 3 Super 120b a12,1,"The answer correctly explains that digital signals' discrete values allow noise tolerance and exact reconstruction, while analog signals' continuous values suffer permanent noise accumulation, addressing the advantage of digital transmission over long distances."
HS-PS4-090,OSS 120b,1,"The answer correctly explains that digital's discrete levels allow noise to be ignored and regenerated, whereas analog's continuous values accumulate noise, addressing the advantage of digital transmission over long distances."
HS-LS1-095,Nemotron 3 Super 120b a12,1,"The answer correctly explains that grouped cells cooperate, combine outputs, and communicate to produce coordinated functions (e.g., muscle contraction) that a single cell cannot achieve."
HS-PS4-090,Gemini Flash 3,1,"The answer correctly identifies that the discrete nature of digital signals allows for noise to be filtered out and the original signal to be reconstructed, whereas noise in continuous analog signals is permanent and cumulative."
HS-LS1-095,OSS 120b,1,"The answer correctly explains that cell cooperation, communication, and coordinated activity in tissues enable functions (e.g., muscle contraction) that single cells cannot perform, meeting the standard."
HS-LS4-065,Gemini Flash 3,1,"The answer accurately defines comparative embryology and clearly explains how shared embryonic similarities among diverse vertebrates point to a common ancestor, which aligns well with the HS-LS4-1 standard."
HS-LS2-091,OSS 120b,1,"The answer correctly explains that ecosystem scale denotes the spatial size or geographic extent of study, ranging from local to regional/global, and notes its relevance to biodiversity and population measurements."
HS-LS1-095,Gemini Flash 3,1,"The answer accurately explains how cellular cooperation, communication, and combined output enable tissues to perform specialized functions beyond the capability of individual cells."
HS-LS2-091,Nemotron 3 Super 120b a12,1,"The answer correctly defines ecosystem scale as the spatial extent being studied and explains its relevance to biodiversity factors and population data, which aligns with the standard."
HS-LS2-092,Nemotron 3 Super 120b a12,1,"The reference answer correctly identifies ecological succession as the process of gradual ecosystem change after a disturbance, which aligns with the standard's concept of changing conditions leading to a new ecosystem."
HS-LS2-092,OSS 120b,1,The answer correctly identifies ecological succession as the process of ecosystem replacement after disturbance and adequately explains it.
HS-LS2-092,Gemini Flash 3,1,"The term 'ecological succession' correctly identifies the process of ecosystem replacement after a disturbance, and the explanation aligns well with the complexity required by standard HS-LS2-6."
HS-LS2-091,Gemini Flash 3,1,The answer accurately defines ecosystem scale in terms of spatial extent and explains its relevance to biodiversity and population data as required by the standard.
HS-LS2-093,OSS 120b,1,"The answer correctly defines mobbing behavior as a collective anti-predator action and explains its benefit to individual and group survival, meeting the standard."
HS-LS2-093,Nemotron 3 Super 120b a12,1,"The answer correctly defines mobbing behavior as a group anti-predator response that lowers individual predation risk and enhances group survival, aligning with the standard."
HS-LS2-093,Gemini Flash 3,1,"The answer accurately defines mobbing behavior and explains its benefits for individual and group survival, which aligns perfectly with the HS-LS2-8 standard."
HS-LS3-097,OSS 120b,1,"The answer correctly identifies meiosis as the division type and states that gametes are haploid with 23 chromosomes, matching the expected high‑school answer."
HS-LS4-087,OSS 120b,1,"The answer accurately defines common ancestry as shared descent from a single ancestral species and conveys the branching tree concept, meeting the question's requirement."
HS-LS3-097,Nemotron 3 Super 120b a12,1,"The answer correctly states that meiosis produces egg and sperm cells and that these gametes are haploid with 23 chromosomes, fully answering the question."
HS-LS4-087,Nemotron 3 Super 120b a12,1,"The answer accurately defines common ancestry as species sharing a single ancestral species and references the branching tree of descent, which correctly captures the concept for the standard."
HS-LS3-097,Gemini Flash 3,1,"The answer accurately identifies meiosis as the process and correctly states that human gametes are haploid with 23 chromosomes, which directly addresses the question and supports the standard."
HS-LS4-088,OSS 120b,1,The answer correctly identifies DNA sequence comparisons as a major molecular line of evidence supporting common ancestry.
HS-LS4-088,Nemotron 3 Super 120b a12,1,"The answer correctly identifies DNA sequence comparisons as a strong molecular evidence supporting common ancestry, which satisfies the question."
HS-PS3-098,Gemini Flash 3,1,"The answer accurately defines thermal energy as the total kinetic energy of particles, which directly addresses the 'motion of particles' component of the HS-PS3-2 standard."
HS-LS4-089,Nemotron 3 Super 120b a12,1,"The answer correctly defines vestigial structures and explains how they indicate ancestral functions, supporting common ancestry and evolutionary change as required by the standard."
HS-LS4-089,OSS 120b,1,"The answer correctly defines vestigial structures and explains they indicate ancestral functions, supporting common ancestry and evolutionary change."
HS-LS4-088,Gemini Flash 3,1,The answer correctly identifies DNA sequence comparison as a primary form of molecular evidence and explains how sequence similarity correlates with the recency of common ancestry.
HS-LS4-090,OSS 120b,1,"The answer correctly defines selective pressure as an environmental factor influencing survival and reproduction, thus affecting trait frequencies, which aligns with the standard."
HS-LS4-090,Nemotron 3 Super 120b a12,1,"The reference answer accurately defines selective pressure as an environmental factor affecting survival and reproduction, which aligns with the concept needed for HS-LS4-5."
HS-LS4-089,Gemini Flash 3,1,"The answer accurately defines vestigial structures, provides relevant examples, and correctly explains their significance as evidence for common ancestry and evolutionary history."
HS-LS4-091,OSS 120b,1,"The answer correctly predicts that dark-colored beetles will increase relative to light-colored beetles due to improved camouflage and reduced predation, aligning with natural selection under altered environmental conditions."
HS-LS4-090,Gemini Flash 3,1,The answer accurately defines selective pressure and provides appropriate examples that illustrate how environmental factors drive natural selection and changes in population traits.
HS-LS4-091,Nemotron 3 Super 120b a12,1,"The answer correctly predicts that dark-colored beetles will increase due to better camouflage and light-colored beetles will decrease due to higher predation, illustrating natural selection from environmental change, which aligns with the standard."
HS-LS4-091,Gemini Flash 3,1,"The answer accurately predicts the shifts in population numbers based on natural selection and environmental change, directly addressing the requirements of standard HS-LS4-5."
HS-ESS1-092,OSS 120b,1,"The answer correctly identifies nuclear fusion of hydrogen into helium as the sun's energy source, fully addressing the question."
HS-ESS1-092,Nemotron 3 Super 120b a12,1,The answer correctly identifies nuclear fusion of hydrogen into helium in the Sun's core as the reaction that powers the Sun and releases energy.
HS-ESS1-093,OSS 120b,1,"The answer correctly explains that the predicted primordial 3:1 hydrogen‑helium mass ratio from Big Bang nucleosynthesis matches the observed ~75% hydrogen, 25% helium composition, thus supporting the theory."
HS-ESS1-092,Gemini Flash 3,1,The answer accurately identifies nuclear fusion as the sun's energy source and correctly describes the process of hydrogen nuclei fusing into helium.
HS-LS4-087,Gemini Flash 3,1,"The answer accurately defines common ancestry and its implication for the relatedness of all life through a branching tree of descent, which aligns with the HS-LS4-1 standard."
HS-ESS1-093,Nemotron 3 Super 120b a12,1,"The answer correctly explains that the observed 3:1 hydrogen‑to‑helium mass ratio matches the Big Bang nucleosynthesis prediction, thus supporting the theory."
HS-ESS1-094,Nemotron 3 Super 120b a12,0,"The reference answer incorrectly states that the Sun's energy output would drastically drop when core hydrogen is exhausted; in reality, the Sun would expand and become more luminous as a red giant, increasing the energy reaching Earth before any eventual decline."
HS-ESS1-093,Gemini Flash 3,1,"The answer accurately explains how Big Bang Nucleosynthesis predicts the observed 3:1 ratio of hydrogen to helium based on the hot, dense conditions of the early universe."
HS-ESS1-095,Nemotron 3 Super 120b a12,1,"The answer correctly states the Sun has used about half its hydrogen fuel and is in the middle of its main‑sequence stage, which aligns with the given ages."
HS-ESS1-094,OSS 120b,0,"The answer incorrectly says the Sun’s energy would simply drop, omitting the red‑giant expansion and luminosity increase that actually occur before any long‑term cooling, so it is incomplete and misleading."
HS-ESS1-094,Gemini Flash 3,0,"The answer is scientifically inaccurate because the Sun will transition into a red giant after core hydrogen exhaustion, causing temperatures on Earth to rise dramatically rather than plummet."
HS-ESS1-095,OSS 120b,1,"The answer correctly states that the Sun has used roughly half of its hydrogen fuel and is in the middle of its main‑sequence stage, addressing both asked aspects."
HS-ESS1-095,Gemini Flash 3,1,The answer accurately calculates the fuel usage based on the provided timeframe and correctly identifies both the life cycle stage and the physical processes required by the standard.
HS-ESS2-096,Nemotron 3 Super 120b a12,1,"The answer correctly defines positive feedback as amplifying the original change and negative feedback as counteracting it to stabilize the system, which fully addresses the question."
HS-ESS2-096,OSS 120b,1,"The answer accurately defines positive feedback as amplifying the original change and negative feedback as counteracting it, which correctly addresses the question."
HS-ESS3-083,Nemotron 3 Super 120b a12,1,"The answer accurately defines carrying capacity as the maximum sustainable population size given resources such as food, water, and space."
HS-ESS2-095,OSS 120b,0,"The answer defines deforestation correctly but omits the lithosphere (soil erosion and land changes), so it is not fully complete."
HS-ESS2-095,Nemotron 3 Super 120b a12,0,"The answer correctly defines deforestation and identifies biosphere, atmosphere, and hydrosphere impacts, but omits direct effects on the lithosphere (soil erosion and degradation), making it incomplete for the standard."
HS-ESS3-083,OSS 120b,1,"The answer accurately defines carrying capacity in ecological terms, matching the expected explanation for a high school audience."
HS-ESS2-096,Gemini Flash 3,1,The answer accurately and concisely defines the fundamental distinction between positive and negative feedback mechanisms in Earth systems.
HS-ESS3-084,OSS 120b,1,The answer accurately defines carbon capture as collecting CO₂ emissions before atmospheric release and storing or repurposing them to mitigate greenhouse‑gas buildup.
HS-ESS2-095,Gemini Flash 3,1,"The answer accurately defines deforestation and correctly identifies and explains its impact on three major Earth systems, providing sufficient detail for a high school level benchmark."
HS-ESS3-083,Gemini Flash 3,1,"The answer provides an accurate and concise definition of carrying capacity, a central concept for understanding the sustainability of populations as required by the standard."
HS-ESS3-084,Nemotron 3 Super 120b a12,1,"The answer correctly defines carbon capture as collecting CO2 emissions before release and storing or repurposing them to reduce greenhouse gas buildup, which aligns with the standard's focus on technological solutions to lessen human impacts on natural systems."
HS-ESS3-085,OSS 120b,1,"The answer correctly defines climate sensitivity as the temperature rise from a CO₂ doubling and notes its role in climate forecasts, meeting the question's requirement."
HS-ESS3-085,Nemotron 3 Super 120b a12,1,"The answer correctly defines climate sensitivity as the expected global average temperature increase from a CO₂ doubling and notes its role in climate models, which satisfies the standard."
HS-ESS3-086,OSS 120b,1,"The answer correctly explains that drying climate reduces water and soil fertility, prompting migration or adoption of drought-resistant crops and irrigation, which fully addresses the question."
HS-ESS3-085,Gemini Flash 3,1,"The definition accurately describes climate sensitivity as the temperature change resulting from doubled CO2 levels, which is the standard metric used in climate modeling to forecast future warming."
HS-ESS3-086,Nemotron 3 Super 120b a12,1,"The answer correctly explains that drier conditions reduce water and soil productivity, prompting migration or agricultural adaptations like drought-resistant crops and irrigation."
HS-ESS3-087,Nemotron 3 Super 120b a12,1,"The answer correctly explains that removing a keystone species disrupts predator-prey and competitive interactions, leading to a cascade of species declines and reduced biodiversity."
HS-ESS3-086,Gemini Flash 3,1,The reference answer correctly identifies the logical connection between climate-driven resource scarcity and the resulting human responses of migration and agricultural adaptation.
HS-ESS3-087,OSS 120b,1,"The answer correctly explains that a keystone species has outsized ecological influence and its removal disrupts predator-prey and competitive balances, leading to cascading extinctions and a sharp decline in biodiversity."
HS-ESS3-088,OSS 120b,1,"The answer correctly explains how constructed wetlands filter runoff, settle sediments, and remove nutrients, thereby lessening eutrophication and protecting aquatic ecosystems."
HS-ESS3-087,Gemini Flash 3,1,The answer accurately defines the role of a keystone species and correctly explains the ecological cascade effect that leads to a sharp decline in biodiversity when such a species is removed.
HS-ESS3-088,Nemotron 3 Super 120b a12,1,"The answer correctly describes how constructed wetlands filter runoff by settling sediments and plant uptake of nutrients, thereby reducing impacts on rivers and lakes."
HS-ESS3-089,OSS 120b,1,"The answer correctly explains the ice‑albedo feedback, showing how loss of reflective ice exposes darker water that absorbs more solar energy, thereby accelerating regional warming."
HS-ESS3-089,Nemotron 3 Super 120b a12,1,"The answer correctly describes the ice‑albedo feedback mechanism that accelerates Arctic warming after sea‑ice melt, which fully addresses the question."
HS-ETS1-094,OSS 120b,1,"The answer correctly defines a constraint as a limitation/restriction such as cost, materials, size, or time that bounds the engineering solution."
HS-ESS3-089,Gemini Flash 3,1,"The answer accurately explains the ice-albedo feedback mechanism, identifying how the transition from reflective ice to absorbent water amplifies regional warming."
HS-ETS1-094,Nemotron 3 Super 120b a12,1,"The answer accurately defines a constraint as a limitation or restriction that a design solution must work within, giving appropriate examples and describing its role in engineering design."
HS-PS2-093,OSS 120b,1,"The answer correctly explains that with a fixed momentum change, a longer collision time leads to a smaller average force, using the impulse-momentum relationship."
HS-ETS1-094,Gemini Flash 3,1,The reference answer accurately defines constraints as limitations or restrictions and provides appropriate examples relevant to engineering design.
HS-PS2-093,Nemotron 3 Super 120b a12,1,"The answer correctly states that for a fixed change in momentum, average force is inversely proportional to collision time via the impulse‑momentum theorem, which aligns with the standard's goal of minimizing collision forces."
HS-PS2-094,OSS 120b,1,The answer correctly provides the standard Coulomb's Law formula with all necessary variables and definitions.
HS-PS2-094,Nemotron 3 Super 120b a12,1,"The answer correctly provides Coulomb's law formula with all variables defined and the constant value, which fully addresses the question."
HS-PS2-093,Gemini Flash 3,1,"The answer correctly identifies the inverse relationship between force and time based on the impulse-momentum theorem, which is the fundamental physics principle required by the standard."
HS-PS2-095,Nemotron 3 Super 120b a12,1,"The answer correctly states that doubling the distance reduces the force to one‑fourth of its original value, which follows the inverse‑square dependence of both Newton's gravitation and Coulomb's law."
HS-PS2-094,Gemini Flash 3,1,The answer provides the correct mathematical formula for Coulomb's Law and accurately defines all variables and the constant involved.
HS-PS2-095,OSS 120b,1,"The answer correctly states that doubling the distance reduces the force to one‑fourth, reflecting the inverse‑square dependence of both laws."
HS-PS2-096,OSS 120b,1,The answer correctly explains conservation of momentum using Newton's second and third laws and is sufficient for the standard.
HS-PS2-095,Gemini Flash 3,1,"The answer correctly identifies that doubling the distance results in the force decreasing to one-fourth, accurately reflecting the inverse-square relationship present in both laws."
HS-PS4-091,Nemotron 3 Super 120b a12,1,"The answer correctly gives the speed of electromagnetic waves in a vacuum as approximately 3 × 10⁸ m/s, which is accurate and sufficient for the question."
HS-PS4-091,OSS 120b,1,"The answer correctly states the speed of light in a vacuum as approximately 3 × 10⁸ m/s, fully addressing the question."
HS-PS2-096,Nemotron 3 Super 120b a12,1,"The answer correctly explains that zero net external force implies zero rate of change of total momentum via Newton’s second law, and internal forces cancel by Newton’s third law, thus conserving momentum."
HS-PS4-091,Gemini Flash 3,1,"The reference answer correctly identifies the speed of light in a vacuum using both scientific notation and common units, which is essential for applying the mathematical relationships required by the standard."
HS-PS4-092,Nemotron 3 Super 120b a12,1,"The answer correctly uses the wave equation v = fλ to explain that with constant speed, increasing frequency decreases wavelength, which fully addresses the question."
HS-PS4-092,OSS 120b,1,"The answer correctly states that with constant speed, wavelength decreases as frequency increases, matching the inverse relationship required."
HS-PS4-093,OSS 120b,1,"The answer accurately defines binary as representing information with two states (0 and 1) and relates it to physical on/off or voltage levels, fulfilling the question."
HS-PS4-093,Nemotron 3 Super 120b a12,1,"The answer correctly defines binary as using two states (0/1) representing physical off/on or low/high voltage, which accurately addresses the question about digital information storage."
HS-PS4-092,Gemini Flash 3,1,"The answer accurately describes the inverse relationship between wavelength and frequency when wave speed is constant, consistent with the formula v = fλ."
HS-LS2-094,OSS 120b,1,"The answer accurately defines biotic potential as the maximum possible growth rate under ideal, unlimited-resource conditions, which correctly addresses the question."
HS-PS4-093,Gemini Flash 3,1,The answer provides an accurate and concise definition of binary as a two-state system and correctly relates it to physical implementations in digital storage.
HS-LS2-094,Nemotron 3 Super 120b a12,1,"The answer accurately defines biotic potential as the maximum possible population growth rate under ideal, resource-unlimited conditions."
HS-PS2-096,Gemini Flash 3,1,"The answer accurately explains the relationship between Newton's second and third laws and the conservation of momentum, providing the conceptual and mathematical logic required by the standard."
HS-LS2-095,OSS 120b,1,"The answer correctly explains that removing a keystone predator leads to unchecked prey growth, overconsumption of resources, and thus a lowered carrying capacity for other species, covering the key concepts required."
HS-LS2-094,Gemini Flash 3,1,"The answer accurately defines biotic potential as the maximum growth rate under ideal conditions, which is a fundamental concept for understanding the limits to population growth and carrying capacity."
HS-LS2-096,Nemotron 3 Super 120b a12,1,"The answer accurately explains how diverse cropping increases habitat variety, food sources, and reduces pesticide use, thereby supporting greater biodiversity, which directly addresses the question."
HS-LS2-096,OSS 120b,1,"The answer correctly explains that diverse cropping provides varied habitats, food sources, and reduces pesticide use, thereby supporting more species and protecting local biodiversity."
HS-LS2-095,Gemini Flash 3,1,"The answer accurately describes how a trophic cascade resulting from the removal of a keystone predator leads to resource depletion, which directly reduces the carrying capacity for other species."
HS-LS2-096,Gemini Flash 3,1,"The answer accurately explains how crop diversity increases habitat niches and reduces harmful chemical inputs, directly addressing the mechanism by which it protects biodiversity."
HS-LS4-092,Nemotron 3 Super 120b a12,1,"The answer correctly defines biological fitness as the ability to survive, reproduce, and pass genes to the next generation, which aligns with the standard's focus on reproductive success as a driver of evolution."
HS-LS4-092,OSS 120b,1,"The answer accurately defines biological fitness as an organism's ability to survive, reproduce, and pass on genes, which aligns with the standard's expectations."
HS-LS2-095,Nemotron 3 Super 120b a12,1,"The answer correctly explains that removing a keystone predator leads to unchecked prey growth, overconsumption of resources, and a reduced carrying capacity for other species, which aligns with the concept asked in the standard."
HS-LS4-092,Gemini Flash 3,1,"The answer accurately defines biological fitness as the combination of survival and reproductive success, which aligns with the mechanisms of evolution described in the standard."
HS-LS4-093,OSS 120b,1,"The answer accurately defines 'survival of the fittest' as reproductive success of well-adapted traits, correcting misconceptions and aligning with the standard."
HS-LS4-093,Nemotron 3 Super 120b a12,1,"The answer accurately defines 'survival of the fittest' in terms of reproductive success and environmental fit, which correctly addresses the question."
HS-LS4-094,OSS 120b,1,"The answer accurately explains how older and newer fossils show progressive change and how transitional fossils provide direct evidence of evolutionary change, meeting the standard."
HS-LS4-094,Nemotron 3 Super 120b a12,1,"The answer correctly explains how the fossil record shows chronological progression of forms and provides transitional fossils as direct evidence of evolutionary change, adequately addressing the question."
HS-LS4-093,Gemini Flash 3,1,"The answer accurately defines fitness in the context of reproductive success and inheritance, which are central to the mechanism of natural selection described in standard HS-LS4-4."
HS-LS4-094,Gemini Flash 3,1,The answer accurately explains how the chronological order of fossils and the existence of transitional forms provide evidence for evolutionary progression and common ancestry.
HS-ESS1-096,OSS 120b,1,"The answer correctly defines redshift as wavelength stretching toward red and links its observation in galaxy spectra to galaxies receding, supporting the concept of an expanding universe."
HS-ESS1-097,Nemotron 3 Super 120b a12,1,"The answer correctly names the process as nuclear fusion and includes appropriate supporting detail, fully addressing the question."
HS-ESS1-096,Nemotron 3 Super 120b a12,1,"The answer accurately defines redshift as the stretching of light to longer wavelengths due to recession and correctly states that observed redshift indicates distant galaxies are moving away, providing evidence for an expanding universe, which fully addresses the question."
HS-ESS1-096,Gemini Flash 3,1,"The reference answer accurately defines redshift and correctly explains its implication for the movement of galaxies and the expansion of the universe, directly addressing the core of the standard."
HS-ESS1-097,OSS 120b,1,"The answer correctly identifies nuclear fusion as the process by which stars fuse hydrogen into helium, fully addressing the question."
HS-ESS2-097,Nemotron 3 Super 120b a12,1,"The answer correctly states that thermal convection occurs in the mantle, where heat from the core creates convection currents in semi-solid rock that drive tectonic plate movement, fully addressing the question."
HS-ESS1-097,Gemini Flash 3,1,The answer accurately identifies nuclear fusion as the process and correctly describes its role in producing helium from hydrogen in a star's core.
HS-ESS2-097,OSS 120b,1,The answer correctly identifies the mantle as the layer where thermal convection occurs and explains how it drives plate movement.
HS-ETS1-095,Nemotron 3 Super 120b a12,1,"The answer correctly defines quantitative requirements as numerically measurable and qualitative requirements as non‑numerical descriptors, with appropriate examples, fulfilling the standard’s expectation."
HS-ETS1-095,OSS 120b,1,"The answer correctly explains that quantitative requirements are expressed with specific, measurable numbers and contrasts them with qualitative, non-numerical descriptions, fully addressing the question."
HS-PS2-097,Nemotron 3 Super 120b a12,1,"The answer accurately defines a crumple zone and explains its function in increasing collision time to reduce force, directly addressing the question and aligning with HS-PS2-3."
HS-ETS1-095,Gemini Flash 3,1,"The answer accurately defines and distinguishes between quantitative and qualitative requirements using clear, measurable examples appropriate for the standard."
HS-ESS2-097,Gemini Flash 3,1,The answer accurately identifies the mantle as the location of convection and correctly links the process to heat from the core and the resulting movement of tectonic plates.
HS-PS2-097,OSS 120b,1,"The answer correctly defines a crumple zone and explains its purpose of extending collision time to lower peak forces on occupants, meeting the standard."
HS-PS4-094,Nemotron 3 Super 120b a12,1,"The answer correctly states that frequency remains constant because it is set by the source, while wave speed changes with the medium, forcing wavelength to adjust to maintain v = fλ, which fully addresses the question and aligns with HS‑PS4‑1."
HS-LS1-096,Nemotron 3 Super 120b a12,1,"The answer correctly states that chlorophyll absorbs light energy (especially red and blue wavelengths) and uses it to drive the photosynthetic reactions, which fully addresses the question about chlorophyll's role."
HS-PS2-097,Gemini Flash 3,1,"The answer correctly defines the crumple zone and explains how extending the time of impact reduces the force, which directly aligns with the core physics principles of standard HS-PS2-3."
HS-PS4-094,OSS 120b,1,"The answer correctly explains that wave speed changes with the medium, frequency remains fixed, and wavelength adjusts via v = fλ, fully addressing the question."
HS-PS4-094,Gemini Flash 3,1,The answer accurately explains the physical reasons for the change in wavelength using the fundamental wave equation and the properties of waves in different media.
HS-LS1-096,Gemini Flash 3,1,"The answer accurately identifies chlorophyll's role in absorbing light energy and its transformation into chemical energy, which directly addresses the core requirement of standard HS-LS1-5."
HS-LS1-096,OSS 120b,1,"The answer correctly states that chlorophyll absorbs light energy (especially red and blue wavelengths) and provides that energy to drive the photosynthetic reactions, accurately describing its role."
HS-LS2-097,OSS 120b,1,"The answer correctly identifies K as carrying capacity, which directly addresses the question."
HS-LS2-097,Nemotron 3 Super 120b a12,1,"The answer correctly defines K as the carrying capacity, which directly addresses the question and aligns with the standard's focus on understanding carrying capacity."
HS-LS3-098,OSS 120b,1,"The answer accurately defines a gene versus an allele and provides a clear example, fully addressing the question."
HS-LS3-098,Gemini Flash 3,1,"The answer accurately defines genes and alleles and provides a clear, illustrative example that is appropriate for the high school level and the specified standard."
HS-LS3-098,Nemotron 3 Super 120b a12,1,"The answer accurately defines a gene as a DNA segment coding for a trait and an allele as a variant of that gene, which aligns with the standard's focus on DNA instructions for inherited traits."
HS-LS2-097,Gemini Flash 3,1,The answer accurately identifies 'K' as carrying capacity and provides a standard ecological definition that aligns with the requirements of the HS-LS2-1 standard.
HS-LS4-095,Nemotron 3 Super 120b a12,1,"The answer correctly explains that DNA similarity reflects inheritance from a common ancestor and links greater similarity to more recent divergence, adequately addressing why such similarity suggests common ancestry."
HS-LS4-095,OSS 120b,1,"The answer correctly explains that shared DNA sequences are inherited and indicate a common ancestor, noting that greater similarity implies a more recent divergence."
HS-LS4-096,Nemotron 3 Super 120b a12,1,"The answer correctly explains that rock layers form sequentially (law of superposition) and that comparing fossils across strata shows gradual changes in body structures over time, which directly demonstrates how fossil succession provides evidence for biological evolution."
HS-LS4-095,Gemini Flash 3,1,"The answer accurately explains that DNA is inherited from ancestors and that the degree of similarity indicates how recently two species diverged, which aligns with the evidence for evolution required by the standard."
HS-LS4-096,OSS 120b,1,"The answer correctly explains that sequential rock layers contain progressively younger fossils, showing gradual anatomical changes that document evolutionary transitions."
HS-LS4-096,Gemini Flash 3,1,The answer accurately explains the law of superposition and how comparing fossil morphology across chronological strata demonstrates evolutionary change over time.
HS-ESS1-098,OSS 120b,1,"The answer correctly explains that the observed dominance of hydrogen and helium matches Big Bang nucleosynthesis predictions, showing why this composition supports the theory."
HS-ESS1-098,Nemotron 3 Super 120b a12,1,"The answer correctly explains that the observed hydrogen-helium abundance matches Big Bang nucleosynthesis predictions, supporting the theory."
HS-ESS3-090,OSS 120b,1,The answer correctly identifies a rain garden as a green infrastructure solution that reduces stormwater runoff into natural waterways.
HS-ESS3-090,Nemotron 3 Super 120b a12,1,"The answer correctly identifies a rain garden as a green infrastructure solution that captures and absorbs stormwater runoff, which directly addresses the question."
HS-ESS3-090,Gemini Flash 3,1,The answer accurately identifies a rain garden as a green infrastructure solution and explains how it mitigates human impact on natural waterways by managing stormwater runoff.
HS-ESS1-098,Gemini Flash 3,1,"The answer accurately explains Big Bang nucleosynthesis, the role of early universe cooling, and how the observed 75/25 ratio of hydrogen to helium aligns with theoretical predictions."
HS-ESS3-091,Nemotron 3 Super 120b a12,1,"The answer correctly identifies resilience as the term describing a system's ability to absorb disturbances and retain its essential structure and function, which fully addresses the question."
HS-ESS3-091,OSS 120b,1,The answer correctly identifies 'resilience' as the term describing a system's capacity to absorb disturbances while maintaining its core structure and function.
HS-ETS1-096,Nemotron 3 Super 120b a12,1,"The answer correctly explains that societal wants introduce additional constraints that narrow the design space beyond technical feasibility, aligning with the standard's focus on criteria and constraints that reflect societal needs and wants."
HS-ETS1-096,OSS 120b,1,"The answer correctly explains that societal wants introduce additional constraints beyond basic needs, influencing design choices and narrowing feasible solutions."
HS-ETS1-097,Nemotron 3 Super 120b a12,1,"The answer accurately explains that breaking a problem into sub‑problems simplifies analysis, testing, and independent solving, enables parallel work, and improves efficiency and manageability, which directly addresses the standard."
HS-ETS1-097,OSS 120b,1,"The answer correctly explains that breaking a complex problem into sub‑problems simplifies analysis, reduces errors, enables parallel work, and makes the design process more manageable, directly answering the question."
HS-ETS1-096,Gemini Flash 3,1,The answer accurately explains how societal wants function as additional constraints that influence the feasibility and acceptance of engineering designs beyond mere technical functionality.
HS-PS2-098,Nemotron 3 Super 120b a12,1,"The answer correctly identifies 'k' as Coulomb's constant, gives its value and units, and explains its role, which fully addresses the question for HS-PS2-4."
HS-PS2-098,OSS 120b,1,"The answer correctly identifies k as Coulomb's constant, gives its value, and explains its role as the proportionality factor in the law."
HS-ETS1-097,Gemini Flash 3,1,"The reference answer correctly identifies key engineering principles such as modular analysis, risk reduction, and parallel development that justify breaking down complex problems as required by standard HS-ETS1-2."
HS-PS2-099,Nemotron 3 Super 120b a12,1,"The answer correctly states that gravitational force is always attractive while electrostatic force can be attractive or repulsive, fully addressing the question."
HS-PS2-099,OSS 120b,1,"The answer correctly states that gravity is always attractive while electrostatic forces can be attractive or repulsive, directly addressing the question."
HS-PS3-100,Nemotron 3 Super 120b a12,1,"The answer correctly identifies the term as potential energy and explains that it depends on particle arrangement, which fully addresses the question."
HS-PS2-098,Gemini Flash 3,1,"The answer accurately identifies 'k' as Coulomb's constant, provides its numerical value and units, and correctly explains its function as a proportionality constant in the context of the law."
HS-PS2-099,Gemini Flash 3,1,"The answer accurately states that gravity is only attractive while electrostatic force can be both attractive and repulsive, which correctly addresses the specific qualitative difference requested."
HS-PS3-100,OSS 120b,1,"The answer correctly identifies 'potential energy' as the energy stored due to relative positions, which directly addresses the question."
HS-LS1-097,Nemotron 3 Super 120b a12,1,"The answer correctly identifies the term as the cell cycle and provides appropriate detail, fully addressing the question."
HS-PS3-100,Gemini Flash 3,1,The answer accurately identifies potential energy as the energy related to position and correctly explains its dependence on particle arrangement in accordance with the standard.
HS-LS1-097,OSS 120b,1,"The answer correctly identifies the term as the cell cycle and explains its components, fully addressing the question."
HS-LS2-098,Nemotron 3 Super 120b a12,1,"Biotic potential is correctly defined as the maximum reproductive rate of a population under ideal, resource-unlimited conditions."
HS-LS2-098,OSS 120b,1,"The answer accurately defines biotic potential as the maximum reproductive rate under ideal, unlimited-resource conditions, which fully addresses the question."
HS-ESS2-098,Nemotron 3 Super 120b a12,1,"The answer correctly describes the hydrogen‑bonded hexagonal lattice that makes ice less dense than liquid water, directly answering the question."
HS-LS2-098,Gemini Flash 3,1,"The definition accurately captures the core concept of biotic potential, which is the theoretical maximum growth rate of a population under ideal, unconstrained conditions."
HS-ESS3-092,Nemotron 3 Super 120b a12,1,"The answer correctly distinguishes point source and nonpoint source pollution, which addresses the question sufficiently."
HS-ESS2-098,OSS 120b,0,The answer describes the lattice formation but does not identify the underlying property—hydrogen bonding—that causes water to expand upon freezing.
HS-ESS2-098,Gemini Flash 3,1,"The answer accurately explains that the formation of a hexagonal crystalline lattice increases the spacing between water molecules, correctly accounting for the expansion and decreased density of ice."
HS-ESS3-092,OSS 120b,1,"The answer accurately defines point and nonpoint sources and gives appropriate examples, fully addressing the question."
HS-ESS3-093,Nemotron 3 Super 120b a12,1,The answer accurately defines sea level rise and correctly identifies the two main climate‑change‑related causes: thermal expansion of seawater and melting of land‑based ice.
HS-ESS3-092,Gemini Flash 3,1,The answer accurately defines both terms and provides relevant examples that correctly distinguish between specific discharge points and diffuse runoff.
HS-ESS3-093,OSS 120b,1,The answer correctly defines sea level rise and identifies the two primary causes—thermal expansion and melting of land‑based ice—meeting the question’s requirements.
HS-ESS3-093,Gemini Flash 3,1,The answer accurately defines sea level rise and correctly identifies the two primary physical mechanisms contributing to it in the context of global warming.
HS-ESS3-094,Nemotron 3 Super 120b a12,0,"The answer correctly explains resource-based reasons but omits discussion of natural hazards and climate changes, making it incomplete for the standard."
HS-ESS3-094,OSS 120b,1,"The answer correctly explains that access to water, fertile soil, and food resources makes rivers and coasts favorable for large populations, addressing the core of the question."
HS-ESS3-094,Gemini Flash 3,1,"The answer accurately explains how the availability of essential natural resources like fresh water and fertile soil drives human settlement patterns, which directly aligns with the requirements of standard HS-ESS3-1."
HS-ESS3-095,OSS 120b,1,"The answer accurately explains that green roofs retain rainwater, slowing runoff and reducing storm‑water volume, thereby offsetting the loss of natural infiltration caused by urban paving."
HS-ESS3-095,Nemotron 3 Super 120b a12,1,"The answer correctly explains that green roofs absorb and retain rainwater, reducing runoff volume and mimicking natural surfaces, directly addressing the question."
HS-ESS3-095,Gemini Flash 3,1,"The answer correctly explains the physical mechanism of green roofs and how they mitigate the negative effects of urbanization on stormwater runoff, aligning with the standard."
HS-ETS1-098,OSS 120b,1,"The answer correctly explains that aesthetic appeal influences user acceptance and adoption, highlighting the need to consider appearance and user experience alongside functionality."
HS-ETS1-098,Nemotron 3 Super 120b a12,1,"The answer correctly explains that aesthetics influence user acceptance and adoption, aligning with the standard’s emphasis on considering aesthetics as a constraint in evaluating solutions."
HS-ETS1-098,Gemini Flash 3,1,"The answer accurately explains how aesthetics impact user acceptance and adoption, which is a key criterion for evaluating engineering solutions under standard HS-ETS1-3."
HS-PS4-095,OSS 120b,1,The answer accurately defines total internal reflection and correctly explains its role in enabling low-loss light transmission in fiber optic cables.
HS-PS4-095,Nemotron 3 Super 120b a12,1,"The answer correctly defines total internal reflection and explains its role in fiber optic cables for low‑loss signal transmission, meeting the standard’s expectation."
HS-PS4-096,Nemotron 3 Super 120b a12,1,"The answer correctly defines amplitude modulation as varying a radio wave's amplitude to encode information while keeping frequency constant, which fully addresses the question and aligns with the standard."
HS-PS4-095,Gemini Flash 3,1,The answer accurately defines the conditions for total internal reflection and correctly explains its application in fiber optic technology for efficient data transmission.
HS-PS4-096,OSS 120b,1,"The answer accurately defines amplitude modulation as varying the carrier wave's amplitude (with constant frequency) to encode information, which fully addresses the question."
HS-PS4-096,Gemini Flash 3,1,"The answer accurately defines amplitude modulation by explaining how varying amplitude encodes information while keeping frequency constant, which directly addresses the wave behavior principles required by the standard."
HS-PS4-097,Nemotron 3 Super 120b a12,1,"The reference answer accurately describes how X-rays' high-energy electromagnetic wave properties allow differential absorption by tissues, producing an image that reveals internal structures, which directly addresses the question."
HS-PS4-097,OSS 120b,1,"The answer correctly explains that X‑rays are high‑energy EM waves that are differentially absorbed by tissues, producing an image on a detector, which fully addresses how they let doctors see inside the body."
HS-LS1-098,Nemotron 3 Super 120b a12,1,"The answer correctly identifies stem cells as the cell type that can undergo mitosis and then differentiate into many specialized cell types, directly addressing the standard's focus on mitosis and differentiation in complex organisms."
HS-LS1-098,OSS 120b,1,The answer correctly identifies stem cells as the cells that can divide and then differentiate into many different cell types.
HS-PS4-097,Gemini Flash 3,1,"The answer accurately describes how X-rays interact with matter through differential absorption and transmission to capture information, aligning with the requirements of standard HS-PS4-5."
HS-LS1-098,Gemini Flash 3,1,"The answer correctly identifies stem cells as the specific cells capable of both mitotic division and differentiation into specialized types, directly addressing the core concepts of standard HS-LS1-4."
HS-LS1-099,Nemotron 3 Super 120b a12,1,"The answer correctly identifies the spindle apparatus as the structure that separates chromosomes during mitosis, which satisfies the question."
HS-LS1-099,OSS 120b,1,The answer correctly identifies the spindle apparatus (mitotic spindle) as the structure that pulls chromosomes to opposite ends during mitosis.
HS-LS1-099,Gemini Flash 3,1,"The answer accurately identifies the spindle apparatus and explains its function in chromosome segregation, which is a key mechanical component of mitosis as described in the standard."
HS-LS2-099,OSS 120b,1,The answer correctly identifies the term as 'density-dependent limiting factors' and accurately describes their role in limiting population growth with increasing density.
HS-LS2-099,Gemini Flash 3,1,The reference answer correctly identifies the term 'density-dependent limiting factors' and accurately describes their role in regulating population size relative to carrying capacity.
HS-LS2-099,Nemotron 3 Super 120b a12,1,"The answer correctly identifies density‑dependent limiting factors and explains how they intensify with population density, providing the conceptual foundation needed for HS‑LS2‑1."
HS-ESS1-099,Nemotron 3 Super 120b a12,1,"The answer correctly explains that redshift shows galaxies moving away, indicating the universe is expanding, which directly addresses the question and supports the Big Bang theory as required by HS‑ESS1‑2."
HS-ESS1-099,OSS 120b,1,"The answer correctly explains that redshift shows distant galaxies receding, indicating universal expansion, which aligns with the expected explanation for the Big Bang evidence."
HS-LS4-081,Gemini Flash 3,1,The answer accurately identifies that heritability is the necessary mechanism for a trait's frequency to increase in a population over time through natural selection.
HS-ESS1-100,OSS 120b,1,"The answer correctly explains that the observed predominance of hydrogen and helium matches Big Bang nucleosynthesis predictions, linking composition evidence to the theory."
HS-ESS1-099,Gemini Flash 3,1,"The answer accurately explains that redshift indicates galaxies are moving away due to the expansion of the universe, which is a core piece of evidence for the Big Bang theory as required by the standard."
HS-ESS1-100,Nemotron 3 Super 120b a12,1,"The answer correctly explains that Big Bang nucleosynthesis predicts a specific hydrogen‑to‑helium ratio that matches observed cosmic abundances, providing strong evidence for the theory."
HS-ESS2-099,Nemotron 3 Super 120b a12,1,"The answer correctly identifies water's hydrogen‑bonded hexagonal ice expansion (~9%) and explains its role in frost wedging, which drives mechanical weathering of rocks."
HS-ESS2-099,OSS 120b,1,The answer correctly identifies water’s anomalous expansion due to its hexagonal crystal lattice formation upon freezing and explains how this expansion drives frost wedging that breaks rocks.
HS-ESS1-100,Gemini Flash 3,1,"The answer accurately explains how Big Bang Nucleosynthesis predicted the specific 3:1 ratio of hydrogen to helium, which aligns with astronomical observations and supports the theory of a hot, dense origin."
HS-ESS2-099,Gemini Flash 3,1,The answer accurately identifies the formation of a hexagonal crystal lattice as the cause of water's expansion and correctly explains how frost wedging contributes to the mechanical weathering of rocks.
HS-ESS2-100,OSS 120b,1,The answer correctly identifies fossil fuels as the large carbon stores in the crust and provides an appropriate brief definition.
HS-ESS2-100,Nemotron 3 Super 120b a12,1,"The reference answer correctly identifies the term 'fossil fuels' and explains their origin, directly addressing the question."
HS-ESS3-096,Nemotron 3 Super 120b a12,1,"The answer correctly identifies a rain garden as a green infrastructure solution that captures and filters stormwater runoff, thereby reducing urban water pollution."
HS-ESS3-096,OSS 120b,1,The answer correctly identifies a rain garden as a green infrastructure method that mitigates stormwater runoff and associated water pollution in urban settings.
HS-ESS3-097,Nemotron 3 Super 120b a12,1,"The answer accurately defines proxy data as indirect natural records used to reconstruct past climates, which is correct and sufficient for the benchmark."
HS-ESS3-096,Gemini Flash 3,1,"The answer correctly identifies a rain garden as a green infrastructure solution and explains its function in mitigating the environmental impact of urban runoff, directly addressing the standard."
HS-ESS2-100,Gemini Flash 3,1,The answer correctly identifies 'fossil fuels' as the specific term for these carbon stores and provides accurate context regarding their formation and location in the geosphere.
HS-ESS3-097,OSS 120b,1,The answer accurately defines proxy data as indirect natural records used to reconstruct past climates and provides appropriate examples.
HS-ESS3-097,Gemini Flash 3,1,"The answer provides an accurate and comprehensive definition of proxy data, including relevant examples, which is foundational for analyzing the geoscience data required by the standard."
HS-PS2-100,Nemotron 3 Super 120b a12,1,"The answer correctly explains that a negative force in Coulomb's law signifies an attractive interaction between opposite‑sign charges, which is accurate and sufficient for the standard."
HS-PS2-100,OSS 120b,1,"The answer correctly explains that a negative force signifies attraction between opposite charges, which directly addresses the question."
HS-PS4-098,Nemotron 3 Super 120b a12,1,"The answer correctly identifies light waves (infrared/visible) as the wave type used in fiber optics and explains total internal reflection, which is sufficient for the question."
HS-PS2-100,Gemini Flash 3,1,"The answer correctly explains that a negative force value in Coulomb's Law signifies an attractive force resulting from opposite charges, which is the standard interpretation in physics."
HS-PS4-098,OSS 120b,1,"The answer correctly identifies that fiber optic cables use light waves (infrared or visible) to transmit information, providing a complete response."
HS-PS4-098,Gemini Flash 3,1,"The answer accurately identifies the use of light waves and correctly explains the physical principle of total internal reflection as the mechanism for transmission, aligning well with the standard."
HS-PS4-099,OSS 120b,1,The answer correctly identifies the image sensor (CCD or CMOS) as the component that detects light and converts it to electrical signals.
HS-PS4-099,Nemotron 3 Super 120b a12,1,The reference answer correctly identifies the image sensor (CCD/CMOS) as the component that detects light and converts it into electrical signals to capture an image.
HS-LS4-097,Nemotron 3 Super 120b a12,1,"The answer correctly identifies the four core requirements for natural selection: variation, heritability, differential survival/reproduction, and competition due to limited resources."
HS-PS4-099,Gemini Flash 3,1,"The answer correctly identifies the image sensor and its role in converting light waves into electrical signals, which is a key technical application of wave-matter interaction in digital cameras."
HS-LS4-097,OSS 120b,1,"The answer accurately lists the four essential conditions—variation, heritability, differential reproductive success, and competition for limited resources—required for natural selection."
HS-LS4-097,Gemini Flash 3,1,"The answer accurately lists the four standard biological requirements for natural selection: variation, heritability, differential reproduction, and the struggle for existence."
HS-ESS3-098,Nemotron 3 Super 120b a12,1,"The answer correctly identifies the solar farm as the better long-term option due to lower operating costs and avoided pollution-related expenses, which aligns with a cost-benefit evaluation over the project's lifespan."
HS-PS1-100,Nemotron 3 Super 120b a12,1,"The answer correctly explains that rigidity and incompressibility indicate strong electrical attractions between particles, which aligns with the standard's goal of inferring particle-level forces from bulk properties."
HS-ESS3-098,OSS 120b,1,"The answer correctly applies cost‑benefit reasoning, explaining why the solar farm’s lower lifetime operating and environmental costs make it the preferable long‑term solution."
HS-ESS3-098,Gemini Flash 3,1,The answer correctly identifies and weighs the long-term economic and environmental factors to evaluate the cost-benefit ratio as required by the standard.
HS-PS1-100,OSS 120b,1,The answer correctly explains that rigidity and incompressibility arise from strong electrostatic attractions holding particles tightly together.
HS-LS3-099,Nemotron 3 Super 120b a12,1,"The answer correctly defines phenotype frequency as the proportion of individuals showing a trait, which is accurate and sufficient for the question."
HS-LS3-099,OSS 120b,1,"The answer correctly defines phenotype frequency as the proportion of individuals with a given observable trait and explains how to calculate it, meeting the standard."
HS-PS1-100,Gemini Flash 3,1,The answer accurately connects macroscopic properties like rigidity and incompressibility to the underlying strength of electrostatic forces between particles as required by the standard.
HS-ESS3-099,Nemotron 3 Super 120b a12,1,The answer accurately defines a green roof and correctly explains how it mitigates urban impacts on natural water systems by reducing stormwater runoff and associated flooding and pollution.
HS-LS3-099,Gemini Flash 3,1,"The answer provides an accurate and complete definition of phenotype frequency and includes the method for its calculation, which aligns well with the statistical requirements of the standard."
HS-ESS3-099,OSS 120b,1,"The answer correctly defines a green roof and explains how it reduces stormwater runoff, flooding, and water pollution, addressing the question fully."
HS-PS4-100,Nemotron 3 Super 120b a12,1,"The answer correctly explains that diffraction and interference arise from wave superposition and phase-dependent reinforcement/cancellation, which particles cannot naturally exhibit, making the wave model the appropriate explanation for these phenomena."
HS-PS4-100,OSS 120b,1,"The answer correctly explains that diffraction and interference arise from wave superposition, which particles cannot account for, thus justifying the wave model’s usefulness."
HS-ESS3-099,Gemini Flash 3,1,"The answer accurately defines the technology and explains how it mitigates the environmental impact of urban runoff, fulfilling the requirements of the standard."
HS-LS2-100,Nemotron 3 Super 120b a12,1,"The answer correctly defines ecosystem stability as the ability to maintain structure, function, and species composition over time despite disturbances, which aligns with the standard."
HS-PS4-100,Gemini Flash 3,1,"The answer accurately explains that wave phenomena like diffraction and interference depend on superposition and phase, which are core concepts of the wave model that the particle model cannot easily account for at this level."
HS-LS2-100,OSS 120b,1,"The answer correctly defines ecosystem stability as the ability to maintain structure, function, and species composition over time and to resist or recover from disturbances, which aligns with the HS-LS2-6 standard."
HS-LS2-100,Gemini Flash 3,1,"The answer accurately defines ecosystem stability by covering both resistance to change and recovery after disturbance, aligning well with the requirements of standard HS-LS2-6."
HS-LS3-100,OSS 120b,1,"The answer accurately defines polygenic inheritance and explains its effect on continuous variation, matching the required concept."
HS-LS3-100,Nemotron 3 Super 120b a12,1,"The answer correctly defines polygenic inheritance and explains how multiple gene combinations produce continuous variation, aligning with the statistical/probabilistic focus of HS-LS3-3."
HS-LS3-100,Gemini Flash 3,1,The answer accurately defines polygenic inheritance and correctly links multiple genes to the resulting continuous variation and distribution of traits in a population as required by the standard.
HS-ESS3-100,Nemotron 3 Super 120b a12,1,"The answer accurately defines carbon sequestration and explains its relevance to reducing human environmental impacts, covering both natural and technological aspects."
HS-ESS3-100,OSS 120b,1,"The answer accurately defines carbon sequestration and notes both natural and engineered methods, addressing its role in reducing human environmental impacts."
HS-ESS3-100,Gemini Flash 3,1,"The answer accurately defines carbon sequestration and correctly distinguishes between natural and technological methods, making it appropriate for the HS-ESS3-4 standard."
HS-ESS3-084,Gemini Flash 3,1,The definition accurately describes the mechanism and purpose of carbon capture as a technological solution to mitigate human impact on the climate system.
HS-ESS3-088,Gemini Flash 3,1,The answer accurately describes the mechanical and biological processes of constructed wetlands and correctly links them to the prevention of eutrophication in aquatic ecosystems.
HS-ESS3-091,Gemini Flash 3,1,The term 'resilience' is the scientifically accurate and standard definition for a system's capacity to absorb disturbances while maintaining its core function and structure.
HS-LS1-097,Gemini Flash 3,1,"The answer accurately identifies the cell cycle and its primary phases, which is fundamental to understanding cellular division as required by the standard."
