area,standard,question_type,question,reason,round
HS-PS1,HS-PS1-1,recall,What is electronegativity?,fk_grade=17.0_out_of_band,1
HS-PS1,HS-PS1-1,recall,What is the octet rule?,fk_grade=0.5_out_of_band,1
HS-PS1,HS-PS1-2,recall,What is electronegativity?,fk_grade=17.0_out_of_band,1
HS-PS1,HS-PS1-2,recall,What is the octet rule?,fk_grade=0.5_out_of_band,1
HS-PS1,HS-PS1-2,recall,What is ionization energy?,fk_grade=15.5_out_of_band,1
HS-PS1,HS-PS1-3,recall,What is an ionic bond?,fk_grade=2.9_out_of_band,1
HS-PS1,HS-PS1-3,recall,What are intermolecular forces?,fk_grade=15.5_out_of_band,1
HS-PS1,HS-PS1-4,recall,What is bond energy?,fk_grade=3.7_out_of_band,1
HS-PS1,HS-PS1-5,recall,What is reaction rate?,fk_grade=3.7_out_of_band,1
HS-PS1,HS-PS1-6,recall,What is chemical equilibrium?,fk_grade=15.5_out_of_band,1
HS-PS1,HS-PS1-8,recall,What does the mass number of an atom represent?,fk_grade=5.0_out_of_band,1
HS-PS1,HS-PS1-3,conceptual,How does a substance's viscosity at room temperature provide evidence about the strength of electrical forces between its molecules?,fk_grade=14.2_out_of_band,1
HS-PS1,HS-PS1-4,conceptual,How does total bond energy in the reactants compared to the products determine whether a reaction absorbs or releases energy?,fk_grade=14.0_out_of_band,1
HS-PS1,HS-PS1-4,conceptual,How does a bond energy diagram (energy-level diagram) illustrate whether a reaction is endothermic or exothermic?,fk_grade=17.2_out_of_band,1
HS-PS1,HS-PS1-5,conceptual,How does increasing temperature affect both the frequency of collisions and the energy of collisions between reactant particles?,fk_grade=15.0_out_of_band,1
HS-PS1,HS-PS1-7,conceptual,Why is it important to account for all gases produced or consumed when verifying conservation of mass in a chemical reaction done in an open container?,fk_grade=15.0_out_of_band,1
HS-PS1,HS-PS1-8,conceptual,"Why does nuclear fission of a heavy nucleus like uranium-235 release energy, while fusing two heavy nuclei would actually require energy?",fk_grade=16.8_out_of_band,1
HS-PS1,HS-PS1-8,conceptual,Why are some atomic nuclei unstable and undergo radioactive decay while others are stable?,fk_grade=14.3_out_of_band,1
HS-PS1,HS-PS1-8,conceptual,"Why is an enormous amount of energy needed to initiate fusion, even though the reaction ultimately releases energy?",fk_grade=16.3_out_of_band,1
HS-PS1,HS-PS1-1,applied,"Predict which element would have a higher first ionization energy: sodium (Na) or chlorine (Cl), and explain using their positions on the periodic table.",fk_grade=15.9_out_of_band,1
HS-PS1,HS-PS1-1,applied,"Using the periodic table, predict whether aluminum (Al) or phosphorus (P) would require more energy to remove a valence electron, and explain your reasoning.",fk_grade=16.9_out_of_band,1
HS-PS1,HS-PS1-1,applied,"If you wanted to predict which element—carbon or silicon—would have a larger atomic radius, how would the pattern of outer energy levels on the periodic table help you?",fk_grade=16.8_out_of_band,1
HS-PS1,HS-PS1-2,applied,"Sodium reacts violently with water, but magnesium reacts only slowly. Based on their positions in the periodic table and outermost electron configurations, why is sodium more reactive?",fk_grade=15.0_out_of_band,1
HS-PS1,HS-PS1-2,applied,"Aluminum reacts with hydrochloric acid to produce aluminum chloride and hydrogen gas, but gold does not react with hydrochloric acid. How do the outermost electron configurations and periodic table trends explain this difference?",fk_grade=14.4_out_of_band,1
HS-PS1,HS-PS1-4,applied,"If the total bond energy of the products in a reaction is 800 kJ and the total bond energy of the reactants is 600 kJ, will the reaction release or absorb energy, and how much?",fk_grade=15.6_out_of_band,1
HS-PS1,HS-PS1-5,applied,"If you dissolve a small amount of sugar in a glass of water versus a large amount of sugar in the same amount of water, which solution would react faster with an acid added to it, and why?",fk_grade=15.7_out_of_band,1
HS-PS1,HS-PS1-6,applied,"For the equilibrium reaction 2NO₂(g) ⇌ N₂O₄(g), if you compress the gas mixture by reducing the container volume, which direction does the equilibrium shift and what happens to the yield of N₂O₄?",fk_grade=15.9_out_of_band,1
HS-PS1,HS-PS1-7,applied,A student dissolves 5 grams of table salt (NaCl) into 100 grams of water. She then evaporates all the water and recovers only 4.8 grams of salt. What likely happened to the missing 0.2 grams of salt?,fk_grade=4.2_out_of_band,1
HS-PS1,HS-PS1-8,applied,"If a uranium-235 nucleus absorbs a neutron and undergoes fission, splitting into krypton-92 and barium-141, how many neutrons are released in that reaction?",fk_grade=14.9_out_of_band,1
HS-PS2,HS-PS2-1,recall,What is 'net force'?,fk_grade=-2.2_out_of_band,1
HS-PS2,HS-PS2-1,recall,What SI unit is used to measure force?,fk_grade=2.3_out_of_band,1
HS-PS2,HS-PS2-1,recall,"What is inertia, and how does mass relate to it?",fk_grade=3.7_out_of_band,1
HS-PS2,HS-PS2-1,recall,What is the difference between mass and weight?,fk_grade=3.8_out_of_band,1
HS-PS2,HS-PS2-2,recall,What are the SI units of momentum?,fk_grade=4.0_out_of_band,1
HS-PS2,HS-PS2-3,recall,What is impulse in physics?,fk_grade=2.9_out_of_band,1
HS-PS2,HS-PS2-3,recall,"What material property describes a material's ability to absorb energy and return to its original shape, making it useful in collision-protection devices?",fk_grade=19.8_out_of_band,1
HS-PS2,HS-PS2-4,recall,What is the mathematical formula for Newton's Law of Universal Gravitation?,fk_grade=14.4_out_of_band,1
HS-PS2,HS-PS2-4,recall,What is Coulomb's Law?,fk_grade=0.7_out_of_band,1
HS-PS2,HS-PS2-4,recall,What is the value of Coulomb's constant k?,fk_grade=3.8_out_of_band,1
HS-PS2,HS-PS2-4,recall,What is the SI unit of electric charge used in Coulomb's Law?,fk_grade=4.8_out_of_band,1
HS-PS2,HS-PS2-5,recall,What is electromagnetic induction?,fk_grade=18.4_out_of_band,1
HS-PS2,HS-PS2-5,recall,What is a solenoid?,fk_grade=3.7_out_of_band,1
HS-PS2,HS-PS2-5,recall,What is Faraday's law of electromagnetic induction?,fk_grade=14.1_out_of_band,1
HS-PS2,HS-PS2-5,recall,What is magnetic flux?,fk_grade=3.7_out_of_band,1
HS-PS2,HS-PS2-5,recall,What device uses electromagnetic induction to convert mechanical energy into electrical energy?,fk_grade=21.5_out_of_band,1
HS-PS2,HS-PS2-6,recall,What are intermolecular forces?,fk_grade=15.5_out_of_band,1
HS-PS2,HS-PS2-3,conceptual,Why do engineers use materials that deform plastically rather than elastically in collision safety devices?,fk_grade=16.2_out_of_band,1
HS-PS2,HS-PS2-4,conceptual,"Why is the electrostatic force between a proton and an electron much stronger than the gravitational force between them, even though both forces follow an inverse-square law?",fk_grade=15.0_out_of_band,1
HS-PS2,HS-PS2-4,conceptual,Why do scientists use mathematical representations like Newton's Law of Gravitation and Coulomb's Law instead of just describing these forces in words?,fk_grade=15.0_out_of_band,1
HS-PS2,HS-PS2-5,conceptual,Why do power plants use rotating coils of wire in magnetic fields to generate electricity rather than stationary setups?,fk_grade=14.2_out_of_band,1
HS-PS2,HS-PS2-5,conceptual,Why does increasing the strength of the magnet used in an electromagnetic induction experiment produce a larger induced current?,fk_grade=14.2_out_of_band,1
HS-PS2,HS-PS2-6,conceptual,"Why do engineers add fiber reinforcement to polymers to make composite materials like carbon fiber, rather than just using the polymer alone?",fk_grade=15.5_out_of_band,1
HS-PS2,HS-PS2-1,applied,A 5 kg box is pushed across a frictionless floor with a net force of 20 N. What is its acceleration?,fk_grade=4.2_out_of_band,1
HS-PS2,HS-PS2-1,applied,"A 1,000 kg car accelerates at 3 m/s². What net force is acting on it?",fk_grade=2.3_out_of_band,1
HS-PS2,HS-PS2-1,applied,A 70 kg sprinter accelerates at 4 m/s² off the starting blocks. What net force is the ground exerting on the sprinter?,fk_grade=4.8_out_of_band,1
HS-PS2,HS-PS2-2,applied,A 60 kg astronaut at rest in space throws a 2 kg wrench at 15 m/s. How fast and in what direction does the astronaut move?,fk_grade=4.0_out_of_band,1
HS-PS2,HS-PS2-2,applied,"A 1,200 kg car moving at 10 m/s rear-ends a stationary 900 kg car. If they lock bumpers and move together, what is their speed?",fk_grade=4.4_out_of_band,1
HS-PS2,HS-PS2-2,applied,"A 3 kg rifle fires a 0.01 kg bullet at 400 m/s. If the rifle and shooter system has a total mass of 73 kg, what is the recoil velocity?",fk_grade=4.4_out_of_band,1
HS-PS2,HS-PS2-2,applied,A 4 kg red cart moving at 5 m/s east collides with a 4 kg blue cart moving at 2 m/s west. They stick together. What is their final velocity?,fk_grade=3.7_out_of_band,1
HS-PS2,HS-PS2-2,applied,A stationary 5 kg object explodes into two pieces. One 2 kg piece flies off at 10 m/s to the right. What is the velocity of the 3 kg piece?,fk_grade=4.0_out_of_band,1
HS-PS2,HS-PS2-4,applied,Two small charged balls exert a Coulomb force of 9 N on each other at a distance of 1 m. What is the force if they are moved to 3 m apart?,fk_grade=3.9_out_of_band,1
HS-PS2,HS-PS2-5,applied,"If you wrap a wire into a coil and pass an electric current through it, how will the magnetic field inside the coil compare to the field produced by a single straight wire carrying the same current?",fk_grade=15.4_out_of_band,1
HS-PS2,HS-PS2-5,applied,"If you hold a bar magnet completely still inside a coil of wire, will any current be induced in the coil? Why or why not?",fk_grade=4.9_out_of_band,1
HS-PS3,HS-PS3-1,recall,What is a system in the context of physics?,fk_grade=3.7_out_of_band,1
HS-PS3,HS-PS3-1,recall,What is work in physics?,fk_grade=0.5_out_of_band,1
HS-PS3,HS-PS3-2,recall,What is gravitational potential energy?,fk_grade=17.0_out_of_band,1
HS-PS3,HS-PS3-3,recall,What form of energy is stored in a stretched rubber band?,fk_grade=3.7_out_of_band,1
HS-PS3,HS-PS3-4,recall,What is a closed system in science?,fk_grade=2.3_out_of_band,1
HS-PS3,HS-PS3-4,recall,"What is heat, as defined in physics?",fk_grade=2.3_out_of_band,1
HS-PS3,HS-PS3-5,recall,What is an electric field?,fk_grade=2.9_out_of_band,1
HS-PS3,HS-PS3-5,recall,What is a magnetic field?,fk_grade=2.9_out_of_band,1
HS-PS3,HS-PS3-5,recall,What is Coulomb's Law?,fk_grade=0.7_out_of_band,1
HS-PS3,HS-PS3-1,conceptual,How does gravitational potential energy lost by a falling object relate to the kinetic energy gained by that same object in an isolated system?,fk_grade=15.4_out_of_band,1
HS-PS3,HS-PS3-1,conceptual,How does increasing the energy input into one component of a system affect the energy available to the remaining components?,fk_grade=15.2_out_of_band,1
HS-PS3,HS-PS3-3,conceptual,How does a generator convert mechanical energy into electrical energy?,fk_grade=17.8_out_of_band,1
HS-PS3,HS-PS3-3,conceptual,How does a battery convert chemical energy into electrical energy?,fk_grade=15.4_out_of_band,1
HS-PS3,HS-PS3-3,conceptual,How does a piezoelectric device convert mechanical pressure into electrical energy?,fk_grade=18.7_out_of_band,1
HS-PS3,HS-PS3-4,conceptual,Why is it impossible for a closed system of two objects at different temperatures to spontaneously become more unequal in temperature over time?,fk_grade=14.9_out_of_band,1
HS-PS3,HS-PS3-1,applied,A compressed spring with 50 J of elastic potential energy launches a 0.5 kg toy car on a frictionless surface. What is the car's speed when it leaves the spring?,fk_grade=4.4_out_of_band,1
HS-PS3,HS-PS3-2,applied,"If you stretch a spring and hold it still, then attach a mass and let it oscillate, predict what happens to the total energy of the spring-mass system over many cycles if there is no friction.",fk_grade=14.8_out_of_band,1
HS-PS3,HS-PS3-3,applied,"A student builds a device that uses a stretched spring to launch a ball upward. If the spring is stretched twice as far as before, how does the height the ball reaches change?",fk_grade=4.8_out_of_band,1
HS-PS4,HS-PS4-1,recall,What is the SI unit used to measure the frequency of a wave?,fk_grade=4.9_out_of_band,1
HS-PS4,HS-PS4-1,recall,What does the wavelength of a wave measure?,fk_grade=2.3_out_of_band,1
HS-PS4,HS-PS4-1,recall,What does the frequency of a wave tell you?,fk_grade=2.3_out_of_band,1
HS-PS4,HS-PS4-1,recall,What is the approximate speed of light in a vacuum?,fk_grade=4.8_out_of_band,1
HS-PS4,HS-PS4-1,recall,What is the period of a wave?,fk_grade=2.3_out_of_band,1
HS-PS4,HS-PS4-1,recall,Does the speed of light change when it moves from air into glass?,fk_grade=2.2_out_of_band,1
HS-PS4,HS-PS4-2,recall,What is signal noise?,fk_grade=0.7_out_of_band,1
HS-PS4,HS-PS4-2,recall,What is a byte?,fk_grade=-2.2_out_of_band,1
HS-PS4,HS-PS4-3,recall,What is a photon?,fk_grade=0.7_out_of_band,1
HS-PS4,HS-PS4-3,recall,What is Planck's constant?,fk_grade=3.7_out_of_band,1
HS-PS4,HS-PS4-3,recall,What is the relationship between the wavelength and frequency of electromagnetic radiation?,fk_grade=15.6_out_of_band,1
HS-PS4,HS-PS4-4,recall,What is electromagnetic radiation?,fk_grade=21.4_out_of_band,1
HS-PS4,HS-PS4-4,recall,What is the relationship between the frequency and energy of electromagnetic radiation?,fk_grade=16.6_out_of_band,1
HS-PS4,HS-PS4-4,recall,What is a photon?,fk_grade=0.7_out_of_band,1
HS-PS4,HS-PS4-4,recall,What is the difference between non-ionizing and ionizing electromagnetic radiation in terms of frequency?,fk_grade=17.7_out_of_band,1
HS-PS4,HS-PS4-5,recall,What is electromagnetic radiation?,fk_grade=21.4_out_of_band,1
HS-PS4,HS-PS4-5,recall,What type of wave is used by a microwave oven to heat food?,fk_grade=4.0_out_of_band,1
HS-PS4,HS-PS4-5,recall,What is the absorption of a wave?,fk_grade=2.3_out_of_band,1
HS-PS4,HS-PS4-1,conceptual,Why does light bend (refract) when it crosses from air into glass?,fk_grade=3.8_out_of_band,1
HS-PS4,HS-PS4-2,conceptual,Why is digital information less affected by noise during transmission than analog information?,fk_grade=14.9_out_of_band,1
HS-PS4,HS-PS4-2,conceptual,Why does increasing the sampling rate of a digital recording improve how accurately it represents the original analog signal?,fk_grade=15.4_out_of_band,1
HS-PS4,HS-PS4-2,conceptual,Why are fiber optic cables able to transmit digital information faster and over longer distances than traditional copper wires?,fk_grade=16.0_out_of_band,1
HS-PS4,HS-PS4-2,conceptual,"How does binary code allow any type of information—text, images, sound—to be represented and transmitted digitally?",fk_grade=16.5_out_of_band,1
HS-PS4,HS-PS4-2,conceptual,Why is it easier to encrypt digital information compared to analog information?,fk_grade=14.7_out_of_band,1
HS-PS4,HS-PS4-4,conceptual,Why does higher-frequency electromagnetic radiation carry more energy per photon than lower-frequency radiation?,fk_grade=22.2_out_of_band,1
HS-PS4,HS-PS4-4,conceptual,Why can X-rays pass through soft tissue but are absorbed by bone?,fk_grade=2.9_out_of_band,1
HS-PS4,HS-PS4-4,conceptual,"Why is ionizing radiation, such as gamma rays, considered more dangerous to living cells than non-ionizing radiation like microwaves?",fk_grade=16.0_out_of_band,1
HS-PS4,HS-PS4-4,conceptual,"Why can gamma radiation penetrate the human body more deeply than UV radiation, even though both are forms of electromagnetic radiation?",fk_grade=16.2_out_of_band,1
HS-PS4,HS-PS4-1,applied,Visible red light has a wavelength of about 700 nm and travels at 3 × 10⁸ m/s in a vacuum. What is its frequency?,fk_grade=4.8_out_of_band,1
HS-PS4,HS-PS4-2,applied,"If a streaming service sends a movie over the internet and some data packets are lost, how can error-correction techniques restore the picture compared to what would happen with an analog transmission that lost part of its signal?",fk_grade=17.9_out_of_band,1
HS-PS4,HS-PS4-4,applied,"If a cell phone emits radio-frequency (non-ionizing) radiation, why is the ionization of DNA molecules in nearby tissue not expected to occur?",fk_grade=17.1_out_of_band,1
HS-PS4,HS-PS4-5,applied,A radio station broadcasts at 101.5 MHz (FM). How does your car radio use this wave to reproduce sound?,fk_grade=4.3_out_of_band,1
HS-PS4,HS-PS4-5,applied,"If you increase the pixel count of a digital camera sensor without changing the lens, how does wave behavior limit the actual image detail you can capture?",fk_grade=14.2_out_of_band,1
HS-LS1,HS-LS1-1,recall,What is a codon?,fk_grade=-2.2_out_of_band,1
HS-LS1,HS-LS1-1,recall,What determines the shape and function of a protein?,fk_grade=5.0_out_of_band,1
HS-LS1,HS-LS1-2,recall,"What are the levels of biological organization in a multicellular organism, listed from smallest to largest?",fk_grade=16.5_out_of_band,1
HS-LS1,HS-LS1-2,recall,What is an organ?,fk_grade=0.7_out_of_band,1
HS-LS1,HS-LS1-2,recall,What are the four main types of tissue found in the human body?,fk_grade=4.0_out_of_band,1
HS-LS1,HS-LS1-2,recall,What is an organ system?,fk_grade=2.9_out_of_band,1
HS-LS1,HS-LS1-3,recall,Which type of feedback mechanism — negative or positive — is primarily responsible for maintaining homeostasis?,fk_grade=18.5_out_of_band,1
HS-LS1,HS-LS1-4,recall,What are the four main stages of mitosis in order?,fk_grade=4.8_out_of_band,1
HS-LS1,HS-LS1-4,recall,What is a stem cell?,fk_grade=-1.8_out_of_band,1
HS-LS1,HS-LS1-4,recall,What does the term 'cytokinesis' mean?,fk_grade=4.5_out_of_band,1
HS-LS1,HS-LS1-4,recall,Why do multicellular organisms need cell differentiation if all body cells contain the same DNA?,fk_grade=14.6_out_of_band,1
HS-LS1,HS-LS1-5,recall,What is the overall chemical equation for photosynthesis?,fk_grade=14.1_out_of_band,1
HS-LS1,HS-LS1-5,recall,What is the Calvin cycle?,fk_grade=2.9_out_of_band,1
HS-LS1,HS-LS1-6,recall,What is the monomer unit that makes up proteins?,fk_grade=5.0_out_of_band,1
HS-LS1,HS-LS1-7,recall,What is the overall chemical equation for cellular respiration?,fk_grade=14.1_out_of_band,1
HS-LS1,HS-LS1-2,conceptual,Why do cells in a multicellular organism need to be organized into tissues rather than each acting independently?,fk_grade=14.4_out_of_band,1
HS-LS1,HS-LS1-2,conceptual,How does the hierarchical organization from cells to organ systems benefit the survival of a multicellular organism?,fk_grade=16.7_out_of_band,1
HS-LS1,HS-LS1-2,conceptual,How does increasing the level of organization from organs to organ systems allow a multicellular organism to perform functions that a single organ cannot?,fk_grade=16.9_out_of_band,1
HS-LS1,HS-LS1-3,conceptual,How does negative feedback differ from positive feedback in maintaining homeostasis?,fk_grade=14.4_out_of_band,1
HS-LS1,HS-LS1-3,conceptual,How does the hypothalamus act as a control center in maintaining body temperature homeostasis?,fk_grade=14.3_out_of_band,1
HS-LS1,HS-LS1-4,conceptual,"How does the process of differentiation explain why a liver cell and a skin cell look and behave so differently, even though they came from the same original fertilized egg?",fk_grade=14.6_out_of_band,1
HS-LS1,HS-LS1-5,conceptual,Why is photosynthesis considered an energy transformation process rather than an energy creation process?,fk_grade=16.8_out_of_band,1
HS-LS1,HS-LS1-6,conceptual,How does breaking down glucose during cellular metabolism provide the raw materials needed to synthesize large carbon-based molecules like amino acids?,fk_grade=17.3_out_of_band,1
HS-LS1,HS-LS1-6,conceptual,Why do cells rearrange and modify sugar-derived carbon skeletons rather than using sugar molecules directly to build amino acids?,fk_grade=14.8_out_of_band,1
HS-LS1,HS-LS1-6,conceptual,How does the availability of nitrogen in the environment affect an organism's ability to convert sugar-derived molecules into amino acids?,fk_grade=18.8_out_of_band,1
HS-LS1,HS-LS1-7,conceptual,"Why does cellular respiration release energy even though it requires breaking bonds, which normally takes energy?",fk_grade=14.3_out_of_band,1
HS-LS1,HS-LS1-7,conceptual,Why is oxygen necessary for cellular respiration to release the maximum amount of energy from glucose?,fk_grade=15.0_out_of_band,1
HS-LS1,HS-LS1-7,conceptual,"Why do the products of cellular respiration, carbon dioxide and water, contain less usable energy than the original glucose and oxygen?",fk_grade=16.2_out_of_band,1
HS-LS1,HS-LS1-1,applied,"If a mutation changes a single DNA base so that a codon now codes for a different amino acid in a hemoglobin protein, how might this affect a red blood cell's ability to carry oxygen?",fk_grade=17.3_out_of_band,1
HS-LS1,HS-LS1-2,applied,"If cardiac muscle cells are destroyed during a heart attack, predict how this damage at the cellular level would affect the heart as an organ and the circulatory system overall.",fk_grade=15.8_out_of_band,1
HS-LS1,HS-LS1-2,applied,"If smooth muscle tissue in artery walls lost the ability to contract, how would this affect blood pressure regulation by the circulatory system?",fk_grade=14.4_out_of_band,1
HS-LS1,HS-LS1-2,applied,"If the beta cells of the pancreas stop producing insulin, at which level of biological organization does this problem originate, and how does it ultimately affect the whole organism?",fk_grade=18.5_out_of_band,1
HS-LS1,HS-LS1-3,applied,"If a person runs a marathon on a hot day and their body temperature rises above 37°C, what feedback mechanism is activated, and how does it bring their temperature back to normal?",fk_grade=15.3_out_of_band,1
HS-LS1,HS-LS1-3,applied,"If someone moves from sea level to a high-altitude city where oxygen levels are lower, predict what long-term feedback response the body would show to maintain oxygen delivery to tissues.",fk_grade=16.2_out_of_band,1
HS-LS1,HS-LS1-4,applied,A doctor examining a tumor notices the cells are dividing uncontrollably and no longer differentiating properly. How do these two failures—uncontrolled mitosis and loss of differentiation—together make cancer cells harmful?,fk_grade=16.6_out_of_band,1
HS-LS1,HS-LS1-5,applied,"If you seal a healthy plant in a clear container with only water, light, and CO₂, what chemical compounds will the plant produce over time and where will the energy in those compounds come from?",fk_grade=14.2_out_of_band,1
HS-LS1,HS-LS1-5,applied,"If a scientist increases the concentration of CO₂ around a plant while keeping light intensity constant, predict what happens to the amount of glucose produced and why there is a limit to this effect.",fk_grade=16.4_out_of_band,1
HS-LS1,HS-LS1-5,applied,"If you provide a plant with radioactively labeled CO₂ (¹⁴CO₂) and then analyze the plant's tissues, in which organic molecules would you expect to find the radioactive carbon, and what does this tell you about where light energy ends up?",fk_grade=18.3_out_of_band,1
HS-LS1,HS-LS1-6,applied,"If a diet completely lacks nitrogen-containing compounds like proteins or nitrates, predict what would happen to a person's ability to synthesize new proteins, even if they eat plenty of sugar.",fk_grade=17.0_out_of_band,1
HS-LS2,HS-LS2-1,recall,What are two examples of density-dependent limiting factors that affect carrying capacity?,fk_grade=16.6_out_of_band,1
HS-LS2,HS-LS2-1,recall,What is the difference between biotic and abiotic factors that influence carrying capacity?,fk_grade=14.9_out_of_band,1
HS-LS2,HS-LS2-1,recall,What type of population growth curve is associated with a population approaching its carrying capacity?,fk_grade=15.4_out_of_band,1
HS-LS2,HS-LS2-2,recall,What is biodiversity?,fk_grade=17.0_out_of_band,1
HS-LS2,HS-LS2-2,recall,What is species richness?,fk_grade=3.7_out_of_band,1
HS-LS2,HS-LS2-3,recall,What molecule is the primary energy currency produced during cellular respiration?,fk_grade=16.6_out_of_band,1
HS-LS2,HS-LS2-3,recall,What is the chemical formula for the overall reaction of aerobic cellular respiration?,fk_grade=14.9_out_of_band,1
HS-LS2,HS-LS2-4,recall,What is a trophic level?,fk_grade=2.9_out_of_band,1
HS-LS2,HS-LS2-4,recall,What is the difference between a food chain and a food web?,fk_grade=3.8_out_of_band,1
HS-LS2,HS-LS2-6,recall,What is ecological stability?,fk_grade=18.4_out_of_band,1
HS-LS2,HS-LS2-6,recall,What term describes the process by which one community of organisms gradually replaces another after an ecosystem is disturbed?,fk_grade=16.0_out_of_band,1
HS-LS2,HS-LS2-6,recall,What is a keystone species?,fk_grade=2.9_out_of_band,1
HS-LS2,HS-LS2-6,recall,What is a trophic cascade?,fk_grade=2.9_out_of_band,1
HS-LS2,HS-LS2-7,recall,What is biodiversity?,fk_grade=17.0_out_of_band,1
HS-LS2,HS-LS2-7,recall,What is a keystone species?,fk_grade=2.9_out_of_band,1
HS-LS2,HS-LS2-8,recall,What term describes the phenomenon where animals living in groups can defend against predators more effectively because many individuals watch for danger?,fk_grade=16.1_out_of_band,1
HS-LS2,HS-LS2-1,conceptual,How does the availability of food affect the carrying capacity of an ecosystem for a predator species?,fk_grade=14.6_out_of_band,1
HS-LS2,HS-LS2-1,conceptual,Why does deforestation reduce the carrying capacity of an ecosystem for many species?,fk_grade=14.9_out_of_band,1
HS-LS2,HS-LS2-1,conceptual,Why does adding nutrients like nitrogen to a lake temporarily increase its carrying capacity for algae but ultimately decrease carrying capacity for fish?,fk_grade=18.0_out_of_band,1
HS-LS2,HS-LS2-2,conceptual,Why does a decrease in the population of a keystone predator usually cause a sharp decline in biodiversity in its ecosystem?,fk_grade=15.1_out_of_band,1
HS-LS2,HS-LS2-2,conceptual,Why do island ecosystems tend to have lower biodiversity than mainland ecosystems of the same area?,fk_grade=14.3_out_of_band,1
HS-LS2,HS-LS2-2,conceptual,Why does habitat fragmentation reduce biodiversity even if the total area of habitat remains the same?,fk_grade=15.7_out_of_band,1
HS-LS2,HS-LS2-2,conceptual,How does an increase in nutrient pollution (eutrophication) in a lake lead to a decrease in aquatic biodiversity?,fk_grade=14.4_out_of_band,1
HS-LS2,HS-LS2-3,conceptual,Why does aerobic respiration release more energy from glucose than anaerobic respiration does?,fk_grade=14.9_out_of_band,1
HS-LS2,HS-LS2-3,conceptual,How does decomposition by anaerobic bacteria contribute to the cycling of matter in an ecosystem?,fk_grade=16.2_out_of_band,1
HS-LS2,HS-LS2-3,conceptual,Why does carbon dioxide accumulate as a waste product during aerobic cellular respiration?,fk_grade=14.9_out_of_band,1
HS-LS2,HS-LS2-3,conceptual,How does the process of fermentation allow organisms to keep producing energy when oxygen is unavailable?,fk_grade=15.7_out_of_band,1
HS-LS2,HS-LS2-3,conceptual,Why is nitrogen cycling in anaerobic sediments important for maintaining nutrient availability in aquatic ecosystems?,fk_grade=21.7_out_of_band,1
HS-LS2,HS-LS2-5,conceptual,Why is carbon dioxide considered the link between photosynthesis and cellular respiration in the carbon cycle?,fk_grade=15.0_out_of_band,1
HS-LS2,HS-LS2-5,conceptual,How does deforestation disrupt the balance between photosynthesis and cellular respiration in the carbon cycle?,fk_grade=16.2_out_of_band,1
HS-LS2,HS-LS2-7,conceptual,Why does creating wildlife corridors help reduce the negative effects of habitat fragmentation on biodiversity?,fk_grade=17.0_out_of_band,1
HS-LS2,HS-LS2-7,conceptual,How does introducing a constructed wetland help reduce the impact of agricultural runoff on aquatic ecosystems?,fk_grade=15.7_out_of_band,1
HS-LS2,HS-LS2-7,conceptual,How does establishing a marine protected area (MPA) help fish populations recover from overfishing?,fk_grade=15.2_out_of_band,1
HS-LS2,HS-LS2-7,conceptual,How does replanting native vegetation along stream banks help restore water quality and protect aquatic biodiversity?,fk_grade=16.5_out_of_band,1
HS-LS2,HS-LS2-8,conceptual,"How does cooperative breeding, where non-parent individuals help raise offspring, increase a species' reproductive success?",fk_grade=16.2_out_of_band,1
HS-LS2,HS-LS2-2,applied,"A conservation biologist calculates species richness in two plots: Plot X has 10 species each representing 10% of individuals, and Plot Y has 10 species where one species makes up 91% of individuals. Using evenness as a measure, which plot has higher biodiversity and how does this affect population stability?",fk_grade=15.6_out_of_band,1
HS-LS2,HS-LS2-2,applied,"If a wolf population in a national park doubles from 50 to 100, and this causes the elk population to drop from 2,000 to 1,400, what is the predator-to-prey ratio before and after, and what does a decreasing ratio suggest about ecosystem dynamics?",fk_grade=20.7_out_of_band,1
HS-LS2,HS-LS2-3,applied,"If you add sugar to a yeast solution and seal it in a container, what happens to the mass of organic matter over time, and what products would indicate that energy is being released?",fk_grade=15.4_out_of_band,1
HS-LS2,HS-LS2-5,applied,"If all photosynthetic organisms in the ocean suddenly disappeared, what would happen to the carbon dioxide dissolved in ocean water over time?",fk_grade=15.5_out_of_band,1
HS-LS2,HS-LS2-6,applied,"If wolves are reintroduced into a region where deer have been overpopulating and overgrazing, what would you predict will happen to the plant life in that area over time?",fk_grade=14.8_out_of_band,1
HS-LS3,HS-LS3-1,recall,What is a gene?,fk_grade=-2.2_out_of_band,1
HS-LS3,HS-LS3-1,recall,What is a chromosome?,fk_grade=3.7_out_of_band,1
HS-LS3,HS-LS3-1,recall,What is an allele?,fk_grade=3.7_out_of_band,1
HS-LS3,HS-LS3-1,recall,What is a mutation?,fk_grade=3.7_out_of_band,1
HS-LS3,HS-LS3-1,recall,What does the term 'locus' mean in genetics?,fk_grade=3.8_out_of_band,1
HS-LS3,HS-LS3-1,recall,What is a codon?,fk_grade=-2.2_out_of_band,1
HS-LS3,HS-LS3-2,recall,What is a mutation?,fk_grade=3.7_out_of_band,1
HS-LS3,HS-LS3-2,recall,What is a point mutation?,fk_grade=2.9_out_of_band,1
HS-LS3,HS-LS3-2,recall,What is genetic recombination?,fk_grade=15.5_out_of_band,1
HS-LS3,HS-LS3-2,recall,What is a frameshift mutation?,fk_grade=2.9_out_of_band,1
HS-LS3,HS-LS3-2,recall,What is an allele?,fk_grade=3.7_out_of_band,1
HS-LS3,HS-LS3-3,recall,What is a phenotype?,fk_grade=3.7_out_of_band,1
HS-LS3,HS-LS3-3,recall,What is a polygenic trait?,fk_grade=0.5_out_of_band,1
HS-LS3,HS-LS3-3,recall,What is a Punnett square used for?,fk_grade=0.6_out_of_band,1
HS-LS3,HS-LS3-3,recall,What is the difference between homozygous and heterozygous genotypes?,fk_grade=15.5_out_of_band,1
HS-LS3,HS-LS3-1,conceptual,How does the double-helix structure of DNA help ensure that genetic information is accurately copied and passed to offspring?,fk_grade=14.2_out_of_band,1
HS-LS3,HS-LS3-1,conceptual,Why does sexual reproduction produce more genetic variation in offspring than asexual reproduction?,fk_grade=17.6_out_of_band,1
HS-LS3,HS-LS3-2,conceptual,How does crossing over during meiosis increase genetic variation?,fk_grade=14.1_out_of_band,1
HS-LS3,HS-LS3-2,conceptual,Why does independent assortment during meiosis lead to so many possible genetic combinations?,fk_grade=15.8_out_of_band,1
HS-LS3,HS-LS3-2,conceptual,How does the failure of homologous chromosomes to separate properly during meiosis contribute to genetic variation?,fk_grade=17.2_out_of_band,1
HS-LS3,HS-LS3-2,conceptual,Why is genetic recombination through meiosis considered a source of variation separate from mutation?,fk_grade=16.0_out_of_band,1
HS-LS3,HS-LS3-2,conceptual,How can ionizing radiation from the environment cause heritable genetic changes?,fk_grade=16.6_out_of_band,1
HS-LS3,HS-LS3-2,conceptual,Why are regions of DNA that are frequently replicated more susceptible to accumulating replication errors over time?,fk_grade=16.7_out_of_band,1
HS-LS3,HS-LS3-2,conceptual,Why might two individuals exposed to the same environmental mutagen develop different mutations?,fk_grade=16.7_out_of_band,1
HS-LS3,HS-LS3-3,conceptual,Why doesn't a 3:1 phenotypic ratio in a monohybrid cross appear exactly in every experiment?,fk_grade=14.6_out_of_band,1
HS-LS3,HS-LS3-3,conceptual,How does crossing over during meiosis increase genetic variation in a population?,fk_grade=14.7_out_of_band,1
HS-LS3,HS-LS3-3,conceptual,Why does the Hardy-Weinberg principle require a large population to accurately predict allele frequencies?,fk_grade=16.0_out_of_band,1
HS-LS3,HS-LS3-3,conceptual,How does gene-environment interaction explain why the same genotype can produce different phenotypes in different environments?,fk_grade=17.2_out_of_band,1
HS-LS3,HS-LS3-3,conceptual,Why is the probability of inheriting two specific recessive alleles lower than inheriting just one copy?,fk_grade=15.7_out_of_band,1
HS-LS3,HS-LS3-3,conceptual,How does the concept of phenotypic plasticity explain variation in a trait within a genetically identical population?,fk_grade=17.4_out_of_band,1
HS-LS3,HS-LS3-3,conceptual,Why does a heterozygous individual contribute to maintaining genetic variation in a population?,fk_grade=19.4_out_of_band,1
HS-LS3,HS-LS3-3,conceptual,How does the multiplication rule of probability apply when predicting the chance of inheriting multiple independent traits simultaneously?,fk_grade=19.0_out_of_band,1
HS-LS3,HS-LS3-1,applied,Two parents both have brown eyes but have a child with blue eyes. What does this tell you about the instructions stored in the parents' DNA?,fk_grade=4.5_out_of_band,1
HS-LS3,HS-LS3-1,applied,"If a gene on the X chromosome codes for color vision and a boy inherits an X chromosome with a mutated version of that gene, what would you predict about his color vision?",fk_grade=14.4_out_of_band,1
HS-LS3,HS-LS3-3,applied,"If the probability of inheriting a specific dominant allele from one parent is 1/2, what is the probability that a child will inherit that dominant allele from both parents (assuming both parents are heterozygous)?",fk_grade=20.6_out_of_band,1
HS-LS4,HS-LS4-1,recall,What is comparative anatomy in the context of evolutionary evidence?,fk_grade=16.6_out_of_band,1
HS-LS4,HS-LS4-1,recall,What does DNA sequence comparison reveal about evolutionary relationships?,fk_grade=20.7_out_of_band,1
HS-LS4,HS-LS4-1,recall,"What is an embryological similarity, and why is it considered evidence of common ancestry?",fk_grade=14.3_out_of_band,1
HS-LS4,HS-LS4-1,recall,What is the definition of biological evolution?,fk_grade=15.8_out_of_band,1
HS-LS4,HS-LS4-1,recall,What is molecular homology?,fk_grade=15.5_out_of_band,1
HS-LS4,HS-LS4-2,recall,What is a mutation?,fk_grade=3.7_out_of_band,1
HS-LS4,HS-LS4-2,recall,What does 'differential reproductive success' mean?,fk_grade=14.3_out_of_band,1
HS-LS4,HS-LS4-2,recall,How does sexual reproduction contribute to genetic variation in a population?,fk_grade=16.6_out_of_band,1
HS-LS4,HS-LS4-2,recall,What term describes the inherited characteristics that improve an organism's ability to survive and reproduce in its environment?,fk_grade=17.0_out_of_band,1
HS-LS4,HS-LS4-2,recall,What is 'fitness' in an evolutionary biology context?,fk_grade=14.1_out_of_band,1
HS-LS4,HS-LS4-3,recall,What does 'relative fitness' mean in evolutionary biology?,fk_grade=15.6_out_of_band,1
HS-LS4,HS-LS4-5,recall,What is a mass extinction event?,fk_grade=4.5_out_of_band,1
HS-LS4,HS-LS4-5,recall,What does 'evolutionary fitness' mean in biology?,fk_grade=14.1_out_of_band,1
HS-LS4,HS-LS4-5,recall,What is a selective pressure in evolutionary biology?,fk_grade=15.6_out_of_band,1
HS-LS4,HS-LS4-6,recall,What is biodiversity?,fk_grade=17.0_out_of_band,1
HS-LS4,HS-LS4-6,recall,"What is habitat fragmentation, and how does it negatively affect biodiversity?",fk_grade=15.5_out_of_band,1
HS-LS4,HS-LS4-6,recall,What is a keystone species?,fk_grade=2.9_out_of_band,1
HS-LS4,HS-LS4-2,conceptual,Why is heritable genetic variation necessary for natural selection to occur?,fk_grade=17.7_out_of_band,1
HS-LS4,HS-LS4-2,conceptual,Why does competition for limited resources drive evolutionary change in a population?,fk_grade=15.6_out_of_band,1
HS-LS4,HS-LS4-2,conceptual,How does sexual reproduction increase genetic variation within a species?,fk_grade=15.4_out_of_band,1
HS-LS4,HS-LS4-2,conceptual,Why does evolution act on populations rather than on individual organisms?,fk_grade=15.5_out_of_band,1
HS-LS4,HS-LS4-2,conceptual,How does a limited food supply in an ecosystem promote the survival of better-adapted individuals?,fk_grade=14.6_out_of_band,1
HS-LS4,HS-LS4-2,conceptual,Why does geographic isolation sometimes accelerate evolutionary divergence between two groups of the same species?,fk_grade=17.0_out_of_band,1
HS-LS4,HS-LS4-3,conceptual,Why is it important that an advantageous trait be heritable for natural selection to cause a change in population proportions?,fk_grade=14.0_out_of_band,1
HS-LS4,HS-LS4-3,conceptual,How does a larger population size make it easier to statistically detect that an advantageous trait is increasing in proportion?,fk_grade=14.6_out_of_band,1
HS-LS4,HS-LS4-3,conceptual,How does the concept of probability explain why not every individual lacking an advantageous trait will die before reproducing?,fk_grade=16.0_out_of_band,1
HS-LS4,HS-LS4-3,conceptual,How does tracking trait frequencies across multiple generations provide stronger statistical evidence for natural selection than observing a single generation?,fk_grade=19.3_out_of_band,1
HS-LS4,HS-LS4-3,conceptual,Why does natural selection acting on a heritable trait eventually lead to a predictable shift in the overall genetic makeup of a population?,fk_grade=17.0_out_of_band,1
HS-LS4,HS-LS4-3,conceptual,Why would a disease outbreak provide an opportunity to statistically observe an increase in the proportion of individuals with a disease-resistance trait?,fk_grade=16.6_out_of_band,1
HS-LS4,HS-LS4-4,conceptual,How does variation within a population make natural selection possible?,fk_grade=15.4_out_of_band,1
HS-LS4,HS-LS4-4,conceptual,Why do adaptations only improve a population's fitness for its current environment rather than for all possible environments?,fk_grade=15.7_out_of_band,1
HS-LS4,HS-LS4-4,conceptual,How does heritable variation allow natural selection to change a population over many generations?,fk_grade=17.7_out_of_band,1
HS-LS4,HS-LS4-4,conceptual,Why do harmful traits sometimes persist in a population instead of being completely eliminated by natural selection?,fk_grade=15.3_out_of_band,1
HS-LS4,HS-LS4-4,conceptual,How does competition for limited resources drive natural selection within a population?,fk_grade=15.6_out_of_band,1
HS-LS4,HS-LS4-5,conceptual,How does increased genetic diversity within a population improve its chances of surviving an environmental change?,fk_grade=15.7_out_of_band,1
HS-LS4,HS-LS4-6,conceptual,Why do habitat corridors help maintain biodiversity when human development fragments a natural ecosystem?,fk_grade=18.5_out_of_band,1
HS-LS4,HS-LS4-6,conceptual,Why does removing a keystone species from a simulation model cause a disproportionately large collapse in biodiversity compared to removing other species?,fk_grade=17.7_out_of_band,1
HS-LS4,HS-LS4-6,conceptual,How does introducing an invasive species into a simulation affect the biodiversity outcomes for native species?,fk_grade=16.5_out_of_band,1
HS-LS4,HS-LS4-6,conceptual,Why is genetic diversity within a species an important variable to include when simulating a population's ability to survive environmental change?,fk_grade=19.6_out_of_band,1
HS-LS4,HS-LS4-6,conceptual,"Why does overharvesting a single commercially targeted species cause declines in other, non-harvested species in a food-web simulation?",fk_grade=16.3_out_of_band,1
HS-LS4,HS-LS4-6,conceptual,How does reforestation in a simulation model help restore biodiversity beyond simply increasing the number of trees?,fk_grade=16.0_out_of_band,1
HS-LS4,HS-LS4-6,conceptual,"Why do conservation simulations show that protecting large, continuous areas of habitat is more effective at preserving biodiversity than protecting the same total area as many small, isolated patches?",fk_grade=21.4_out_of_band,1
HS-LS4,HS-LS4-1,applied,A scientist discovers that two distantly related species share nearly identical DNA sequences for a gene that controls eye development. What does this similarity suggest about their evolutionary history?,fk_grade=15.7_out_of_band,1
HS-LS4,HS-LS4-1,applied,"If you compare the fossil record of horses over millions of years and notice a gradual increase in body size and a reduction in toe number, how does this sequence support biological evolution?",fk_grade=17.3_out_of_band,1
HS-LS4,HS-LS4-1,applied,"If a human embryo and a fish embryo both develop gill slits at a similar early stage of development, how does this embryological similarity serve as evidence for common ancestry?",fk_grade=18.1_out_of_band,1
HS-LS4,HS-LS4-2,applied,"If a species of fish produces thousands of eggs per generation but the pond can only support a stable population of 500 fish, what evolutionary consequence does this overproduction have?",fk_grade=17.4_out_of_band,1
HS-LS4,HS-LS4-4,applied,"If a bacterial population is repeatedly exposed to the same antibiotic, what would you predict happens to the proportion of antibiotic-resistant bacteria over time, and why?",fk_grade=18.6_out_of_band,1
HS-LS4,HS-LS4-4,applied,"If a population of fish in a cold lake gradually shifts to warmer temperatures due to climate change, and some fish have a genetic variant allowing them to tolerate warmer water, what would you predict about that variant's frequency over time?",fk_grade=19.7_out_of_band,1
HS-LS4,HS-LS4-4,applied,"If a plant population in a dry environment includes individuals with slightly thicker, wax-coated leaves that reduce water loss, what would happen to the frequency of thick-waxy-leaf plants during a prolonged drought?",fk_grade=17.2_out_of_band,1
HS-LS4,HS-LS4-4,applied,"If a population of snails lives among both brown and yellow fallen leaves, and a new bird predator that can easily spot yellow snails moves into the area, what would you predict about the ratio of brown to yellow snails after many generations?",fk_grade=19.6_out_of_band,1
HS-LS4,HS-LS4-5,applied,"After a volcanic eruption covers an island with ash and kills most vegetation, a small group of seed-eating finches survives by switching to eating insects. Over thousands of generations, what outcome related to speciation might you expect if this population remains isolated?",fk_grade=14.2_out_of_band,1
HS-LS4,HS-LS4-5,applied,"Coyotes were originally found only in prairies of North America, but after wolves were hunted to extinction across most of the continent, coyote populations expanded dramatically into forests and cities. What principle about environmental conditions and population numbers does this illustrate?",fk_grade=17.4_out_of_band,1
HS-LS4,HS-LS4-6,applied,"If a simulation models a forest where logging removes 50% of tree cover, and you add a parameter for replanting native trees at a 2:1 ratio for each tree cut, how would you expect the modeled predator population to change over 20 years compared to the no-replanting scenario?",fk_grade=22.3_out_of_band,1
HS-LS4,HS-LS4-6,applied,"A student runs a simulation of a coral reef ecosystem and sets ocean temperature 2°C above baseline, causing widespread bleaching and fish population collapse. If the student then adds a parameter that reduces local agricultural runoff by 80%, how would that change the reef's modeled resilience?",fk_grade=14.4_out_of_band,1
HS-LS4,HS-LS4-6,applied,"In a biodiversity simulation, an invasive plant species is reducing native wildflower coverage by 30% per year. If you introduce a parameter representing targeted removal of 60% of the invasive species annually, what outcome would you predict for the native bee population after 10 years?",fk_grade=16.3_out_of_band,1
HS-LS4,HS-LS4-6,applied,"A simulation of a grassland ecosystem shows that urban sprawl is fragmenting habitat patches, causing local extinctions of small mammals. If you add a green corridor connecting two isolated patches, which population metric would most directly improve first—population size or genetic diversity—and why?",fk_grade=15.8_out_of_band,1
HS-LS4,HS-LS4-6,applied,"In a pesticide-use simulation, broad-spectrum insecticide application eliminates 90% of all insect species in a farmland model. If the simulation is revised to replace the broad-spectrum pesticide with a targeted biopesticide that affects only the pest species, how would pollinator population numbers differ after 5 years?",fk_grade=16.7_out_of_band,1
HS-ESS1,HS-ESS1-1,recall,What type of star is the sun currently classified as?,fk_grade=4.8_out_of_band,1
HS-ESS1,HS-ESS1-2,recall,What is the Big Bang theory?,fk_grade=0.5_out_of_band,1
HS-ESS1,HS-ESS1-2,recall,What is redshift?,fk_grade=1.3_out_of_band,1
HS-ESS1,HS-ESS1-2,recall,What is Hubble's Law?,fk_grade=0.7_out_of_band,1
HS-ESS1,HS-ESS1-2,recall,What is a light-year?,fk_grade=-2.2_out_of_band,1
HS-ESS1,HS-ESS1-3,recall,"What is a nebula, and what role does it play in the life cycle of stars?",fk_grade=4.7_out_of_band,1
HS-ESS1,HS-ESS1-3,recall,What is the CNO cycle in stellar physics?,fk_grade=3.8_out_of_band,1
HS-ESS1,HS-ESS1-4,recall,What shape are the orbits of planets in the solar system?,fk_grade=4.8_out_of_band,1
HS-ESS1,HS-ESS1-5,recall,What is the theory of plate tectonics?,fk_grade=4.0_out_of_band,1
HS-ESS1,HS-ESS1-5,recall,What is seafloor spreading?,fk_grade=0.7_out_of_band,1
HS-ESS1,HS-ESS1-5,recall,What is a subduction zone?,fk_grade=2.9_out_of_band,1
HS-ESS1,HS-ESS1-5,recall,What is a mid-ocean ridge?,fk_grade=2.9_out_of_band,1
HS-ESS1,HS-ESS1-6,recall,What is the Hadean Eon?,fk_grade=0.5_out_of_band,1
HS-ESS1,HS-ESS1-1,conceptual,Why will the sun expand into a red giant near the end of its life?,fk_grade=4.4_out_of_band,1
HS-ESS1,HS-ESS1-2,conceptual,How does the uniformity of the Cosmic Microwave Background radiation across the entire sky support the idea that the early universe was extremely hot and dense?,fk_grade=16.3_out_of_band,1
HS-ESS1,HS-ESS1-3,conceptual,How does a supernova explosion contribute to the chemical evolution of galaxies over time?,fk_grade=14.3_out_of_band,1
HS-ESS1,HS-ESS1-4,conceptual,Why are planetary orbits elliptical rather than perfectly circular?,fk_grade=15.5_out_of_band,1
HS-ESS1,HS-ESS1-4,conceptual,How does the Sun's mass affect how quickly planets orbit it?,fk_grade=4.8_out_of_band,1
HS-ESS1,HS-ESS1-6,conceptual,Why did Earth's interior differentiate into layers of different density shortly after the planet formed?,fk_grade=14.6_out_of_band,1
HS-ESS1,HS-ESS1-1,applied,"The Sun is about 4.6 billion years old. Based on its expected 10-billion-year lifespan, what stage of its life is it currently in, and what does that predict for its future?",fk_grade=4.4_out_of_band,1
HS-ESS1,HS-ESS1-1,applied,"If scientists detected that the ratio of hydrogen to helium in the Sun's core was decreasing faster than expected, what would that imply about the Sun's remaining lifespan?",fk_grade=15.6_out_of_band,1
HS-ESS1,HS-ESS1-1,applied,"If you were designing a spacecraft to monitor changes in the Sun's energy output over decades, what measurable quantity tied to nuclear fusion rates would you track to predict future changes in Earth's climate?",fk_grade=17.5_out_of_band,1
HS-ESS1,HS-ESS1-1,applied,"If a student claims that the Sun burns like a giant fire (chemical combustion), how would you use the known age and energy output of the Sun to show that nuclear fusion must be the correct energy source?",fk_grade=16.0_out_of_band,1
HS-ESS1,HS-ESS1-2,applied,"If a distant galaxy is moving away from Earth, how would its light spectrum appear different from the spectrum of the same elements measured in a laboratory on Earth?",fk_grade=14.0_out_of_band,1
HS-ESS1,HS-ESS1-2,applied,"If the Big Bang theory is correct and the universe started extremely hot and dense, what temperature would you predict scientists could detect as leftover radiation throughout all of space today?",fk_grade=15.9_out_of_band,1
HS-ESS1,HS-ESS1-2,applied,"If the early universe produced mostly hydrogen and helium through Big Bang nucleosynthesis, what ratio of these elements would you predict to find when measuring the composition of the oldest, least-processed stars?",fk_grade=18.3_out_of_band,1
HS-ESS1,HS-ESS1-2,applied,"If the universe had not started with an extremely hot, dense Big Bang, how would you predict the observed ratio of hydrogen to helium in the universe to be different from what we actually measure?",fk_grade=16.9_out_of_band,1
HS-ESS1,HS-ESS1-3,applied,"If astronomers observe an old star in the early universe with almost no metals (elements heavier than helium), what does that tell you about what stage of stellar evolution the universe was in when that star formed?",fk_grade=17.7_out_of_band,1
HS-ESS1,HS-ESS1-3,applied,"If the Sun were to somehow exhaust all of its hydrogen tomorrow, predict the sequence of fusion reactions it could still undergo before it dies, and identify the heaviest element it could produce.",fk_grade=16.9_out_of_band,1
HS-ESS1,HS-ESS1-4,applied,"If a comet has a highly elliptical orbit and is currently near its aphelion (farthest point from the Sun), how does its orbital speed at that point compare to its speed at perihelion (closest point), and why?",fk_grade=16.1_out_of_band,1
HS-ESS1,HS-ESS1-4,applied,"Using Newton's version of Kepler's third law, if you know the orbital period and average orbital radius of one of Jupiter's moons, what property of Jupiter can you calculate?",fk_grade=16.5_out_of_band,1
HS-ESS1,HS-ESS1-5,applied,"Given that oceanic crust is continuously recycled at subduction zones, why are the oldest rocks on Earth found on the continents rather than on the ocean floor?",fk_grade=14.2_out_of_band,1
HS-ESS1,HS-ESS1-5,applied,"If rock samples from a mountain range in Africa and a matching mountain range in South America show nearly identical ages and mineral compositions, how does plate tectonics explain this observation?",fk_grade=17.8_out_of_band,1
HS-ESS1,HS-ESS1-5,applied,"At a subduction zone where an oceanic plate dives beneath a continental plate, what would you predict about the relative ages of rocks on the deep ocean floor compared to rocks near the trench, and why?",fk_grade=15.5_out_of_band,1
HS-ESS1,HS-ESS1-6,applied,"If a chondritic meteorite is found to contain the same ratio of isotopes as those measured in Earth's mantle rocks, what conclusion can be drawn about the relationship between meteorites and Earth's formation?",fk_grade=17.3_out_of_band,1
HS-ESS2,HS-ESS2-1,recall,What is a subduction zone?,fk_grade=2.9_out_of_band,1
HS-ESS2,HS-ESS2-1,recall,What are the three main layers of Earth's interior?,fk_grade=5.0_out_of_band,1
HS-ESS2,HS-ESS2-1,recall,What drives the movement of tectonic plates?,fk_grade=4.0_out_of_band,1
HS-ESS2,HS-ESS2-1,recall,What is an abyssal plain?,fk_grade=-1.8_out_of_band,1
HS-ESS2,HS-ESS2-2,recall,What is a feedback loop in the context of Earth's systems?,fk_grade=3.7_out_of_band,1
HS-ESS2,HS-ESS2-2,recall,What is albedo?,fk_grade=1.3_out_of_band,1
HS-ESS2,HS-ESS2-2,recall,What is permafrost?,fk_grade=1.3_out_of_band,1
HS-ESS2,HS-ESS2-2,recall,What is the ice-albedo feedback?,fk_grade=2.9_out_of_band,1
HS-ESS2,HS-ESS2-2,recall,What is a negative feedback loop in Earth's systems?,fk_grade=5.0_out_of_band,1
HS-ESS2,HS-ESS2-3,recall,What is the state of matter of Earth's mantle?,fk_grade=2.3_out_of_band,1
HS-ESS2,HS-ESS2-3,recall,What are convection cells in the context of Earth's mantle?,fk_grade=4.8_out_of_band,1
HS-ESS2,HS-ESS2-3,recall,What is the asthenosphere?,fk_grade=3.7_out_of_band,1
HS-ESS2,HS-ESS2-4,recall,What is the greenhouse effect?,fk_grade=2.9_out_of_band,1
HS-ESS2,HS-ESS2-4,recall,What is albedo?,fk_grade=1.3_out_of_band,1
HS-ESS2,HS-ESS2-4,recall,What are Milankovitch cycles?,fk_grade=3.7_out_of_band,1
HS-ESS2,HS-ESS2-4,recall,What is a climate feedback loop?,fk_grade=2.5_out_of_band,1
HS-ESS2,HS-ESS2-4,recall,What are greenhouse gases?,fk_grade=3.7_out_of_band,1
HS-ESS2,HS-ESS2-5,recall,What is surface tension in water?,fk_grade=4.5_out_of_band,1
HS-ESS2,HS-ESS2-7,recall,"What is the term for the proposed period in Earth's history when glaciers covered most of the planet's surface, thought to be influenced by changes in atmospheric composition and life?",fk_grade=15.0_out_of_band,1
HS-ESS2,HS-ESS2-1,conceptual,How does seafloor spreading cause the ocean floor to widen?,fk_grade=3.7_out_of_band,1
HS-ESS2,HS-ESS2-1,conceptual,Why do mountain ranges take millions of years to form?,fk_grade=3.7_out_of_band,1
HS-ESS2,HS-ESS2-2,conceptual,How does widespread deforestation in tropical regions contribute to increased carbon dioxide levels in the atmosphere?,fk_grade=15.0_out_of_band,1
HS-ESS2,HS-ESS2-5,conceptual,"Why does water expand when it freezes, and how does this affect rocks?",fk_grade=4.9_out_of_band,1
HS-ESS2,HS-ESS2-7,conceptual,How do major glaciation events illustrate the way changes in Earth's physical systems can drive evolutionary change in living organisms?,fk_grade=15.8_out_of_band,1
HS-ESS2,HS-ESS2-1,applied,"If a continent experiences extensive erosion over tens of millions of years, where would you predict much of that eroded sediment eventually ends up?",fk_grade=15.9_out_of_band,1
HS-ESS2,HS-ESS2-1,applied,"If geologists find deep-sea trenches running parallel to a chain of coastal volcanoes, what does this tell you about the tectonic process operating at that boundary?",fk_grade=15.0_out_of_band,1
HS-ESS2,HS-ESS2-2,applied,"If permafrost in Siberia continues to thaw because of rising global temperatures, how could that change accelerate climate warming even further?",fk_grade=14.5_out_of_band,1
HS-ESS2,HS-ESS2-2,applied,"If global warming causes mountain glaciers to retreat significantly, how would that change affect river water supply for communities downstream during summer months?",fk_grade=15.4_out_of_band,1
HS-ESS2,HS-ESS2-3,applied,"If you model Earth's mantle as a pot of thick soup being heated on a stove, where in the pot would you expect the hottest material to be, and where would the coolest material be?",fk_grade=14.2_out_of_band,1
HS-ESS2,HS-ESS2-3,applied,"If scientists discovered that the temperature difference between Earth's core and mantle decreased significantly, how would that change the speed of mantle convection?",fk_grade=14.4_out_of_band,1
HS-ESS2,HS-ESS2-4,applied,"If a large volcanic eruption injects sulfur dioxide into the stratosphere, what would happen to global average temperatures in the following months and why?",fk_grade=14.9_out_of_band,1
HS-ESS2,HS-ESS2-4,applied,"If deforestation replaced large areas of dark tropical forest with lighter-colored cropland, how would that alter the local and regional energy balance?",fk_grade=15.5_out_of_band,1
HS-ESS2,HS-ESS2-6,applied,A power plant burns coal (a geosphere carbon store) for 50 years. How does this shift carbon between Earth's four spheres?,fk_grade=3.1_out_of_band,1
HS-ESS2,HS-ESS2-7,applied,"Nitrogen-fixing bacteria convert atmospheric nitrogen (N₂) into forms that plants can use. If these bacteria had never evolved, how would you predict the productivity of terrestrial ecosystems and the composition of soils would differ from today?",fk_grade=14.7_out_of_band,1
HS-ESS3,HS-ESS3-1,recall,"What are fossil fuels, and how did they form?",fk_grade=2.3_out_of_band,1
HS-ESS3,HS-ESS3-1,recall,What is an aquifer?,fk_grade=3.7_out_of_band,1
HS-ESS3,HS-ESS3-1,recall,What is the Richter scale used to measure?,fk_grade=2.3_out_of_band,1
HS-ESS3,HS-ESS3-1,recall,What is desertification?,fk_grade=17.0_out_of_band,1
HS-ESS3,HS-ESS3-2,recall,What is a cost-benefit ratio in the context of evaluating energy resource design solutions?,fk_grade=15.2_out_of_band,1
HS-ESS3,HS-ESS3-2,recall,"What is strip mining, and what is it primarily used for?",fk_grade=4.8_out_of_band,1
HS-ESS3,HS-ESS3-2,recall,"What is energy efficiency, and why is it relevant to evaluating energy resource solutions?",fk_grade=15.2_out_of_band,1
HS-ESS3,HS-ESS3-3,recall,What is biodiversity?,fk_grade=17.0_out_of_band,1
HS-ESS3,HS-ESS3-3,recall,What is a keystone species?,fk_grade=2.9_out_of_band,1
HS-ESS3,HS-ESS3-3,recall,What is the purpose of a computational simulation in studying natural resource management?,fk_grade=14.9_out_of_band,1
HS-ESS3,HS-ESS3-4,recall,What is phytoremediation?,fk_grade=17.0_out_of_band,1
HS-ESS3,HS-ESS3-5,recall,What is a global climate model (GCM)?,fk_grade=4.0_out_of_band,1
HS-ESS3,HS-ESS3-5,recall,"What does 'sea level rise' refer to, and what are its two main causes?",fk_grade=4.2_out_of_band,1
HS-ESS3,HS-ESS3-5,recall,"What is the albedo effect, and how does it relate to climate change?",fk_grade=4.9_out_of_band,1
HS-ESS3,HS-ESS3-6,recall,What is a feedback loop in the context of Earth systems?,fk_grade=3.7_out_of_band,1
HS-ESS3,HS-ESS3-6,recall,What is the greenhouse effect?,fk_grade=2.9_out_of_band,1
HS-ESS3,HS-ESS3-6,recall,What does the term 'carbon cycle' refer to?,fk_grade=3.8_out_of_band,1
HS-ESS3,HS-ESS3-6,recall,What does the term 'albedo' mean in Earth science?,fk_grade=2.3_out_of_band,1
HS-ESS3,HS-ESS3-6,recall,What human activity is most responsible for increasing the concentration of carbon dioxide in Earth's atmosphere?,fk_grade=15.0_out_of_band,1
HS-ESS3,HS-ESS3-1,conceptual,Why did early civilizations develop agriculture in regions with predictable seasonal climates rather than in areas with highly variable weather patterns?,fk_grade=19.0_out_of_band,1
HS-ESS3,HS-ESS3-1,conceptual,Why do regions rich in fossil fuel deposits tend to experience rapid economic development and population growth?,fk_grade=15.3_out_of_band,1
HS-ESS3,HS-ESS3-1,conceptual,Why have rising global temperatures caused some Arctic communities to relocate away from their traditional coastal settlements?,fk_grade=14.6_out_of_band,1
HS-ESS3,HS-ESS3-1,conceptual,How does the availability of mineral resources like iron ore and coal explain the historical location of industrial cities?,fk_grade=16.0_out_of_band,1
HS-ESS3,HS-ESS3-1,conceptual,How does the threat of hurricanes influence population distribution and infrastructure investment along coastal areas?,fk_grade=17.0_out_of_band,1
HS-ESS3,HS-ESS3-2,conceptual,Why do engineers use cost-benefit ratios when comparing different energy resource designs?,fk_grade=15.6_out_of_band,1
HS-ESS3,HS-ESS3-2,conceptual,How do long-term environmental cleanup costs affect the overall cost-benefit analysis of fossil fuel extraction?,fk_grade=17.0_out_of_band,1
HS-ESS3,HS-ESS3-2,conceptual,Why might a renewable energy solution have a high upfront cost but still win a cost-benefit comparison over a fossil fuel solution?,fk_grade=15.0_out_of_band,1
HS-ESS3,HS-ESS3-2,conceptual,How does the concept of externalities explain why market prices alone can be misleading when evaluating energy resource designs?,fk_grade=15.4_out_of_band,1
HS-ESS3,HS-ESS3-2,conceptual,How does recycling and reusing mineral resources change the cost-benefit ratio of developing new mining operations?,fk_grade=17.9_out_of_band,1
HS-ESS3,HS-ESS3-2,conceptual,Why do subsidies given to certain energy industries make it harder to accurately compare the true cost-benefit ratios of competing energy designs?,fk_grade=17.1_out_of_band,1
HS-ESS3,HS-ESS3-2,conceptual,How does the lifespan or durability of an energy infrastructure design influence its cost-benefit ratio?,fk_grade=16.2_out_of_band,1
HS-ESS3,HS-ESS3-2,conceptual,Why does water usage factor into the cost-benefit analysis of energy extraction methods like fracking or nuclear power?,fk_grade=15.7_out_of_band,1
HS-ESS3,HS-ESS3-3,conceptual,How does managing groundwater withdrawal rates help sustain both human populations and local biodiversity?,fk_grade=16.0_out_of_band,1
HS-ESS3,HS-ESS3-3,conceptual,Why do computational simulations help scientists predict the long-term effects of natural resource management decisions better than simple observations alone?,fk_grade=18.8_out_of_band,1
HS-ESS3,HS-ESS3-3,conceptual,How does maintaining biodiversity in agricultural landscapes help sustain long-term food production for human populations?,fk_grade=17.8_out_of_band,1
HS-ESS3,HS-ESS3-3,conceptual,Why does a growing human population tend to increase pressure on natural resources even if individual consumption stays the same?,fk_grade=14.6_out_of_band,1
HS-ESS3,HS-ESS3-3,conceptual,How does establishing protected wildlife reserves contribute to the sustainability of human populations in surrounding areas?,fk_grade=18.7_out_of_band,1
HS-ESS3,HS-ESS3-3,conceptual,Why does reducing pollution from agricultural runoff help maintain biodiversity in freshwater ecosystems?,fk_grade=19.4_out_of_band,1
HS-ESS3,HS-ESS3-3,conceptual,How does overpopulation of a single species due to the removal of its natural predators affect the overall biodiversity of an ecosystem?,fk_grade=17.7_out_of_band,1
HS-ESS3,HS-ESS3-3,conceptual,Why is it important to include feedback loops in a computational model that simulates the relationship between resource use and population sustainability?,fk_grade=17.7_out_of_band,1
HS-ESS3,HS-ESS3-4,conceptual,Why do green roofs help reduce the urban heat island effect?,fk_grade=4.8_out_of_band,1
HS-ESS3,HS-ESS3-4,conceptual,How do constructed wetlands reduce water pollution from agricultural runoff?,fk_grade=14.3_out_of_band,1
HS-ESS3,HS-ESS3-4,conceptual,How does replacing asphalt parking lots with permeable pavement reduce the impact of urban development on groundwater systems?,fk_grade=14.4_out_of_band,1
HS-ESS3,HS-ESS3-4,conceptual,Why does installing scrubbers in industrial smokestacks help protect natural ecosystems downwind of a facility?,fk_grade=15.4_out_of_band,1
HS-ESS3,HS-ESS3-5,conceptual,Why do scientists use computer climate models instead of just relying on historical weather records to forecast future climate change?,fk_grade=14.0_out_of_band,1
HS-ESS3,HS-ESS3-1,applied,"If global average temperatures continue to rise and glaciers in high mountain regions melt significantly, how would you predict this would affect agricultural communities in valleys that depend on glacier-fed rivers for irrigation?",fk_grade=19.4_out_of_band,1
HS-ESS3,HS-ESS3-1,applied,"Nomadic herding societies in sub-Saharan Africa traditionally move their livestock across large areas seasonally. If prolonged climate change causes the Sahara Desert to expand southward, how would this affect those communities' migration patterns?",fk_grade=15.9_out_of_band,1
HS-ESS3,HS-ESS3-2,applied,"A coastal city is considering tidal energy versus natural gas to meet electricity demand. Natural gas is reliable but emits CO₂, while tidal energy is emissions-free but only generates power during tidal cycles. How does this reliability difference affect the cost-benefit comparison?",fk_grade=15.2_out_of_band,1
HS-ESS3,HS-ESS3-2,applied,"A mining company can extract lithium using water-intensive brine evaporation in a desert region or use a newer, more expensive hard-rock extraction method. If the region already faces water scarcity, which method would a cost-benefit analysis likely favor?",fk_grade=15.7_out_of_band,1
HS-ESS3,HS-ESS3-3,applied,"If a computational simulation shows that a fishing community harvests cod at twice the fish's reproduction rate, what does the model predict will happen to the cod population over time?",fk_grade=17.0_out_of_band,1
HS-ESS3,HS-ESS3-3,applied,"In a simulation of a forest ecosystem, if logging removes 80% of old-growth trees, what would the model likely show happening to species that depend on old-growth habitat?",fk_grade=15.1_out_of_band,1
HS-ESS3,HS-ESS3-3,applied,"If a computational model shows that introducing a nature reserve protecting 30% of a grassland increases pollinator populations, what would the simulation likely predict for crop yields in surrounding farmland?",fk_grade=19.3_out_of_band,1
HS-ESS3,HS-ESS3-3,applied,"A simulation models sustainable versus unsustainable cattle grazing on a savanna. If cattle density exceeds the land's carrying capacity, what does the model predict will happen to plant biodiversity?",fk_grade=15.3_out_of_band,1
HS-ESS3,HS-ESS3-3,applied,"In a simulation where a government implements rotational crop farming instead of monoculture, how would the model predict soil nutrient levels and insect biodiversity to change over 20 years?",fk_grade=18.1_out_of_band,1
HS-ESS3,HS-ESS3-3,applied,"If a simulation models the removal of a keystone predator like wolves from a forest ecosystem, what would the model predict happens to vegetation and overall biodiversity?",fk_grade=18.1_out_of_band,1
HS-ESS3,HS-ESS3-4,applied,"A mining company installs acid mine drainage treatment ponds that use limestone to neutralize runoff before it reaches a nearby watershed. If the limestone treatment is only partially effective and pH remains at 5 instead of reaching 7, predict what effect the remaining acidity would still have on fish populations downstream.",fk_grade=14.9_out_of_band,1
HS-ESS3,HS-ESS3-4,applied,A chemical plant installs closed-loop cooling water recycling instead of drawing fresh water from and discharging heated water back into a nearby river. How does this technological refinement protect the river's aquatic ecosystem?,fk_grade=14.4_out_of_band,1
HS-ESS3,HS-ESS3-5,applied,"If global average temperatures rise by 2°C above pre-industrial levels, what does climate model data predict will happen to Arctic sea ice extent by the end of the century?",fk_grade=15.3_out_of_band,1
HS-ESS3,HS-ESS3-5,applied,"If a region's precipitation data shows a 20% decrease over the past 50 years and climate models project this trend to continue, what impact would you predict for that region's freshwater availability?",fk_grade=17.2_out_of_band,1
HS-ESS3,HS-ESS3-5,applied,"If climate model outputs show that a specific region will experience a 15% increase in average annual temperature by 2100, how would you predict this will affect the timing of seasonal events like plant flowering or animal migration?",fk_grade=19.7_out_of_band,1
HS-ESS3,HS-ESS3-6,applied,"If a computational model shows that deforestation in the Amazon increases atmospheric CO₂ levels, what effect would you predict this change would have on global average temperatures?",fk_grade=17.2_out_of_band,1
HS-ESS3,HS-ESS3-6,applied,"If you use a carbon cycle simulation and double the rate of fossil fuel combustion, how would the model predict atmospheric CO₂ concentrations to change over the next 50 years compared to the baseline scenario?",fk_grade=18.0_out_of_band,1
HS-ESS3,HS-ESS3-6,applied,"If an Earth system model shows that widespread urbanization increases the urban heat island effect, how would this change affect local energy consumption predictions for cooling buildings in summer?",fk_grade=16.9_out_of_band,1
HS-ETS1,HS-ETS1-1,recall,What does the term 'feasibility' mean when evaluating engineering solutions?,fk_grade=15.4_out_of_band,1
HS-ETS1,HS-ETS1-2,recall,What is a 'design criterion' (criteria) in engineering?,fk_grade=14.1_out_of_band,1
HS-ETS1,HS-ETS1-2,recall,What does the term 'feasibility' mean when evaluating an engineering solution?,fk_grade=14.4_out_of_band,1
HS-ETS1,HS-ETS1-2,recall,"What is a 'cause-and-effect' relationship, and why is it important when diagnosing an engineering problem?",fk_grade=14.6_out_of_band,1
HS-ETS1,HS-ETS1-3,recall,What does 'reliability' mean when evaluating an engineering solution?,fk_grade=18.1_out_of_band,1
HS-ETS1,HS-ETS1-3,recall,What is a 'prioritized criterion' in engineering design evaluation?,fk_grade=18.1_out_of_band,1
HS-ETS1,HS-ETS1-3,recall,What is an 'environmental impact' in the context of evaluating engineering solutions?,fk_grade=15.6_out_of_band,1
HS-ETS1,HS-ETS1-4,recall,What is the purpose of running multiple iterations of a computer simulation when testing an engineering solution?,fk_grade=15.3_out_of_band,1
HS-ETS1,HS-ETS1-4,recall,Why are computer simulations especially useful for modeling complex real-world engineering problems?,fk_grade=17.6_out_of_band,1
HS-ETS1,HS-ETS1-1,conceptual,Why is it important to distinguish between qualitative and quantitative criteria when defining an engineering solution?,fk_grade=17.9_out_of_band,1
HS-ETS1,HS-ETS1-1,conceptual,How does considering societal needs differ from considering societal wants in engineering design?,fk_grade=16.7_out_of_band,1
HS-ETS1,HS-ETS1-1,conceptual,Why is it necessary to involve stakeholders when specifying criteria and constraints for a solution to a global challenge?,fk_grade=14.2_out_of_band,1
HS-ETS1,HS-ETS1-1,conceptual,Why must engineers consider long-term societal impacts when setting criteria for solutions to global challenges?,fk_grade=16.2_out_of_band,1
HS-ETS1,HS-ETS1-1,conceptual,Why is safety typically treated as a non-negotiable constraint rather than just one criterion among many in engineering design?,fk_grade=14.2_out_of_band,1
HS-ETS1,HS-ETS1-1,conceptual,How does economic feasibility function as a constraint when designing solutions to global challenges?,fk_grade=15.2_out_of_band,1
HS-ETS1,HS-ETS1-1,conceptual,Why is it important to express criteria quantitatively whenever possible rather than leaving them vague or qualitative?,fk_grade=16.0_out_of_band,1
HS-ETS1,HS-ETS1-1,conceptual,How does identifying a global challenge as an engineering problem—rather than just a social or political problem—change how solutions are developed?,fk_grade=16.2_out_of_band,1
HS-ETS1,HS-ETS1-1,conceptual,Why do environmental impact requirements often function as both criteria and constraints in engineering design for global challenges?,fk_grade=16.3_out_of_band,1
HS-ETS1,HS-ETS1-2,conceptual,Why is it important to clearly define the criteria for success before breaking a complex engineering problem into smaller parts?,fk_grade=14.0_out_of_band,1
HS-ETS1,HS-ETS1-2,conceptual,How does prioritizing sub-problems based on their importance or difficulty improve the overall engineering design process?,fk_grade=16.5_out_of_band,1
HS-ETS1,HS-ETS1-2,conceptual,Why is it necessary to revisit and redefine sub-problems when new information is discovered during the design process?,fk_grade=14.4_out_of_band,1
HS-ETS1,HS-ETS1-3,conceptual,Why is it important to prioritize criteria before evaluating competing engineering solutions?,fk_grade=20.6_out_of_band,1
HS-ETS1,HS-ETS1-3,conceptual,Why might a solution that is technically superior still be rejected during evaluation?,fk_grade=14.9_out_of_band,1
HS-ETS1,HS-ETS1-3,conceptual,How do environmental impacts factor into the evaluation of an engineering solution?,fk_grade=16.6_out_of_band,1
HS-ETS1,HS-ETS1-3,conceptual,How can cultural considerations affect which engineering solution is chosen for a community?,fk_grade=15.8_out_of_band,1
HS-ETS1,HS-ETS1-3,conceptual,Why is it useful to create a decision matrix when comparing multiple engineering solutions against prioritized criteria?,fk_grade=17.4_out_of_band,1
HS-ETS1,HS-ETS1-3,conceptual,How does aesthetic appeal function as a legitimate engineering criterion rather than just a personal preference?,fk_grade=15.7_out_of_band,1
HS-ETS1,HS-ETS1-3,conceptual,Why is it necessary to involve diverse stakeholders when defining and prioritizing the criteria used to evaluate a solution?,fk_grade=16.7_out_of_band,1
HS-ETS1,HS-ETS1-3,conceptual,How does a solution's potential social impact become a trade-off against its technical or economic performance?,fk_grade=14.3_out_of_band,1
HS-ETS1,HS-ETS1-4,conceptual,Why do engineers use computer simulations instead of always building physical prototypes to test solutions?,fk_grade=14.6_out_of_band,1
HS-ETS1,HS-ETS1-4,conceptual,How does a computer simulation help engineers evaluate whether a solution meets multiple criteria and constraints at the same time?,fk_grade=15.2_out_of_band,1
HS-ETS1,HS-ETS1-4,conceptual,Why is it important to validate a computer simulation against real-world data before using it to make engineering decisions?,fk_grade=16.0_out_of_band,1
HS-ETS1,HS-ETS1-4,conceptual,How does modeling 'interactions between systems' in a simulation help engineers solve complex real-world problems?,fk_grade=14.6_out_of_band,1
HS-ETS1,HS-ETS1-4,conceptual,Why can changing one variable in a complex simulation sometimes cause unexpected results in a completely different part of the system?,fk_grade=14.5_out_of_band,1
HS-ETS1,HS-ETS1-4,conceptual,How does increasing the number of constraints in a simulation model make finding an optimal engineering solution more difficult?,fk_grade=14.8_out_of_band,1
HS-ETS1,HS-ETS1-4,conceptual,How does running many simulation trials with varied inputs help engineers understand the reliability of a proposed solution?,fk_grade=16.3_out_of_band,1
HS-ETS1,HS-ETS1-4,conceptual,Why is it necessary to define clear criteria and constraints before building a computer simulation of an engineering problem?,fk_grade=15.4_out_of_band,1
HS-ETS1,HS-ETS1-4,conceptual,"How does a simulation help engineers understand trade-offs between competing design criteria, such as cost versus performance?",fk_grade=15.3_out_of_band,1
HS-ETS1,HS-ETS1-4,conceptual,"Why can't engineers simply rely on mathematical equations alone, without simulation software, to solve most complex real-world engineering problems?",fk_grade=17.9_out_of_band,1
HS-ETS1,HS-ETS1-4,conceptual,"How does a computer simulation allow engineers to test the impact of rare or extreme conditions, such as earthquakes or power surges, on a proposed design?",fk_grade=14.1_out_of_band,1
HS-ETS1,HS-ETS1-4,conceptual,Why does refining a simulation model by adding more detail generally improve its accuracy but also increase the time needed to run it?,fk_grade=14.4_out_of_band,1
HS-ETS1,HS-ETS1-1,applied,"Engineers designing solar-powered desalination plants for a coastal desert community list two criteria: (1) must produce at least 1,000 liters of fresh water per day, and (2) must be operated by people with no engineering training. If a prototype produces 1,200 liters daily but requires expert technicians to run, does it meet both criteria?",fk_grade=16.4_out_of_band,1
HS-ETS1,HS-ETS1-1,applied,A team is addressing the global challenge of antibiotic-resistant bacteria in hospitals. They specify a constraint that any new sterilization technology must not damage standard medical equipment. How would an engineer use this constraint when evaluating an ultraviolet light sterilization system versus a chemical vapor system?,fk_grade=15.5_out_of_band,1
HS-ETS1,HS-ETS1-1,applied,"Engineers addressing global hunger propose a drought-tolerant crop irrigation drone system and list a safety constraint that drones must not fly above 50 meters over populated farmland. If a proposed drone design requires flying at 80 meters for accurate sensor readings, what must the engineers do?",fk_grade=14.2_out_of_band,1
HS-ETS1,HS-ETS1-2,applied,"If a city wants to reduce traffic congestion and breaks the problem into sub-problems, which sub-problem should engineers solve before designing new roads: analyzing current traffic flow patterns or selecting road construction materials?",fk_grade=19.4_out_of_band,1
HS-ETS1,HS-ETS1-2,applied,"Students designing a flood-warning system for a school break the problem into sensor selection, data transmission, and alert notification. If they solve the sensor sub-problem by choosing highly accurate water-level sensors, how does that influence the data transmission sub-problem?",fk_grade=15.0_out_of_band,1
HS-ETS1,HS-ETS1-2,applied,"A student breaks the problem of designing a reusable water bottle into sub-problems: leak prevention, insulation, and ease of cleaning. If the insulation sub-problem is solved by using a double-wall vacuum layer, how does that solution constrain the ease-of-cleaning sub-problem?",fk_grade=14.6_out_of_band,1
HS-ETS1,HS-ETS1-2,applied,"A high school team designing an air quality monitor for classrooms identifies sensor accuracy, power supply, and data display as sub-problems. If the power supply sub-problem is solved by requiring a wall outlet, how does that solution limit the data display sub-problem?",fk_grade=14.2_out_of_band,1
HS-ETS1,HS-ETS1-2,applied,"A team designing a packaging system to ship fragile items sustainably breaks the problem into cushioning material selection, box structural strength, and recyclability. If they solve the recyclability sub-problem by choosing corrugated cardboard for cushioning, how does that affect the cushioning sub-problem?",fk_grade=16.8_out_of_band,1
HS-ETS1,HS-ETS1-3,applied,"An engineer proposes using a lightweight plastic casing for a medical device because it reduces manufacturing cost, but the plastic degrades faster than metal under sterilization. How should the trade-off between cost and reliability be evaluated here?",fk_grade=15.5_out_of_band,1
HS-ETS1,HS-ETS1-3,applied,"Two car frame materials are being compared: aluminum (lighter, better fuel economy, more expensive to repair) and steel (heavier, worse fuel economy, cheaper to repair). If the primary criterion is minimizing lifetime operating cost for the consumer, which material is likely preferable?",fk_grade=17.3_out_of_band,1
HS-ETS1,HS-ETS1-3,applied,"An architect proposes a visually stunning glass skyscraper, but energy analysis shows it will require three times the heating and cooling costs of a conventional building. If energy efficiency is ranked as a high-priority criterion, how should this affect the design evaluation?",fk_grade=15.6_out_of_band,1
HS-ETS1,HS-ETS1-4,applied,"If you use a traffic flow simulation to test a proposed new highway interchange, what kind of system interactions would the simulation need to model to evaluate whether the design reduces congestion?",fk_grade=17.9_out_of_band,1
HS-ETS1,HS-ETS1-4,applied,"When simulating a proposed wind farm layout, if moving turbines closer together increases total power output in the simulation but also increases turbine wear, how should engineers use that result?",fk_grade=17.7_out_of_band,1
HS-ETS1,HS-ETS1-4,applied,"If a simulation of a new urban bike lane network predicts reduced car traffic but also shows increased pedestrian-cyclist conflicts at intersections, what should the design team do next?",fk_grade=15.3_out_of_band,1
HS-ETS1,HS-ETS1-4,applied,"If a student runs a simulation of a proposed water filtration system and the model shows the system meets water purity standards under normal flow but fails during peak demand, what specific design change would this suggest?",fk_grade=18.0_out_of_band,1
HS-ETS1,HS-ETS1-4,applied,"If a simulation predicts that a proposed forest fire containment strategy successfully stops a fire 80% of the time but the remaining 20% of simulated scenarios show the fire escaping containment, how should planners use this information?",fk_grade=20.8_out_of_band,1
HS-ETS1,HS-ETS1-4,applied,"If two different proposed designs for a city's flood control system are run through the same simulation, and Design A protects more buildings but Design B costs 30% less while protecting slightly fewer buildings, how does the simulation help the decision-making process?",fk_grade=20.2_out_of_band,1
HS-PS1,HS-PS1-1,recall,What is atomic radius?,llm_inappropriate,1
HS-PS1,HS-PS1-2,recall,What are valence electrons?,llm_inappropriate,1
HS-PS1,HS-PS1-2,recall,What is a chemical property?,llm_inappropriate,1
HS-PS1,HS-PS1-7,recall,What is a balanced chemical equation?,llm_inappropriate,1
HS-PS1,HS-PS1-7,recall,What are the coefficients in a chemical equation used for?,llm_inappropriate,1
HS-PS1,HS-PS1-7,recall,What is the term for the starting materials in a chemical reaction?,llm_inappropriate,1
HS-PS2,HS-PS2-1,recall,What is the mathematical formula for Newton's second law of motion?,llm_inappropriate,1
HS-PS2,HS-PS2-1,recall,What is acceleration?,llm_inappropriate,1
HS-PS2,HS-PS2-2,recall,What is the definition of momentum in physics?,llm_inappropriate,1
HS-PS2,HS-PS2-3,recall,What is momentum?,llm_inappropriate,1
HS-PS2,HS-PS2-3,recall,"What does Newton's second law say about the relationship between net force, mass, and acceleration?",llm_inappropriate,1
HS-PS2,HS-PS2-5,recall,What scientist first demonstrated that an electric current produces a magnetic field?,llm_inappropriate,1
HS-PS2,HS-PS2-5,recall,What is an electromagnet?,llm_inappropriate,1
HS-PS2,HS-PS2-6,recall,"What is a polymer, and what feature of its molecular structure makes it different from small molecules?",llm_inappropriate,1
HS-PS2,HS-PS2-6,recall,What type of molecular bonding gives diamond its extreme hardness?,llm_inappropriate,1
HS-PS2,HS-PS2-6,recall,Why are metals good conductors of electricity at the molecular level?,llm_inappropriate,1
HS-PS2,HS-PS2-6,recall,What is a composite material?,llm_inappropriate,1
HS-PS2,HS-PS2-6,recall,What molecular feature of Kevlar gives it its high tensile strength?,llm_inappropriate,1
HS-PS2,HS-PS2-6,recall,What is the difference between a crystalline solid and an amorphous solid in terms of molecular arrangement?,llm_inappropriate,1
HS-PS2,HS-PS2-6,recall,"What does 'cross-linking' mean in the molecular structure of a polymer, and how does it affect the material's properties?",llm_inappropriate,1
HS-PS2,HS-PS2-4,conceptual,Why do more massive objects exert a stronger gravitational pull on each other?,llm_inappropriate,1
HS-PS2,HS-PS2-5,conceptual,Why does an electric current flowing through a wire produce a magnetic field around it?,llm_inappropriate,1
HS-PS2,HS-PS2-6,conceptual,Why does cross-linking polymer chains in rubber make the material stronger and more elastic?,llm_inappropriate,1
HS-PS2,HS-PS2-6,conceptual,Why is steel harder than pure iron even though steel is mostly made of iron?,llm_inappropriate,1
HS-PS2,HS-PS2-6,conceptual,"How does the molecular structure of diamond make it so much harder than graphite, even though both are made entirely of carbon?",llm_inappropriate,1
HS-PS2,HS-PS2-6,conceptual,Why does Kevlar's molecular structure make it so effective at stopping a bullet?,llm_inappropriate,1
HS-PS2,HS-PS2-6,conceptual,How does the molecular structure of a shape-memory alloy allow it to return to its original shape after being bent?,llm_inappropriate,1
HS-PS2,HS-PS2-6,conceptual,Why are nanoparticles of a material often more chemically reactive than a larger piece of the same material?,llm_inappropriate,1
HS-PS2,HS-PS2-6,conceptual,Why does a crystalline metal conduct electricity better than the same metal in an amorphous (disordered) solid state?,llm_inappropriate,1
HS-PS2,HS-PS2-4,applied,"The gravitational force between two asteroids is F. If both asteroids collide and stick together into one object with the same total mass, and another identical object is placed the same distance away, how does the new gravitational force compare to F?",llm_inappropriate,1
HS-PS2,HS-PS2-6,applied,"A bulletproof vest made of Kevlar stops a bullet, but a cotton shirt of the same thickness does not. How does the molecular structure of Kevlar explain why it can absorb and spread the force of a bullet?",llm_inappropriate,1
HS-PS2,HS-PS2-6,applied,Carbon fiber bicycle frames are both lighter and stronger than steel frames of the same shape. How does the molecular and structural arrangement of carbon fibers account for this combination of low mass and high strength?,llm_inappropriate,1
HS-PS2,HS-PS2-6,applied,"A rubber band stretches easily and snaps back to its original shape, while a plastic ruler bends and stays bent. How does the molecular structure of rubber explain its elastic behavior compared to rigid plastic?",llm_inappropriate,1
HS-PS2,HS-PS2-6,applied,Engineers use shape-memory alloys like Nitinol in medical stents that are compressed for insertion and then expand to their original shape inside a blood vessel. How does Nitinol's molecular-level structure allow it to 'remember' its original shape?,llm_inappropriate,1
HS-PS2,HS-PS2-6,applied,Aerogel is used as insulation in space suits and is extremely lightweight yet can support heavy loads. How does aerogel's molecular-scale porous network explain its ability to bear force without being dense?,llm_inappropriate,1
HS-PS2,HS-PS2-6,applied,"Graphite and diamond are both made entirely of carbon atoms, yet graphite is soft enough to write with and diamond is one of the hardest materials known. How does the difference in molecular arrangement explain this dramatic difference in hardness?",llm_inappropriate,1
HS-PS2,HS-PS2-6,applied,"Steel cables on a suspension bridge can support enormous tension forces, while a nylon rope of the same diameter would snap under that load. How does the molecular structure of steel explain its superior tensile strength compared to nylon?",llm_inappropriate,1
HS-PS2,HS-PS2-6,applied,"Safety glass used in car windshields is made by laminating a polymer layer between two glass sheets. When the glass breaks, the fragments stick to the polymer instead of scattering. How does the molecular structure of the polymer layer explain this behavior?",llm_inappropriate,1
HS-PS3,HS-PS3-1,recall,What is the law of conservation of energy?,llm_inappropriate,1
HS-PS3,HS-PS3-1,recall,What is kinetic energy?,llm_inappropriate,1
HS-PS3,HS-PS3-1,recall,What is potential energy?,llm_inappropriate,1
HS-PS3,HS-PS3-1,recall,What is thermal energy?,llm_inappropriate,1
HS-PS3,HS-PS3-1,recall,What is mechanical energy?,llm_inappropriate,1
HS-PS3,HS-PS3-1,recall,What unit is used to measure energy in the SI system?,llm_inappropriate,1
HS-PS3,HS-PS3-2,recall,What is thermal energy?,llm_inappropriate,1
HS-PS3,HS-PS3-2,recall,What is the term for the energy an object has due to its motion?,llm_inappropriate,1
HS-PS3,HS-PS3-2,recall,What is potential energy?,llm_inappropriate,1
HS-PS3,HS-PS3-2,recall,What is mechanical energy?,llm_inappropriate,1
HS-PS3,HS-PS3-2,recall,What type of energy is stored in chemical bonds between atoms?,llm_inappropriate,1
HS-PS3,HS-PS3-3,recall,What is energy conversion?,llm_inappropriate,1
HS-PS3,HS-PS3-3,recall,What energy conversion happens in a battery-powered flashlight?,llm_inappropriate,1
HS-PS3,HS-PS3-3,recall,What is thermal energy?,llm_inappropriate,1
HS-PS3,HS-PS3-3,recall,What energy conversion occurs when a ball is dropped and hits the floor?,llm_inappropriate,1
HS-PS3,HS-PS3-4,recall,What is thermal energy?,llm_inappropriate,1
HS-PS3,HS-PS3-4,recall,What does it mean for energy to be 'uniformly distributed' among components in a system?,llm_inappropriate,1
HS-PS3,HS-PS3-5,recall,What happens to the electric force between two charged objects as the distance between them increases?,llm_inappropriate,1
HS-PS3,HS-PS3-5,recall,What does it mean for two magnets to have 'opposite poles' facing each other?,llm_inappropriate,1
HS-PS3,HS-PS3-5,recall,What type of charge interaction causes a repulsive force between two objects?,llm_inappropriate,1
HS-PS3,HS-PS3-5,recall,What are magnetic field lines used to represent in a model of a magnetic field?,llm_inappropriate,1
HS-PS3,HS-PS3-1,conceptual,How does a computational model help scientists keep track of energy changes in a complex system with many components?,llm_inappropriate,1
HS-PS3,HS-PS3-1,conceptual,Why does the energy change of a system's components depend on whether the system is open or closed to energy flows?,llm_inappropriate,1
HS-PS3,HS-PS3-3,conceptual,Why is it important to match the materials used in a device to the specific type of energy conversion needed?,llm_inappropriate,1
HS-PS3,HS-PS3-3,conceptual,Why does the design constraint of limited size or weight make it harder to achieve high efficiency in an energy-converting device?,llm_inappropriate,1
HS-PS3,HS-PS3-4,conceptual,"Why can't you cool a warm drink simply by placing a cold cup next to it without letting them touch, inside a closed insulated box?",llm_inappropriate,1
HS-PS3,HS-PS3-4,conceptual,Why does the total thermal energy of a closed system stay the same even as heat flows between its components?,llm_inappropriate,1
HS-PS3,HS-PS3-5,conceptual,Why does a compass needle align with Earth's magnetic field rather than just sitting in any random direction?,llm_inappropriate,1
HS-PS3,HS-PS3-5,conceptual,Why does a charged particle moving through a magnetic field follow a curved path instead of a straight line?,llm_inappropriate,1
HS-PS3,HS-PS3-5,applied,"If you double the distance between two equal and opposite charges, how does the force between them change, and what does this mean for the shape of the field between them?",llm_inappropriate,1
HS-PS3,HS-PS3-5,applied,"A compass needle is placed near a straight wire carrying current. Predict what happens to the compass needle, and what does this tell you about the energy interaction?",llm_inappropriate,1
HS-PS4,HS-PS4-1,recall,What is the approximate speed of sound in air at room temperature?,llm_inappropriate,1
HS-PS4,HS-PS4-1,recall,What does the term 'medium' mean when describing how a wave travels?,llm_inappropriate,1
HS-PS4,HS-PS4-2,recall,What is a digital signal?,llm_inappropriate,1
HS-PS4,HS-PS4-2,recall,What is a bit in the context of digital information?,llm_inappropriate,1
HS-PS4,HS-PS4-2,recall,What is data compression?,llm_inappropriate,1
HS-PS4,HS-PS4-3,recall,What is the speed of electromagnetic radiation in a vacuum?,llm_inappropriate,1
HS-PS4,HS-PS4-3,recall,What is the electromagnetic spectrum?,llm_inappropriate,1
HS-PS4,HS-PS4-3,recall,What is wave-particle duality?,llm_inappropriate,1
HS-PS4,HS-PS4-4,recall,What does the term 'ionizing radiation' mean?,llm_inappropriate,1
HS-PS4,HS-PS4-4,recall,Which region of the electromagnetic spectrum is responsible for causing sunburns?,llm_inappropriate,1
HS-PS4,HS-PS4-4,recall,What happens when infrared radiation is absorbed by matter?,llm_inappropriate,1
HS-PS4,HS-PS4-4,recall,What is the electromagnetic spectrum?,llm_inappropriate,1
HS-PS4,HS-PS4-4,recall,What type of electromagnetic radiation do microwave ovens use to heat food?,llm_inappropriate,1
HS-PS4,HS-PS4-5,recall,What is the term for the bending of a wave as it passes from one medium into another?,llm_inappropriate,1
HS-PS4,HS-PS4-5,recall,What is the term for the number of wave cycles that pass a given point per second?,llm_inappropriate,1
HS-PS4,HS-PS4-1,conceptual,Why does a wave slow down when it moves from a less dense medium to a more dense medium?,llm_inappropriate,1
HS-PS4,HS-PS4-2,conceptual,How does data compression reduce the amount of storage space needed for digital information?,llm_inappropriate,1
HS-PS4,HS-PS4-2,conceptual,How does redundancy in digital storage help protect against data loss?,llm_inappropriate,1
HS-PS4,HS-PS4-3,conceptual,How does the wave model of light explain the colorful patterns seen when light passes through a thin soap bubble?,llm_inappropriate,1
HS-PS4,HS-PS4-3,conceptual,How does the particle model explain why gamma rays are more dangerous to human tissue than radio waves of the same intensity?,llm_inappropriate,1
HS-PS4,HS-PS4-4,conceptual,"Why is ultraviolet radiation able to cause skin cancer, while visible light generally does not?",llm_inappropriate,1
HS-PS4,HS-PS4-4,conceptual,How does the absorption of infrared radiation cause matter to heat up?,llm_inappropriate,1
HS-PS4,HS-PS4-4,conceptual,How does a microwave oven use electromagnetic radiation to heat food?,llm_inappropriate,1
HS-PS4,HS-PS4-4,conceptual,Why do scientists need to evaluate the reliability of published studies about cell phone radiation and health risks?,llm_inappropriate,1
HS-PS4,HS-PS4-4,conceptual,Why does the ozone layer protect living organisms by absorbing UV-C radiation but not radio waves?,llm_inappropriate,1
HS-PS4,HS-PS4-5,conceptual,Why does a microwave oven heat food but not the ceramic plate it sits on?,llm_inappropriate,1
HS-PS4,HS-PS4-5,conceptual,Why is it important that Wi-Fi routers and microwave ovens can interfere with each other?,llm_inappropriate,1
HS-PS4,HS-PS4-2,applied,"If a vinyl record and an MP3 file of the same song are both stored for 50 years, which is more likely to still play perfectly and why?",llm_inappropriate,1
HS-PS4,HS-PS4-2,applied,A hospital needs to send a patient's X-ray image to a specialist across the country. Why would sending a digital file be better than mailing a physical film copy?,llm_inappropriate,1
HS-PS4,HS-PS4-2,applied,A photographer shoots 500 photos on film and 500 photos digitally. How does the storage and sharing process differ for each?,llm_inappropriate,1
HS-PS4,HS-PS4-2,applied,A security camera system stores footage digitally on a hard drive instead of on VHS tapes. What advantage does this give investigators who need to find a specific 10-second clip from a week of footage?,llm_inappropriate,1
HS-PS4,HS-PS4-2,applied,"A library stores its catalog on paper cards and also in a digital database. If the building floods, how does the outcome for each storage method differ?",llm_inappropriate,1
HS-PS4,HS-PS4-3,applied,"A laser pointer sends a narrow beam of red light across a room, and the beam stays tightly focused over a long distance. If you fire the laser at a detector one photon at a time, which model would you use to predict the probability of where each photon lands?",llm_inappropriate,1
HS-PS4,HS-PS4-4,applied,"A student reads a news article claiming that wearing sunscreen with SPF 50 completely blocks all UV radiation from reaching the skin. Based on what you know about UV absorption, is this claim valid?",llm_inappropriate,1
HS-PS4,HS-PS4-4,applied,A health website claims that infrared saunas 'detoxify the body' because infrared radiation penetrates deep into organs. How would you evaluate whether this penetration claim is reliable?,llm_inappropriate,1
HS-PS4,HS-PS4-4,applied,"A company advertises glasses that block 'all harmful blue light' from screens, claiming this prevents eye damage. How would you assess the validity of the 'harmful blue light from screens' claim?",llm_inappropriate,1
HS-PS4,HS-PS4-4,applied,Predict what would happen to a piece of black paper and a piece of clear glass if both were placed in direct sunlight. How does each material's absorption of visible light frequencies explain your prediction?,llm_inappropriate,1
HS-PS4,HS-PS4-4,applied,An advertisement for a UV-C air purifier claims it kills airborne viruses by destroying their DNA. Is the physics behind this claim plausible?,llm_inappropriate,1
HS-PS4,HS-PS4-5,applied,A microwave oven heats food but does not heat the glass turntable. How does this demonstrate selective wave-matter interaction?,llm_inappropriate,1
HS-PS4,HS-PS4-5,applied,"Sunscreen is labeled SPF 50 and blocks most UV radiation. If UV light passes through regular window glass but is blocked by sunscreen, what does this tell you about how different materials interact with UV waves?",llm_inappropriate,1
HS-PS4,HS-PS4-5,applied,"Solar panels on a house absorb sunlight and convert it to electricity, but they work better on some days than others. How does the wave nature of light explain why a hazy day produces less electricity than a clear sunny day?",llm_inappropriate,1
HS-LS1,HS-LS1-1,recall,What are the four nitrogen bases found in DNA?,llm_inappropriate,1
HS-LS1,HS-LS1-2,recall,What is a tissue in the context of biological organization?,llm_inappropriate,1
HS-LS1,HS-LS1-2,recall,What is cell differentiation?,llm_inappropriate,1
HS-LS1,HS-LS1-2,recall,What is the primary function of the circulatory system in humans?,llm_inappropriate,1
HS-LS1,HS-LS1-3,recall,What is homeostasis?,llm_inappropriate,1
HS-LS1,HS-LS1-3,recall,What is a feedback mechanism in biology?,llm_inappropriate,1
HS-LS1,HS-LS1-3,recall,What is thermoregulation?,llm_inappropriate,1
HS-LS1,HS-LS1-4,recall,What is mitosis?,llm_inappropriate,1
HS-LS1,HS-LS1-5,recall,What organelle in plant cells is responsible for carrying out photosynthesis?,llm_inappropriate,1
HS-LS1,HS-LS1-5,recall,What is chlorophyll?,llm_inappropriate,1
HS-LS1,HS-LS1-6,recall,What are the three elements found in all sugar molecules?,llm_inappropriate,1
HS-LS1,HS-LS1-6,recall,What additional element must be present to form an amino acid from a sugar molecule?,llm_inappropriate,1
HS-LS1,HS-LS1-6,recall,"What term describes the large, carbon-containing molecules that make up living things, such as proteins, lipids, and nucleic acids?",llm_inappropriate,1
HS-LS1,HS-LS1-6,recall,"What is the chemical formula for glucose, one of the most common sugar molecules used in cellular processes?",llm_inappropriate,1
HS-LS1,HS-LS1-7,recall,What molecule is the primary product of cellular respiration that cells use for energy?,llm_inappropriate,1
HS-LS1,HS-LS1-7,recall,Where in the cell does cellular respiration primarily take place?,llm_inappropriate,1
HS-LS1,HS-LS1-7,recall,What gas is required as a reactant in cellular respiration?,llm_inappropriate,1
HS-LS1,HS-LS1-2,conceptual,How does the structure of an organ enable it to carry out its function within an organ system?,llm_inappropriate,1
HS-LS1,HS-LS1-2,conceptual,Why is it important that organ systems interact with each other rather than operate in complete isolation?,llm_inappropriate,1
HS-LS1,HS-LS1-3,conceptual,How does the renin-angiotensin-aldosterone system use feedback to regulate blood pressure?,llm_inappropriate,1
HS-LS1,HS-LS1-6,conceptual,How does adding an amino group to a carbon skeleton derived from sugar produce an amino acid?,llm_inappropriate,1
HS-LS1,HS-LS1-3,applied,"After eating a protein-rich meal, blood calcium levels rise slightly. Predict what the parathyroid glands do in response and how this restores homeostasis.",llm_inappropriate,1
HS-LS2,HS-LS2-1,recall,What is carrying capacity?,llm_inappropriate,1
HS-LS2,HS-LS2-1,recall,What letter is used to represent carrying capacity in population growth equations?,llm_inappropriate,1
HS-LS2,HS-LS2-2,recall,What is carrying capacity?,llm_inappropriate,1
HS-LS2,HS-LS2-2,recall,What is population density?,llm_inappropriate,1
HS-LS2,HS-LS2-2,recall,What is a limiting factor in an ecosystem?,llm_inappropriate,1
HS-LS2,HS-LS2-3,recall,What is the main difference between aerobic and anaerobic respiration?,llm_inappropriate,1
HS-LS2,HS-LS2-3,recall,What are the products of aerobic cellular respiration?,llm_inappropriate,1
HS-LS2,HS-LS2-3,recall,"What is fermentation, and under what conditions does it occur?",llm_inappropriate,1
HS-LS2,HS-LS2-4,recall,What is biomass in the context of an ecosystem?,llm_inappropriate,1
HS-LS2,HS-LS2-5,recall,What gas do plants absorb from the atmosphere during photosynthesis?,llm_inappropriate,1
HS-LS2,HS-LS2-5,recall,What are the two main products of cellular respiration?,llm_inappropriate,1
HS-LS2,HS-LS2-5,recall,In which organelle does photosynthesis take place in plant cells?,llm_inappropriate,1
HS-LS2,HS-LS2-5,recall,"What is the term for the layer of Earth that includes all living organisms, where carbon is stored in organic molecules?",llm_inappropriate,1
HS-LS2,HS-LS2-5,recall,"What is the chemical formula for glucose, the sugar produced during photosynthesis?",llm_inappropriate,1
HS-LS2,HS-LS2-6,recall,What is the difference between a stable ecosystem and a new ecosystem in the context of changing conditions?,llm_inappropriate,1
HS-LS2,HS-LS2-7,recall,What is an invasive species?,llm_inappropriate,1
HS-LS2,HS-LS2-7,recall,What is a wildlife corridor?,llm_inappropriate,1
HS-LS2,HS-LS2-8,recall,"What is cooperative hunting, and can you give one example of an animal species that uses it?",llm_inappropriate,1
HS-LS2,HS-LS2-8,recall,What does the term 'inclusive fitness' mean in biology?,llm_inappropriate,1
HS-LS2,HS-LS2-8,recall,What is a dominance hierarchy in an animal group?,llm_inappropriate,1
HS-LS2,HS-LS2-8,recall,"What is mutualism, and how does it relate to group behavior benefiting survival?",llm_inappropriate,1
HS-LS2,HS-LS2-8,conceptual,Why do meerkats take turns acting as sentinels while the rest of the group forages?,llm_inappropriate,1
HS-LS2,HS-LS2-8,conceptual,How does a bee colony's division of labor improve the reproductive success of the queen?,llm_inappropriate,1
HS-LS3,HS-LS3-1,recall,What is DNA?,llm_inappropriate,1
HS-LS3,HS-LS3-1,recall,How many chromosomes do humans typically have in their body cells?,llm_inappropriate,1
HS-LS3,HS-LS3-1,recall,What are the four nitrogenous bases found in DNA?,llm_inappropriate,1
HS-LS3,HS-LS3-1,recall,What does it mean for an organism to be heterozygous for a trait?,llm_inappropriate,1
HS-LS3,HS-LS3-1,recall,What is the base-pairing rule in DNA?,llm_inappropriate,1
HS-LS3,HS-LS3-1,recall,What is a dominant allele?,llm_inappropriate,1
HS-LS3,HS-LS3-1,recall,What is a recessive allele?,llm_inappropriate,1
HS-LS3,HS-LS3-1,recall,What is the process by which DNA is copied before cell division?,llm_inappropriate,1
HS-LS3,HS-LS3-2,recall,What is meiosis?,llm_inappropriate,1
HS-LS3,HS-LS3-2,recall,What does the term 'inheritable variation' mean?,llm_inappropriate,1
HS-LS3,HS-LS3-2,recall,What are homologous chromosomes?,llm_inappropriate,1
HS-LS3,HS-LS3-2,recall,What is DNA replication?,llm_inappropriate,1
HS-LS3,HS-LS3-3,recall,"In probability, what does it mean for two events to be independent?",llm_inappropriate,1
HS-LS3,HS-LS3-3,recall,What is genetic variation?,llm_inappropriate,1
HS-LS3,HS-LS3-3,recall,What does the standard deviation of a trait distribution tell you?,llm_inappropriate,1
HS-LS3,HS-LS3-3,recall,What does it mean when a trait is said to be 'expressed' in an organism?,llm_inappropriate,1
HS-LS3,HS-LS3-3,recall,What is a recessive allele?,llm_inappropriate,1
HS-LS3,HS-LS3-3,recall,What is a carrier in genetics?,llm_inappropriate,1
HS-LS3,HS-LS3-1,conceptual,Why do offspring inherit traits from both parents rather than only one?,llm_inappropriate,1
HS-LS3,HS-LS3-1,conceptual,How do genes located on chromosomes get passed from parents to their children?,llm_inappropriate,1
HS-LS3,HS-LS3-2,conceptual,How does the presence of DNA repair enzymes reduce—but not eliminate—the rate of heritable mutations?,llm_inappropriate,1
HS-LS3,HS-LS3-3,conceptual,How does incomplete dominance cause a continuous range of trait expression rather than distinct categories?,llm_inappropriate,1
HS-LS3,HS-LS3-3,conceptual,Why are recessive genetic disorders less common in a population than dominant ones with the same mutation rate?,llm_inappropriate,1
HS-LS3,HS-LS3-3,conceptual,How does natural selection change the distribution of a trait in a population over generations?,llm_inappropriate,1
HS-LS3,HS-LS3-3,conceptual,How does a skewed phenotypic distribution in a population suggest that natural selection may be acting on a trait?,llm_inappropriate,1
HS-LS3,HS-LS3-3,applied,"If you flip a coin twice to simulate inheriting two alleles, what is the probability that both alleles will be the same (e.g., HH or TT)?",llm_inappropriate,1
HS-LS3,HS-LS3-3,applied,"In a class of 30 students, you survey tongue-rolling ability (dominant trait). If 21 students can roll their tongues, what is the estimated frequency of the dominant phenotype, and how does this reflect allele distribution in this small sample?",llm_inappropriate,1
HS-LS3,HS-LS3-3,applied,"Two pea plants are crossed, and you expect a 3:1 ratio of tall to short offspring. If you only look at 8 offspring, how likely is it that you'll get exactly a 6:2 ratio?",llm_inappropriate,1
HS-LS3,HS-LS3-3,applied,"A student claims that because a dominant allele is common in a population, it must also be the most fit allele. How would you use allele frequency data to evaluate this claim?",llm_inappropriate,1
HS-LS4,HS-LS4-1,recall,What is homologous structure?,llm_inappropriate,1
HS-LS4,HS-LS4-1,recall,What is a vestigial structure?,llm_inappropriate,1
HS-LS4,HS-LS4-1,recall,What does the term 'common ancestry' mean in biology?,llm_inappropriate,1
HS-LS4,HS-LS4-2,recall,What is natural selection?,llm_inappropriate,1
HS-LS4,HS-LS4-3,recall,What is a heritable trait?,llm_inappropriate,1
HS-LS4,HS-LS4-3,recall,What is natural selection?,llm_inappropriate,1
HS-LS4,HS-LS4-3,recall,What is a population in biology?,llm_inappropriate,1
HS-LS4,HS-LS4-3,recall,What is meant by 'variation' in a population?,llm_inappropriate,1
HS-LS4,HS-LS4-3,recall,What is the difference between genotype and phenotype?,llm_inappropriate,1
HS-LS4,HS-LS4-4,recall,What is natural selection?,llm_inappropriate,1
HS-LS4,HS-LS4-4,recall,What is an adaptation?,llm_inappropriate,1
HS-LS4,HS-LS4-4,recall,What is a population in biology?,llm_inappropriate,1
HS-LS4,HS-LS4-5,recall,What is extinction in the context of biological evolution?,llm_inappropriate,1
HS-LS4,HS-LS4-5,recall,What does the term 'natural selection' mean?,llm_inappropriate,1
HS-LS4,HS-LS4-6,recall,What is an invasive species?,llm_inappropriate,1
HS-LS4,HS-LS4-6,recall,"What is a wildlife corridor, and what conservation problem is it designed to solve?",llm_inappropriate,1
HS-LS4,HS-LS4-6,recall,"What is overexploitation, and how does it threaten biodiversity?",llm_inappropriate,1
HS-LS4,HS-LS4-6,recall,"In scientific modeling, what is a simulation?",llm_inappropriate,1
HS-LS4,HS-LS4-5,conceptual,How does an increase in a prey species' population result from a change that reduces the number of its predators?,llm_inappropriate,1
HS-LS4,HS-LS4-6,conceptual,How does reducing pollution levels in a simulated aquatic habitat lead to a recovery of fish species richness?,llm_inappropriate,1
HS-LS4,HS-LS4-1,applied,"Two island lizard populations became geographically isolated 10,000 years ago. Scientists today find they differ in scale patterns and limb length but have nearly identical DNA. What does this evidence predict about how long ago they diverged?",llm_inappropriate,1
HS-LS4,HS-LS4-3,applied,"In a population of 500 rabbits living in a snowy environment, 100 are white and 400 are brown. If predators can easily spot brown rabbits, use probability reasoning to predict what the population might look like after 5 generations.",llm_inappropriate,1
HS-LS4,HS-LS4-3,applied,"A population of plants includes 20% with a drought-resistant trait and 80% without it. A multi-year drought begins. Using statistics and probability, how would you expect these proportions to shift by the end of the drought?",llm_inappropriate,1
HS-LS4,HS-LS4-3,applied,"A data set shows that in a moth population, dark moths survive at a rate of 80% per generation on soot-covered trees, while light moths survive at only 20%. Starting with equal numbers of each, how many generations would it likely take for dark moths to dominate the population?",llm_inappropriate,1
HS-LS4,HS-LS4-6,applied,"A simulation shows that road construction through a wildlife corridor cuts gene flow between two deer populations to near zero. If you add a wildlife overpass to the model, how would the genetic diversity metric change over 50 simulated years?",llm_inappropriate,1
HS-LS4,HS-LS4-6,applied,You are testing a fishing regulation in a simulation by changing the minimum catch size from 20 cm to 30 cm for a commercially harvested fish. How would this change affect the modeled age structure and population size of that species after 15 years?,llm_inappropriate,1
HS-LS4,HS-LS4-6,applied,"A student models ocean dead zones caused by fertilizer runoff that depletes oxygen and kills fish. If the simulation introduces a buffer zone of wetlands along the coastline that filters 70% of nitrogen before it enters the ocean, what would happen to the modeled size of the dead zone over 10 years?",llm_inappropriate,1
HS-ESS1,HS-ESS1-1,recall,What form of energy from the sun ultimately reaches Earth after traveling through space?,llm_inappropriate,1
HS-ESS1,HS-ESS1-1,recall,What is the name of the region at the center of the sun where nuclear fusion occurs?,llm_inappropriate,1
HS-ESS1,HS-ESS1-1,recall,What is the approximate surface temperature of the sun?,llm_inappropriate,1
HS-ESS1,HS-ESS1-1,recall,What is the term for the particle of light that carries electromagnetic radiation energy from the sun to Earth?,llm_inappropriate,1
HS-ESS1,HS-ESS1-3,recall,What is a supernova?,llm_inappropriate,1
HS-ESS1,HS-ESS1-4,recall,What is orbital period?,llm_inappropriate,1
HS-ESS1,HS-ESS1-4,recall,What is the name of the point in a planet's orbit where it is closest to the Sun?,llm_inappropriate,1
HS-ESS1,HS-ESS1-5,recall,Why is oceanic crust generally younger than continental crust?,llm_inappropriate,1
HS-ESS1,HS-ESS1-5,recall,What evidence from the ocean floor supports the theory of plate tectonics?,llm_inappropriate,1
HS-ESS1,HS-ESS1-5,recall,What is the name of the supercontinent that most of Earth's landmasses were part of approximately 300 million years ago?,llm_inappropriate,1
HS-ESS1,HS-ESS1-1,conceptual,"Why does the sun appear to shine steadily rather than flickering, even though fusion reactions are happening at the particle level?",llm_inappropriate,1
HS-ESS1,HS-ESS1-3,conceptual,Why can low-mass stars like our Sun never produce elements heavier than carbon or oxygen?,llm_inappropriate,1
HS-ESS1,HS-ESS1-5,conceptual,Why are rocks found at mid-ocean ridges younger than rocks found farther away from the ridges?,llm_inappropriate,1
HS-ESS1,HS-ESS1-5,conceptual,Why is oceanic crust generally much younger than continental crust?,llm_inappropriate,1
HS-ESS1,HS-ESS1-5,conceptual,How does the pattern of magnetic striping on the ocean floor provide evidence for plate tectonics?,llm_inappropriate,1
HS-ESS1,HS-ESS1-5,conceptual,Why do rocks on opposite sides of a mid-ocean ridge show mirror-image patterns of age?,llm_inappropriate,1
HS-ESS1,HS-ESS1-5,conceptual,How does subduction explain why there is very little oceanic crust older than 200 million years on Earth?,llm_inappropriate,1
HS-ESS1,HS-ESS1-5,conceptual,"Why do continents fit together like puzzle pieces, and what does this tell us about past plate movements?",llm_inappropriate,1
HS-ESS1,HS-ESS1-5,conceptual,How does radiometric dating of crustal rocks support the theory of plate tectonics?,llm_inappropriate,1
HS-ESS1,HS-ESS1-1,applied,"A star identical to the Sun but with twice the mass would burn through its fuel much faster. How would its lifespan compare to the Sun's, and what does this tell us about mass and stellar longevity?",llm_inappropriate,1
HS-ESS1,HS-ESS1-1,applied,"If the Sun's core temperature dropped by 20%, how would that affect the rate of nuclear fusion and, consequently, the amount of solar radiation reaching Earth?",llm_inappropriate,1
HS-ESS1,HS-ESS1-1,applied,Earth's early atmosphere was different and the Sun was about 70% as luminous as it is today. How does the Sun's gradual increase in luminosity over its lifespan affect predictions about Earth's habitability in the distant future?,llm_inappropriate,1
HS-ESS1,HS-ESS1-5,applied,"If you drill rock samples from the center of the Mid-Atlantic Ridge and from a location far away on the ocean floor, which sample would you expect to be older, and why?",llm_inappropriate,1
HS-ESS1,HS-ESS1-5,applied,"If two continents that were once joined are now separated by an ocean, how would you expect the ages of rocks along their matching coastlines to compare?",llm_inappropriate,1
HS-ESS1,HS-ESS1-5,applied,"If you mapped the ages of seafloor rocks across the Pacific Ocean and found they get progressively older toward the western side, what process would you use to explain this pattern?",llm_inappropriate,1
HS-ESS1,HS-ESS1-5,applied,"A tectonic plate is moving at a rate of 5 cm per year. If a volcanic hot spot created an island chain, and one island is 500 km from the hot spot, approximately how long ago did that island form over the hot spot?",llm_inappropriate,1
HS-ESS2,HS-ESS2-1,recall,What is the term for the supercontinent that existed about 300 million years ago before the current continents separated?,llm_inappropriate,1
HS-ESS2,HS-ESS2-2,recall,What are the four major Earth systems that interact with one another?,llm_inappropriate,1
HS-ESS2,HS-ESS2-3,recall,"What are the four main layers of Earth's interior, listed from outermost to innermost?",llm_inappropriate,1
HS-ESS2,HS-ESS2-3,recall,What is thermal convection?,llm_inappropriate,1
HS-ESS2,HS-ESS2-5,recall,What is capillary action in water?,llm_inappropriate,1
HS-ESS2,HS-ESS2-5,recall,What is the difference between weathering and erosion?,llm_inappropriate,1
HS-ESS2,HS-ESS2-6,recall,What is the primary form of carbon found in Earth's atmosphere?,llm_inappropriate,1
HS-ESS2,HS-ESS2-6,recall,What process do plants use to remove carbon dioxide from the atmosphere and convert it into organic compounds?,llm_inappropriate,1
HS-ESS3,HS-ESS3-1,recall,What is a natural resource?,llm_inappropriate,1
HS-ESS3,HS-ESS3-1,recall,What is the difference between a renewable and a nonrenewable natural resource?,llm_inappropriate,1
HS-ESS3,HS-ESS3-1,recall,What is a natural hazard?,llm_inappropriate,1
HS-ESS3,HS-ESS3-1,recall,What is the term for the long-term average of weather conditions in a region over at least 30 years?,llm_inappropriate,1
HS-ESS3,HS-ESS3-2,recall,What is a renewable energy resource?,llm_inappropriate,1
HS-ESS3,HS-ESS3-2,recall,What is a nonrenewable energy resource?,llm_inappropriate,1
HS-ESS3,HS-ESS3-3,recall,What does the term 'sustainability' mean in the context of natural resource management?,llm_inappropriate,1
HS-ESS3,HS-ESS3-3,recall,What is a natural resource?,llm_inappropriate,1
HS-ESS3,HS-ESS3-3,recall,What is the difference between a renewable and a nonrenewable natural resource?,llm_inappropriate,1
HS-ESS3,HS-ESS3-3,recall,What does 'carrying capacity' mean in ecology?,llm_inappropriate,1
HS-ESS3,HS-ESS3-3,recall,What is habitat fragmentation?,llm_inappropriate,1
HS-ESS3,HS-ESS3-3,recall,What is overharvesting?,llm_inappropriate,1
HS-ESS3,HS-ESS3-4,recall,What is a constructed wetland?,llm_inappropriate,1
HS-ESS3,HS-ESS3-5,recall,What is the current benchmark concentration of atmospheric CO₂ that scientists use as a key indicator of climate change?,llm_inappropriate,1
HS-ESS3,HS-ESS3-5,recall,What is the difference between weather and climate?,llm_inappropriate,1
HS-ESS3,HS-ESS3-6,recall,What are the four main Earth systems that scientists use to organize and study our planet?,llm_inappropriate,1
HS-ESS3,HS-ESS3-1,applied,Japan experiences frequent earthquakes and tsunamis. How has this pattern of natural hazards influenced where the Japanese build nuclear power plants and other critical infrastructure near coastlines?,llm_inappropriate,1
HS-ESS3,HS-ESS3-2,applied,Engineers are designing a copper mine and must choose between open-pit mining and underground mining. Open-pit mining is cheaper but destroys more land surface. How would a cost-benefit analysis guide the choice between these two methods?,llm_inappropriate,1
HS-ESS3,HS-ESS3-2,applied,"Two solar panel designs are being compared: one uses cheaper, less efficient silicon cells and another uses more expensive but highly efficient perovskite cells. If both are installed on a rooftop with limited space, which design is likely to have a better cost-benefit outcome?",llm_inappropriate,1
HS-ESS3,HS-ESS3-2,applied,A school district is deciding between installing geothermal heating or continuing to use oil furnaces. The geothermal system costs more to install but has lower annual operating costs. At what point would the geothermal system 'break even' in a cost-benefit analysis?,llm_inappropriate,1
HS-ESS3,HS-ESS3-2,applied,"A community near a proposed rare-earth mineral mine stands to gain local jobs, but risks groundwater contamination. How should these factors be weighted in a cost-benefit analysis of the mining project?",llm_inappropriate,1
HS-ESS3,HS-ESS3-2,applied,"Two designs for extracting oil sands are compared: surface mining and in-situ steam injection. Surface mining is cheaper per barrel but requires clearing large forest areas, while in-situ methods preserve the surface but use large amounts of energy. How does land disturbance factor into the cost-benefit ratio?",llm_inappropriate,1
HS-ESS3,HS-ESS3-3,applied,A computational model tracks a river basin where upstream communities divert 60% of river flow for irrigation. What does the model predict for downstream aquatic biodiversity?,llm_inappropriate,1
HS-ESS3,HS-ESS3-3,applied,"In a simulation, a region transitions from coal energy to wind and solar power over 30 years. What would the model predict about local air quality and its effect on the region's ability to sustain its human population?",llm_inappropriate,1
HS-ESS3,HS-ESS3-5,applied,"A coastal city sits 1 meter above current sea level. Using current rates of sea level rise (~3.7 mm/year and accelerating), approximately when would that city begin experiencing regular flooding?",llm_inappropriate,1
HS-ESS3,HS-ESS3-6,applied,A computational Earth system model simulates large-scale irrigation in a desert region. What change would the model likely predict for local atmospheric humidity and precipitation patterns?,llm_inappropriate,1
HS-ETS1,HS-ETS1-2,recall,What is the engineering design process?,llm_inappropriate,1
HS-ETS1,HS-ETS1-2,recall,What is a 'prototype' in the engineering design process?,llm_inappropriate,1
HS-ETS1,HS-ETS1-2,recall,What is a 'system' in engineering?,llm_inappropriate,1
HS-ETS1,HS-ETS1-4,recall,What does the term 'criteria' mean in engineering design?,llm_inappropriate,1
HS-ETS1,HS-ETS1-4,recall,What is a variable in the context of a computer simulation?,llm_inappropriate,1
HS-ETS1,HS-ETS1-2,conceptual,How does the process of breaking down a complex problem help engineers communicate their design plans to stakeholders?,llm_inappropriate,1
HS-ETS1,HS-ETS1-2,conceptual,Why does the level at which a complex problem is broken down — how fine or coarse the sub-problems are — affect the quality of the final engineering solution?,llm_inappropriate,1
HS-ETS1,HS-ETS1-3,applied,A coastal city is designing a seawall to protect against flooding. Design A is 20% cheaper but would redirect wave energy onto a neighboring unprotected town. How should this social and safety impact influence the evaluation?,llm_inappropriate,1
HS-PS1,HS-PS1-4,recall,Does forming a chemical bond release energy or require energy?,duplicate,1
HS-PS1,HS-PS1-4,recall,What is an endothermic reaction in terms of bond energy?,duplicate,1
HS-PS1,HS-PS1-8,recall,What is nuclear fusion?,duplicate,1
HS-PS1,HS-PS1-5,conceptual,Why does increasing the concentration of reactants speed up a chemical reaction?,duplicate,1
HS-PS1,HS-PS1-8,conceptual,Why does a chain reaction occur during nuclear fission but not during radioactive decay?,duplicate,1
HS-PS1,HS-PS1-8,applied,"In a nuclear power plant, uranium-235 undergoes fission rather than fusion to generate electricity. Based on what happens to the nucleus during fission, why is energy released?",duplicate,1
HS-PS2,HS-PS2-1,recall,"According to Newton's second law, if the mass of an object increases while the net force stays the same, what happens to the acceleration?",duplicate,1
HS-PS2,HS-PS2-2,recall,"What is Newton's Third Law, and how does it relate to the conservation of momentum?",duplicate,1
HS-PS2,HS-PS2-3,recall,What is the difference between an elastic collision and an inelastic collision?,duplicate,1
HS-PS2,HS-PS2-1,applied,"If you triple the net force on an object while keeping its mass the same, what happens to its acceleration?",duplicate,1
HS-PS2,HS-PS2-4,applied,"If you double the distance between two electrically charged particles, how does the electrostatic force between them change?",duplicate,1
HS-PS3,HS-PS3-3,recall,What is the law of conservation of energy?,duplicate,1
HS-PS3,HS-PS3-5,recall,What is electric potential energy?,duplicate,1
HS-PS3,HS-PS3-1,conceptual,How does the law of conservation of energy make it possible to predict an unknown energy change without directly measuring it?,duplicate,1
HS-PS3,HS-PS3-5,conceptual,Why does the electric potential energy between two opposite charges decrease as they move closer together?,duplicate,1
HS-PS3,HS-PS3-3,applied,"If you build a simple hand-crank generator to power an LED, what energy conversion is taking place, and what would happen to the LED's brightness if you turn the crank faster?",duplicate,1
HS-PS3,HS-PS3-4,applied,A warm aluminum block is placed in contact with a cold copper block inside an insulated box. Will thermal energy ever spontaneously flow from the cold copper block back into the warm aluminum block after they reach equilibrium?,duplicate,1
HS-PS4,HS-PS4-2,recall,What does it mean to sample an analog signal for digital conversion?,duplicate,1
HS-PS4,HS-PS4-2,recall,What is the term for the process of converting an analog signal into a digital one?,duplicate,1
HS-PS4,HS-PS4-3,recall,In which experiment is the wave model of light most useful for explaining the results — the double-slit experiment or the photoelectric effect?,duplicate,1
HS-PS4,HS-PS4-3,conceptual,Why does the photoelectric effect support the particle model of light rather than the wave model?,duplicate,1
HS-PS4,HS-PS4-2,applied,"A radio station broadcasts an analog signal and also streams the same show digitally online. If there is electrical interference, which version is more likely to be affected, and why?",duplicate,1
HS-PS4,HS-PS4-2,applied,A satellite sends scientific data from space to Earth using digital encoding instead of analog signals. Why does using digital encoding make the data more reliable despite the vast distance and weak signal?,duplicate,1
HS-LS1,HS-LS1-4,conceptual,How does cellular differentiation allow a single fertilized egg to produce the many different cell types found in the human body?,duplicate,1
HS-LS2,HS-LS2-4,recall,What is the role of decomposers in the cycling of matter in an ecosystem?,duplicate,1
HS-LS3,HS-LS3-3,conceptual,Why do siblings who have the same parents still look different from each other?,duplicate,1
HS-LS3,HS-LS3-1,applied,"If a portion of chromosome 7 breaks off and attaches to chromosome 3, how might this chromosomal mutation affect the traits coded in that region?",duplicate,1
HS-LS4,HS-LS4-4,recall,What is the source of new heritable variation in a population?,duplicate,1
HS-LS4,HS-LS4-5,recall,What is allopatric speciation?,duplicate,1
HS-LS4,HS-LS4-2,applied,"Two rabbit populations live in separate valleys with limited grass. If one population has more heritable variation in leg speed, which population is more likely to evolve faster in response to a new predator, and why?",duplicate,1
HS-LS4,HS-LS4-3,applied,"A population of bacteria is exposed to an antibiotic. Initially, 1 in 1,000 bacteria has a resistance mutation. After three rounds of antibiotic treatment, what do you predict happens to the frequency of the resistance allele?",duplicate,1
HS-ESS1,HS-ESS1-1,recall,"According to Einstein's equation E = mc², what does the 'c' stand for, and why is this equation relevant to nuclear fusion in the sun?",duplicate,1
HS-ESS1,HS-ESS1-3,recall,What is nuclear fusion?,duplicate,1
HS-ESS1,HS-ESS1-1,conceptual,Why does nuclear fusion in the sun's core release such an enormous amount of energy?,duplicate,1
HS-ESS1,HS-ESS1-1,conceptual,Why does nuclear fusion only occur in the sun's core and not in its outer layers?,duplicate,1
HS-ESS1,HS-ESS1-1,conceptual,How does the process of nuclear fusion in the sun differ from nuclear fission used in power plants on Earth?,duplicate,1
HS-ESS1,HS-ESS1-2,conceptual,How does the Cosmic Microwave Background radiation support the Big Bang theory?,duplicate,1
HS-ESS1,HS-ESS1-3,conceptual,How do massive stars produce elements heavier than iron if fusion of iron does not release energy?,duplicate,1
HS-ESS1,HS-ESS1-3,conceptual,Why does iron mark the endpoint of energy-releasing nuclear fusion in a star's core?,duplicate,1
HS-ESS1,HS-ESS1-6,conceptual,Why do scientists use radioactive decay to determine the age of ancient rocks and meteorites?,duplicate,1
HS-ESS1,HS-ESS1-1,applied,"If the Sun were suddenly unable to perform nuclear fusion in its core, what would happen to the energy reaching Earth over the next several thousand years?",duplicate,1
HS-ESS1,HS-ESS1-3,applied,"Carbon is essential for all life on Earth. Using stellar nucleosynthesis, trace where the carbon atoms in your body originally came from.",duplicate,1
HS-ESS2,HS-ESS2-2,conceptual,How does large-scale deforestation affect the water cycle in a region?,duplicate,1
HS-ESS3,HS-ESS3-4,conceptual,Why does installing riparian buffer zones along streams help reduce the impact of nearby land use on aquatic ecosystems?,duplicate,1
HS-ETS1,HS-ETS1-1,recall,What does 'qualitative criteria' mean in the context of engineering design?,duplicate,1
HS-ETS1,HS-ETS1-1,recall,"What are 'societal wants' in engineering design, and how do they differ from needs?",duplicate,1
HS-ETS1,HS-ETS1-2,recall,What is a 'design constraint' in engineering?,duplicate,1
HS-ETS1,HS-ETS1-2,recall,What is a 'trade-off' in engineering design?,duplicate,1
HS-ETS1,HS-ETS1-3,recall,What is a 'constraint' in engineering design?,duplicate,1
HS-ETS1,HS-ETS1-3,recall,What does the term 'trade-off' mean in the context of engineering design?,duplicate,1
HS-ETS1,HS-ETS1-3,recall,What are 'design criteria' in engineering?,duplicate,1
HS-ETS1,HS-ETS1-3,recall,What does 'cultural impact' mean when assessing an engineering solution?,duplicate,1
HS-ETS1,HS-ETS1-3,recall,What is the difference between a 'criterion' and a 'constraint' in engineering design?,duplicate,1
HS-ETS1,HS-ETS1-4,recall,What does the term 'constraints' mean in engineering design?,duplicate,1
HS-ETS1,HS-ETS1-4,recall,What does 'optimization' mean in engineering design?,duplicate,1
HS-ETS1,HS-ETS1-4,recall,What is a 'trade-off' in engineering design?,duplicate,1
HS-ETS1,HS-ETS1-1,conceptual,How does a constraint differ from a criterion in engineering design?,duplicate,1
HS-PS1,HS-PS1-2,recall,What is electronegativity?,fk_grade=17.0_out_of_band,2
HS-PS1,HS-PS1-2,recall,What is ionization energy?,fk_grade=15.5_out_of_band,2
HS-PS1,HS-PS1-2,recall,What is the octet rule?,fk_grade=0.5_out_of_band,2
HS-PS1,HS-PS1-4,recall,What is bond energy?,fk_grade=3.7_out_of_band,2
HS-PS1,HS-PS1-8,conceptual,Why does the nucleus become more stable after emitting an alpha or beta particle during radioactive decay?,fk_grade=14.6_out_of_band,2
HS-PS2,HS-PS2-1,recall,What is the SI unit of force?,fk_grade=0.6_out_of_band,2
HS-PS2,HS-PS2-1,recall,What does 'net force' mean in Newton's second law?,fk_grade=2.3_out_of_band,2
HS-PS2,HS-PS2-1,recall,What is the difference between mass and weight?,fk_grade=3.8_out_of_band,2
HS-PS2,HS-PS2-5,recall,What device uses the principle that a changing magnetic field can produce an electric current to generate electricity?,fk_grade=14.4_out_of_band,2
HS-PS2,HS-PS2-6,recall,What is a polymer?,fk_grade=3.7_out_of_band,2
HS-PS2,HS-PS2-6,recall,"What term describes the attractive forces between molecules that are not full covalent or ionic bonds, such as the forces holding plastic molecules together?",fk_grade=14.4_out_of_band,2
HS-PS2,HS-PS2-6,recall,Why are metals generally good conductors of electricity at the molecular level?,fk_grade=14.7_out_of_band,2
HS-PS2,HS-PS2-6,recall,"What property describes a material's ability to be stretched into a wire without breaking, and which type of molecular bonding makes metals exhibit this property?",fk_grade=16.3_out_of_band,2
HS-PS3,HS-PS3-1,recall,What is gravitational potential energy?,fk_grade=17.0_out_of_band,2
HS-PS3,HS-PS3-3,recall,What form of energy is stored in a stretched rubber band?,fk_grade=3.7_out_of_band,2
HS-PS3,HS-PS3-3,recall,What device converts mechanical energy into electrical energy?,fk_grade=18.5_out_of_band,2
HS-PS3,HS-PS3-5,recall,What is an electric field?,fk_grade=2.9_out_of_band,2
HS-PS3,HS-PS3-1,conceptual,Why does the change in energy of one component in a system have to equal the change in energy of the other components when no energy enters or leaves the system?,fk_grade=14.0_out_of_band,2
HS-PS3,HS-PS3-3,conceptual,How does a generator convert mechanical energy into electrical energy?,fk_grade=17.8_out_of_band,2
HS-PS4,HS-PS4-1,recall,What is wavelength?,fk_grade=1.3_out_of_band,2
HS-PS4,HS-PS4-1,recall,What is the SI unit used to measure the frequency of a wave?,fk_grade=4.9_out_of_band,2
HS-PS4,HS-PS4-2,recall,What is 'noise' in the context of signal transmission?,fk_grade=5.0_out_of_band,2
HS-PS4,HS-PS4-3,recall,What is a photon?,fk_grade=0.7_out_of_band,2
HS-PS4,HS-PS4-4,recall,What is the relationship between the frequency of electromagnetic radiation and its energy?,fk_grade=15.8_out_of_band,2
HS-PS4,HS-PS4-4,recall,What biological effect can prolonged exposure to ultraviolet (UV) radiation have on skin cells?,fk_grade=14.3_out_of_band,2
HS-PS4,HS-PS4-2,conceptual,Why is digital information less affected by noise and interference during transmission compared to analog information?,fk_grade=16.5_out_of_band,2
HS-PS4,HS-PS4-2,conceptual,"Why can digital data be copied and stored repeatedly without losing quality, while analog recordings degrade over time?",fk_grade=14.4_out_of_band,2
HS-PS4,HS-PS4-4,conceptual,Why does higher-frequency electromagnetic radiation carry more energy per photon than lower-frequency radiation?,fk_grade=22.2_out_of_band,2
HS-PS4,HS-PS4-4,conceptual,"Why is ionizing radiation, such as X-rays and gamma rays, considered more dangerous to living cells than non-ionizing radiation like radio waves?",fk_grade=15.5_out_of_band,2
HS-PS4,HS-PS4-4,conceptual,"Why are radio waves generally considered safe to pass through the human body, even though they are a form of electromagnetic radiation?",fk_grade=14.4_out_of_band,2
HS-PS4,HS-PS4-4,applied,"A dermatologist warns a patient that tanning beds emit UV radiation that can damage skin cells, while a heating lamp emits infrared radiation that only warms the skin. Based on the frequencies of these two types of electromagnetic radiation, why does UV radiation pose a greater risk of causing cancer than infrared radiation?",fk_grade=15.5_out_of_band,2
HS-LS1,HS-LS1-2,recall,What is the correct order of the levels of biological organization from smallest to largest within a multicellular organism?,fk_grade=16.7_out_of_band,2
HS-LS1,HS-LS1-2,recall,What are the four main types of tissue found in the human body?,fk_grade=4.0_out_of_band,2
HS-LS1,HS-LS1-2,recall,What is an organ system?,fk_grade=2.9_out_of_band,2
HS-LS1,HS-LS1-3,recall,What is the difference between a negative feedback mechanism and a positive feedback mechanism?,fk_grade=14.3_out_of_band,2
HS-LS1,HS-LS1-4,recall,What are stem cells?,fk_grade=-2.2_out_of_band,2
HS-LS1,HS-LS1-5,recall,What is the overall chemical equation for photosynthesis?,fk_grade=14.1_out_of_band,2
HS-LS1,HS-LS1-7,recall,What is the overall chemical equation for cellular respiration?,fk_grade=14.1_out_of_band,2
HS-LS1,HS-LS1-7,recall,What molecule is the primary energy-carrying product of cellular respiration?,fk_grade=17.8_out_of_band,2
HS-LS1,HS-LS1-2,conceptual,Why do cells in a multicellular organism need to be organized into tissues rather than just working independently?,fk_grade=14.4_out_of_band,2
HS-LS1,HS-LS1-2,conceptual,Why is it important that organ systems interact with each other rather than operating completely independently in the body?,fk_grade=14.8_out_of_band,2
HS-LS1,HS-LS1-6,conceptual,"Why are large biological molecules like proteins and lipids considered 'carbon-based' even though they also contain hydrogen, oxygen, and other elements?",fk_grade=16.2_out_of_band,2
HS-LS2,HS-LS2-2,recall,What is biodiversity?,fk_grade=17.0_out_of_band,2
HS-LS2,HS-LS2-4,recall,What is a trophic level?,fk_grade=2.9_out_of_band,2
HS-LS2,HS-LS2-4,recall,What is the difference between gross primary productivity (GPP) and net primary productivity (NPP) in an ecosystem?,fk_grade=15.3_out_of_band,2
HS-LS2,HS-LS2-5,recall,What is the overall chemical equation for cellular respiration?,fk_grade=14.1_out_of_band,2
HS-LS2,HS-LS2-5,recall,What carbon-containing molecules are stored in the geosphere that originally came from ancient living organisms?,fk_grade=14.6_out_of_band,2
HS-LS2,HS-LS2-6,recall,What is ecological stability?,fk_grade=18.4_out_of_band,2
HS-LS2,HS-LS2-6,recall,What term describes the process by which one ecosystem gradually transforms into a different ecosystem over time due to changing conditions?,fk_grade=15.1_out_of_band,2
HS-LS2,HS-LS2-6,recall,What is a keystone species?,fk_grade=2.9_out_of_band,2
HS-LS2,HS-LS2-6,recall,What is a trophic cascade?,fk_grade=2.9_out_of_band,2
HS-LS2,HS-LS2-7,recall,What is biodiversity?,fk_grade=17.0_out_of_band,2
HS-LS2,HS-LS2-2,conceptual,Why does habitat fragmentation tend to reduce biodiversity in an ecosystem?,fk_grade=15.5_out_of_band,2
HS-LS2,HS-LS2-3,conceptual,Why do aerobic organisms release more energy from glucose than anaerobic organisms do?,fk_grade=14.9_out_of_band,2
HS-LS2,HS-LS2-3,conceptual,How does the presence or absence of oxygen determine which pathway—aerobic or anaerobic—a facultative organism uses?,fk_grade=16.5_out_of_band,2
HS-LS2,HS-LS2-7,conceptual,Why does reducing habitat fragmentation help maintain biodiversity in an ecosystem?,fk_grade=17.7_out_of_band,2
HS-LS2,HS-LS2-7,conceptual,How does introducing a buffer zone of native vegetation around agricultural fields help protect nearby aquatic ecosystems?,fk_grade=16.7_out_of_band,2
HS-LS2,HS-LS2-7,conceptual,Why can restoring a keystone species to an ecosystem be an effective strategy for recovering overall biodiversity?,fk_grade=17.4_out_of_band,2
HS-LS2,HS-LS2-8,conceptual,Why do wolves hunt in packs instead of alone?,fk_grade=2.3_out_of_band,2
HS-LS3,HS-LS3-1,recall,What is a gene?,fk_grade=-2.2_out_of_band,2
HS-LS3,HS-LS3-1,recall,What is an allele?,fk_grade=3.7_out_of_band,2
HS-LS3,HS-LS3-1,recall,What does it mean for a trait to be dominant?,fk_grade=2.5_out_of_band,2
HS-LS3,HS-LS3-1,recall,What is a mutation?,fk_grade=3.7_out_of_band,2
HS-LS3,HS-LS3-2,recall,What is a mutation?,fk_grade=3.7_out_of_band,2
HS-LS3,HS-LS3-2,recall,What process in sexually reproducing organisms produces gametes and creates new genetic combinations through crossing over and independent assortment?,fk_grade=19.8_out_of_band,2
HS-LS3,HS-LS3-3,recall,What is a Punnett square used for in genetics?,fk_grade=3.7_out_of_band,2
HS-LS3,HS-LS3-2,conceptual,How can a mistake during DNA replication become a heritable genetic variation?,fk_grade=16.6_out_of_band,2
HS-LS3,HS-LS3-3,conceptual,Why is genetic variation within a population important for a species' ability to survive a new disease?,fk_grade=14.6_out_of_band,2
HS-LS3,HS-LS3-3,conceptual,Why does the probability of inheriting two copies of a rare recessive allele increase when closely related individuals reproduce together?,fk_grade=18.2_out_of_band,2
HS-LS3,HS-LS3-3,conceptual,Why do traits influenced by many genetic and environmental factors show more variation in a population than traits controlled by a single gene?,fk_grade=14.4_out_of_band,2
HS-LS4,HS-LS4-1,recall,What type of molecular evidence is used to determine evolutionary relationships between species?,fk_grade=16.7_out_of_band,2
HS-LS4,HS-LS4-2,recall,What is a mutation?,fk_grade=3.7_out_of_band,2
HS-LS4,HS-LS4-2,recall,What does it mean for a trait to be 'heritable'?,fk_grade=3.7_out_of_band,2
HS-LS4,HS-LS4-3,recall,What does the term 'natural selection' mean in evolutionary biology?,fk_grade=14.3_out_of_band,2
HS-LS4,HS-LS4-6,recall,What does the term 'invasive species' mean?,fk_grade=4.0_out_of_band,2
HS-LS4,HS-LS4-1,conceptual,Why is the fossil record considered evidence for biological evolution?,fk_grade=15.4_out_of_band,2
HS-LS4,HS-LS4-1,conceptual,How does DNA sequence comparison between species provide evidence for common ancestry?,fk_grade=14.7_out_of_band,2
HS-LS4,HS-LS4-1,conceptual,How does the geographic distribution of species (biogeography) serve as evidence for evolution and common ancestry?,fk_grade=15.7_out_of_band,2
HS-LS4,HS-LS4-1,conceptual,Why does the similarity of embryonic development stages across very different vertebrate species support common ancestry?,fk_grade=18.7_out_of_band,2
HS-LS4,HS-LS4-1,conceptual,"How do analogous structures differ from homologous structures, and why is this distinction important for determining common ancestry?",fk_grade=15.7_out_of_band,2
HS-LS4,HS-LS4-2,conceptual,Why does heritable genetic variation matter for natural selection to work?,fk_grade=14.4_out_of_band,2
HS-LS4,HS-LS4-3,conceptual,Why do organisms with a beneficial heritable trait tend to make up a larger proportion of a population over many generations?,fk_grade=15.6_out_of_band,2
HS-LS4,HS-LS4-3,conceptual,How does probability explain why a favorable trait spreads through a population faster when it provides a large survival advantage compared to a small one?,fk_grade=14.5_out_of_band,2
HS-LS4,HS-LS4-3,conceptual,Why is it important that an advantageous trait be heritable—rather than just beneficial—for its proportion in a population to increase over time?,fk_grade=15.0_out_of_band,2
HS-LS4,HS-LS4-6,conceptual,Why do wildlife corridor simulations show higher species survival rates when habitat patches are connected rather than isolated?,fk_grade=15.7_out_of_band,2
HS-LS4,HS-LS4-6,conceptual,Why does reducing habitat fragmentation help maintain biodiversity more effectively than protecting only a single large reserve?,fk_grade=17.4_out_of_band,2
HS-LS4,HS-LS4-6,conceptual,How does introducing an invasive species into a simulation model demonstrate a threat to native biodiversity?,fk_grade=16.5_out_of_band,2
HS-LS4,HS-LS4-6,conceptual,How does adjusting a fishing quota variable in a marine biodiversity simulation reveal why overfishing disrupts an ecosystem?,fk_grade=19.0_out_of_band,2
HS-LS4,HS-LS4-6,conceptual,Why does a reforestation simulation predict faster recovery of bird species diversity when native tree species are planted instead of a single non-native species?,fk_grade=16.9_out_of_band,2
HS-LS4,HS-LS4-6,conceptual,Why do simulations of climate change show that species with narrow temperature tolerance ranges face higher extinction risk than generalist species?,fk_grade=14.5_out_of_band,2
HS-LS4,HS-LS4-6,conceptual,How does increasing the size of a protected area in a simulation explain why larger reserves support greater biodiversity?,fk_grade=15.4_out_of_band,2
HS-LS4,HS-LS4-6,applied,"If a simulation shows that building wildlife corridors between two fragmented forests increases the gene flow between isolated deer populations, what biodiversity outcome would you predict after several generations?",fk_grade=20.5_out_of_band,2
HS-LS4,HS-LS4-6,applied,"In a simulation of an invasive plant species spreading through a native grassland, if a removal program eliminates 80% of the invasive plants each year, how would native plant species richness most likely change over time?",fk_grade=17.5_out_of_band,2
HS-LS4,HS-LS4-6,applied,"If a simulation of a captive breeding program shows that releasing 200 individuals of an endangered species per year maintains a wild population above the minimum viable population size, what would happen to long-term extinction risk if the release rate dropped to 50 individuals per year?",fk_grade=23.4_out_of_band,2
HS-LS4,HS-LS4-6,applied,"A simulation tests the effect of reducing light pollution near a sea turtle nesting beach on hatchling survival. If the model shows hatchlings navigate toward the ocean 40% more successfully under reduced light conditions, how would you predict the local sea turtle population size to change over several decades?",fk_grade=14.2_out_of_band,2
HS-ESS1,HS-ESS1-5,recall,What is the theory of plate tectonics?,fk_grade=4.0_out_of_band,2
HS-ESS1,HS-ESS1-5,recall,What is seafloor spreading?,fk_grade=0.7_out_of_band,2
HS-ESS1,HS-ESS1-5,recall,What is a subduction zone?,fk_grade=2.9_out_of_band,2
HS-ESS1,HS-ESS1-1,applied,"If the Sun were only halfway through its main-sequence life span, approximately how many more years would it continue fusing hydrogen in its core before becoming a red giant?",fk_grade=14.8_out_of_band,2
HS-ESS1,HS-ESS1-1,applied,"A star has twice the mass of our Sun. How would you predict its main-sequence life span to compare to the Sun's, and why?",fk_grade=3.3_out_of_band,2
HS-ESS2,HS-ESS2-1,recall,What are the three main types of plate boundaries?,fk_grade=2.3_out_of_band,2
HS-ESS2,HS-ESS2-2,recall,What is a feedback loop in Earth's systems?,fk_grade=2.3_out_of_band,2
HS-ESS2,HS-ESS2-2,recall,What is the ice-albedo feedback?,fk_grade=2.9_out_of_band,2
HS-ESS2,HS-ESS2-4,recall,What is the greenhouse effect?,fk_grade=2.9_out_of_band,2
HS-ESS2,HS-ESS2-4,recall,What is Earth's albedo?,fk_grade=0.7_out_of_band,2
HS-ESS3,HS-ESS3-1,recall,What is a floodplain?,fk_grade=0.7_out_of_band,2
HS-ESS3,HS-ESS3-2,recall,What is a cost-benefit ratio in the context of evaluating energy resource solutions?,fk_grade=14.9_out_of_band,2
HS-ESS3,HS-ESS3-3,recall,What is biodiversity?,fk_grade=17.0_out_of_band,2
HS-ESS3,HS-ESS3-3,recall,What is a computational simulation?,fk_grade=14.7_out_of_band,2
HS-ESS3,HS-ESS3-5,recall,What is a global climate model (GCM)?,fk_grade=4.0_out_of_band,2
HS-ESS3,HS-ESS3-6,recall,What is the carbon cycle?,fk_grade=2.9_out_of_band,2
HS-ESS3,HS-ESS3-6,recall,What is the greenhouse effect?,fk_grade=2.9_out_of_band,2
HS-ESS3,HS-ESS3-6,recall,What is a feedback loop in the context of Earth systems?,fk_grade=3.7_out_of_band,2
HS-ESS3,HS-ESS3-2,conceptual,Why do engineers use cost-benefit ratios when comparing different energy resource designs instead of just choosing the cheapest option?,fk_grade=15.4_out_of_band,2
HS-ESS3,HS-ESS3-2,conceptual,Why does the environmental impact of a mining operation factor into its cost-benefit analysis even if the company does not pay for that damage directly?,fk_grade=16.8_out_of_band,2
HS-ESS3,HS-ESS3-2,conceptual,How does the lifespan of an energy infrastructure design affect its overall cost-benefit ratio?,fk_grade=14.3_out_of_band,2
HS-ESS3,HS-ESS3-2,conceptual,Why might a renewable energy solution have a high initial cost but still rank favorably in a cost-benefit analysis compared to a fossil fuel solution?,fk_grade=16.8_out_of_band,2
HS-ESS3,HS-ESS3-2,conceptual,How does the availability of a local mineral or energy resource influence the cost side of a cost-benefit analysis for a given design solution?,fk_grade=16.9_out_of_band,2
HS-ESS3,HS-ESS3-2,conceptual,Why is it important to consider secondary or indirect benefits—such as job creation or energy independence—when evaluating competing energy resource designs?,fk_grade=20.7_out_of_band,2
HS-ESS3,HS-ESS3-3,conceptual,Why does overharvesting a single species often cause a decline in biodiversity across an entire ecosystem?,fk_grade=15.7_out_of_band,2
HS-ESS3,HS-ESS3-3,conceptual,How does sustainable forest management help maintain biodiversity compared to clear-cutting?,fk_grade=16.6_out_of_band,2
HS-ESS3,HS-ESS3-3,conceptual,How does reducing freshwater availability in a region affect both human populations and local biodiversity?,fk_grade=18.6_out_of_band,2
HS-ESS3,HS-ESS3-3,conceptual,Why does introducing a non-native invasive species after a natural resource disruption often make biodiversity losses worse?,fk_grade=17.4_out_of_band,2
HS-ESS3,HS-ESS3-3,conceptual,How does protecting biodiversity in an ecosystem help sustain the natural resources that human populations rely on?,fk_grade=16.7_out_of_band,2
HS-ESS3,HS-ESS3-4,conceptual,How does replacing impervious surfaces like concrete parking lots with permeable pavement reduce stress on natural water systems?,fk_grade=15.0_out_of_band,2
HS-ESS3,HS-ESS3-4,conceptual,"Why is using precision agriculture technology, such as sensors that monitor soil nutrients, considered a way to reduce human impact on natural systems?",fk_grade=16.5_out_of_band,2
HS-ESS3,HS-ESS3-2,applied,"A coastal city is choosing between offshore oil drilling and offshore wind energy to meet its power needs. If the city values long-term energy independence and wants to minimize environmental liability costs, which option would the cost-benefit analysis most likely favor?",fk_grade=14.9_out_of_band,2
HS-ESS3,HS-ESS3-3,applied,"If a computational model shows that a fishing community harvests cod at twice the species' reproduction rate, what does the simulation predict will happen to the cod population over time?",fk_grade=17.0_out_of_band,2
HS-ESS3,HS-ESS3-3,applied,"In a simulation where a rainforest is gradually cleared for agriculture, how would the model likely show biodiversity changing as deforestation increases from 10% to 50% of the forest area?",fk_grade=18.9_out_of_band,2
HS-ESS3,HS-ESS3-3,applied,"If a simulation introduces a cap on the number of trees logged per year in a managed forest, how would the predicted timber yield and forest biodiversity compare after 50 years versus an unmanaged scenario?",fk_grade=18.6_out_of_band,2
HS-ESS3,HS-ESS3-5,applied,"If global average temperatures increase by 2°C above pre-industrial levels, what does climate model data predict will happen to Arctic sea ice extent by the end of the century?",fk_grade=15.7_out_of_band,2
HS-ESS3,HS-ESS3-6,applied,"If you run a climate simulation that doubles the concentration of CO2 in the atmosphere, what change would the model most likely predict for global average surface temperature, and which Earth system interaction drives that result?",fk_grade=18.1_out_of_band,2
HS-ESS3,HS-ESS3-6,applied,"Using a computational land-use model, if a large forested area is converted to paved urban surfaces, what would the model most likely predict happens to local surface water runoff during a rainstorm compared to before the land-use change?",fk_grade=20.0_out_of_band,2
HS-ETS1,HS-ETS1-3,recall,What does 'reliability' mean when used as a constraint in evaluating an engineering solution?,fk_grade=14.3_out_of_band,2
HS-ETS1,HS-ETS1-3,recall,What are 'prioritized criteria' in the context of evaluating engineering solutions?,fk_grade=17.7_out_of_band,2
HS-ETS1,HS-ETS1-1,conceptual,Why is it important to express design criteria in quantitative terms rather than just qualitative descriptions?,fk_grade=14.3_out_of_band,2
HS-ETS1,HS-ETS1-1,conceptual,Why must engineers account for unintended societal consequences when specifying criteria for a solution to a global challenge?,fk_grade=17.7_out_of_band,2
HS-ETS1,HS-ETS1-1,conceptual,Why is it necessary to consider global scale when specifying criteria for solutions to major challenges like climate change or clean water access?,fk_grade=15.4_out_of_band,2
HS-ETS1,HS-ETS1-3,conceptual,Why do engineers have to prioritize criteria when evaluating a solution instead of just trying to satisfy all criteria equally?,fk_grade=17.6_out_of_band,2
HS-ETS1,HS-ETS1-3,conceptual,How does the constraint of reliability influence the trade-offs an engineer faces when designing a solution?,fk_grade=14.3_out_of_band,2
HS-ETS1,HS-ETS1-4,conceptual,Why do engineers use computer simulations instead of always building physical prototypes to test their solutions?,fk_grade=14.3_out_of_band,2
HS-ETS1,HS-ETS1-4,conceptual,How does a computer simulation help engineers understand interactions between different systems in a complex problem?,fk_grade=15.7_out_of_band,2
HS-ETS1,HS-ETS1-4,conceptual,Why is it important to validate a computer simulation against real-world data before using it to make design decisions?,fk_grade=14.8_out_of_band,2
HS-ETS1,HS-ETS1-4,conceptual,How does increasing the number of variables in a simulation model make evaluating a proposed solution more complex?,fk_grade=15.0_out_of_band,2
HS-ETS1,HS-ETS1-4,conceptual,Why can two different proposed solutions produce very different outcomes in a simulation even when they seem similar on paper?,fk_grade=14.0_out_of_band,2
HS-ETS1,HS-ETS1-4,conceptual,How does modeling the impact of a proposed solution on the environment within a simulation help engineers make better design choices?,fk_grade=14.5_out_of_band,2
HS-ETS1,HS-ETS1-4,conceptual,How does a computer simulation allow engineers to compare trade-offs between competing design solutions more objectively?,fk_grade=16.5_out_of_band,2
HS-ETS1,HS-ETS1-4,conceptual,Why might a simulation of a proposed solution to a real-world problem still have limitations even if it is very detailed and well-validated?,fk_grade=14.9_out_of_band,2
HS-PS1,HS-PS1-2,recall,What are valence electrons?,llm_inappropriate,2
HS-PS1,HS-PS1-7,recall,What is a balanced chemical equation?,llm_inappropriate,2
HS-PS2,HS-PS2-1,recall,What is the formula for Newton's second law of motion?,llm_inappropriate,2
HS-PS2,HS-PS2-5,recall,What is the name of the phenomenon in which a changing magnetic field produces an electric current in a conductor?,llm_inappropriate,2
HS-PS2,HS-PS2-5,recall,What is an electromagnet?,llm_inappropriate,2
HS-PS2,HS-PS2-5,recall,What is the term for the induced voltage that drives a current when a conductor experiences a changing magnetic field?,llm_inappropriate,2
HS-PS2,HS-PS2-6,recall,What is a composite material?,llm_inappropriate,2
HS-PS2,HS-PS2-6,recall,What is meant by the term 'crystalline structure' in a solid material?,llm_inappropriate,2
HS-PS2,HS-PS2-6,recall,"What is a semiconductor, and what makes its molecular structure different from a conductor?",llm_inappropriate,2
HS-PS2,HS-PS2-6,recall,What does the term 'cross-linking' mean in the context of polymer materials?,llm_inappropriate,2
HS-PS2,HS-PS2-6,conceptual,Why is diamond much harder than graphite even though both are made entirely of carbon atoms?,llm_inappropriate,2
HS-PS2,HS-PS2-6,conceptual,Why does adding carbon atoms to iron to make steel make the material significantly stronger?,llm_inappropriate,2
HS-PS2,HS-PS2-6,conceptual,How does the molecular structure of Kevlar give it such high resistance to tearing and impact?,llm_inappropriate,2
HS-PS2,HS-PS2-6,conceptual,"Why are metals generally good conductors of electricity, while most nonmetals are not, based on their molecular structure?",llm_inappropriate,2
HS-PS2,HS-PS2-6,conceptual,"Why do ceramic materials tend to be hard but brittle, even though their atoms are strongly bonded?",llm_inappropriate,2
HS-PS2,HS-PS2-6,conceptual,How does cross-linking polymer chains in vulcanized rubber make it more elastic and durable than natural rubber?,llm_inappropriate,2
HS-PS2,HS-PS2-6,conceptual,Why do shape-memory alloys like nitinol return to their original shape after being deformed when heated?,llm_inappropriate,2
HS-PS2,HS-PS2-6,conceptual,"Why do hydrogels used in medical implants allow small molecules to pass through them while blocking larger ones, based on their molecular structure?",llm_inappropriate,2
HS-PS2,HS-PS2-6,applied,"A bulletproof vest is made from Kevlar fibers. If a bullet strikes the vest, how does the molecular structure of Kevlar allow it to absorb and spread the bullet's energy without breaking?",llm_inappropriate,2
HS-PS2,HS-PS2-6,applied,Engineers replacing steel bridge cables with carbon fiber cables claim the new cables will be stronger and lighter. How does the molecular-level arrangement of carbon atoms in carbon fiber explain this improvement?,llm_inappropriate,2
HS-PS2,HS-PS2-6,applied,A rubber band can be stretched far and still snap back to its original shape. How does the molecular structure of rubber explain this elastic behavior?,llm_inappropriate,2
HS-PS2,HS-PS2-6,applied,Gore-Tex jackets keep rain out but still let sweat vapor escape. How does the molecular-level structure of Gore-Tex make both of these things possible at the same time?,llm_inappropriate,2
HS-PS2,HS-PS2-6,applied,"A manufacturer adds more cross-links between the polymer chains in a plastic to make it stiffer. If you added too many cross-links, what would happen to the plastic's flexibility and why?",llm_inappropriate,2
HS-PS2,HS-PS2-6,applied,Shape-memory alloys like Nitinol are used in medical stents that expand into the correct shape inside blood vessels. How does the molecular-level crystal structure of Nitinol allow it to 'remember' and return to its original shape when warmed?,llm_inappropriate,2
HS-PS2,HS-PS2-6,applied,Carbon nanotubes are added to a polymer to create a stronger composite material for airplane parts. How does the molecular structure of carbon nanotubes contribute to the composite's increased strength?,llm_inappropriate,2
HS-PS2,HS-PS2-6,applied,"Aerogel is used as insulation in Mars rovers and space suits. Given that aerogel is made of a silica molecular network that is about 99% air, how does its molecular structure explain why it is such an effective thermal insulator?",llm_inappropriate,2
HS-PS3,HS-PS3-2,recall,What is the term for the energy an object has due to its motion?,llm_inappropriate,2
HS-PS3,HS-PS3-3,recall,What is energy conversion?,llm_inappropriate,2
HS-PS3,HS-PS3-5,recall,"What are the two types of magnetic poles, and how do they interact with each other?",llm_inappropriate,2
HS-PS4,HS-PS4-1,recall,What is the definition of the frequency of a wave?,llm_inappropriate,2
HS-PS4,HS-PS4-1,recall,At what speed do electromagnetic waves travel in a vacuum?,llm_inappropriate,2
HS-PS4,HS-PS4-2,recall,What is a 'bit' in the context of digital information?,llm_inappropriate,2
HS-PS4,HS-PS4-3,recall,What does the wavelength of an electromagnetic wave represent?,llm_inappropriate,2
HS-PS4,HS-PS4-4,recall,What is the electromagnetic spectrum?,llm_inappropriate,2
HS-PS4,HS-PS4-4,recall,What does it mean for electromagnetic radiation to be 'ionizing'?,llm_inappropriate,2
HS-PS4,HS-PS4-4,recall,"What is a 'peer-reviewed' publication, and why is it considered a reliable source of scientific claims?",llm_inappropriate,2
HS-PS4,HS-PS4-4,recall,Which part of the electromagnetic spectrum has the highest frequency and therefore the most energy per photon?,llm_inappropriate,2
HS-PS4,HS-PS4-5,recall,What type of wave does a fiber optic cable use to transmit information?,llm_inappropriate,2
HS-PS4,HS-PS4-2,conceptual,How does digitizing a signal make it possible to compress information and reduce the amount of storage or bandwidth needed?,llm_inappropriate,2
HS-PS4,HS-PS4-4,conceptual,"Why does microwave radiation heat food by causing water molecules to rotate, while X-rays do not heat food the same way?",llm_inappropriate,2
HS-PS4,HS-PS4-4,conceptual,Why can gamma rays penetrate deep into human tissue while infrared radiation is mostly absorbed at the skin's surface?,llm_inappropriate,2
HS-PS4,HS-PS4-4,conceptual,Why does the ozone layer protect Earth's surface from harmful ultraviolet radiation?,llm_inappropriate,2
HS-PS4,HS-PS4-4,conceptual,Why does infrared radiation cause matter to heat up when it is absorbed?,llm_inappropriate,2
HS-PS4,HS-PS4-2,applied,"A photographer takes 1,000 high-resolution photos. If stored as uncompressed digital files versus printed on physical film, which method allows more photos to be stored in a smaller physical space, and how is this possible?",llm_inappropriate,2
HS-PS4,HS-PS4-2,applied,"Two friends want to send a private message. One sends a handwritten note delivered by mail, and the other sends an encrypted digital message over the internet. Which method better protects the message from being read by an unintended person, and why?",llm_inappropriate,2
HS-LS1,HS-LS1-2,recall,What is a tissue in biology?,llm_inappropriate,2
HS-LS1,HS-LS1-2,recall,"What organ is the central component of the circulatory system, and what is its primary function?",llm_inappropriate,2
HS-LS1,HS-LS1-2,recall,What term describes the smallest unit of life that can carry out all basic life functions?,llm_inappropriate,2
HS-LS1,HS-LS1-3,recall,What is homeostasis?,llm_inappropriate,2
HS-LS1,HS-LS1-4,recall,What is mitosis?,llm_inappropriate,2
HS-LS1,HS-LS1-6,recall,"What is the molecular formula of glucose, the most common simple sugar used in cellular processes?",llm_inappropriate,2
HS-LS1,HS-LS1-6,recall,What is an organic molecule?,llm_inappropriate,2
HS-LS1,HS-LS1-6,conceptual,"How do the carbon, hydrogen, and oxygen atoms in a glucose molecule get rearranged to form the carbon backbone of an amino acid?",llm_inappropriate,2
HS-LS2,HS-LS2-1,recall,What is carrying capacity?,llm_inappropriate,2
HS-LS2,HS-LS2-2,recall,What does species richness measure?,llm_inappropriate,2
HS-LS2,HS-LS2-2,recall,What is the difference between a population and a community in ecology?,llm_inappropriate,2
HS-LS2,HS-LS2-3,recall,What is the main waste product released into the atmosphere during aerobic cellular respiration?,llm_inappropriate,2
HS-LS2,HS-LS2-3,recall,What does the term 'anaerobic' mean in the context of cellular processes?,llm_inappropriate,2
HS-LS2,HS-LS2-3,recall,"What are the two main types of fermentation, and what waste products does each produce?",llm_inappropriate,2
HS-LS2,HS-LS2-5,recall,What gas do plants absorb from the atmosphere to use as a carbon source during photosynthesis?,llm_inappropriate,2
HS-LS2,HS-LS2-5,recall,In which organelle does photosynthesis take place in plant cells?,llm_inappropriate,2
HS-LS2,HS-LS2-7,recall,What is habitat fragmentation?,llm_inappropriate,2
HS-LS2,HS-LS2-7,recall,What is a wildlife corridor?,llm_inappropriate,2
HS-LS2,HS-LS2-8,recall,"What is cooperative hunting, and which type of animal commonly uses it?",llm_inappropriate,2
HS-LS2,HS-LS2-8,recall,What term describes a mutualistic relationship where animals of the same species live and work together in an organized social structure?,llm_inappropriate,2
HS-LS2,HS-LS2-8,recall,What is a dominance hierarchy in animal groups?,llm_inappropriate,2
HS-LS2,HS-LS2-3,conceptual,Why does carbon dioxide build up in an environment where only anaerobic respiration is occurring?,llm_inappropriate,2
HS-LS3,HS-LS3-1,recall,How many chromosomes are found in a typical human body cell?,llm_inappropriate,2
HS-LS3,HS-LS3-1,recall,What are the four nitrogenous bases found in DNA?,llm_inappropriate,2
HS-LS3,HS-LS3-1,recall,On what structures in the cell nucleus are genes located?,llm_inappropriate,2
HS-LS4,HS-LS4-1,recall,What are vestigial structures?,llm_inappropriate,2
HS-LS4,HS-LS4-2,recall,What is natural selection?,llm_inappropriate,2
HS-LS4,HS-LS4-3,recall,What is a heritable trait?,llm_inappropriate,2
HS-LS4,HS-LS4-4,recall,What is an adaptation in biology?,llm_inappropriate,2
HS-LS4,HS-LS4-5,recall,What does the term 'extinction' mean in biology?,llm_inappropriate,2
HS-LS4,HS-LS4-5,recall,What is natural selection?,llm_inappropriate,2
HS-LS4,HS-LS4-6,recall,What does the term 'biodiversity' mean?,llm_inappropriate,2
HS-LS4,HS-LS4-6,recall,What is habitat fragmentation?,llm_inappropriate,2
HS-LS4,HS-LS4-6,recall,What is a wildlife corridor?,llm_inappropriate,2
HS-LS4,HS-LS4-6,recall,What is a computer simulation in the context of science?,llm_inappropriate,2
HS-LS4,HS-LS4-6,recall,What does 'mitigation' mean when referring to human impacts on the environment?,llm_inappropriate,2
HS-LS4,HS-LS4-6,conceptual,Why does a simulation of a polluted river show a greater loss of species richness at points closer to the pollution source?,llm_inappropriate,2
HS-LS4,HS-LS4-6,applied,"A student runs a simulation where fishing quotas are cut by 50% in an overfished marine zone. If the model shows predator fish populations recovering, how would you expect prey species populations to change?",llm_inappropriate,2
HS-LS4,HS-LS4-6,applied,"A simulation models the effect of creating buffer zones of natural vegetation around agricultural fields. If the buffer zones are doubled in width, how would you predict pollinator species diversity in nearby crop areas to change?",llm_inappropriate,2
HS-LS4,HS-LS4-6,applied,"A student simulates replacing a monoculture farm with an agroforestry system that includes multiple plant species. Based on the simulation results showing increased insect diversity, how would you predict bird species richness on that land to respond?",llm_inappropriate,2
HS-LS4,HS-LS4-6,applied,"In a simulation, a coastal wetland is restored by removing a sea wall and allowing tidal flow to return. If the model predicts an increase in juvenile fish species using the wetland as a nursery, how would adult fish diversity in the adjacent ocean likely change over time?",llm_inappropriate,2
HS-ESS1,HS-ESS1-1,recall,What form of energy from the sun eventually reaches Earth after traveling through space?,llm_inappropriate,2
HS-ESS1,HS-ESS1-5,recall,Why is oceanic crust generally younger than continental crust?,llm_inappropriate,2
HS-ESS1,HS-ESS1-5,recall,What evidence from the ocean floor supports the theory of plate tectonics?,llm_inappropriate,2
HS-ESS1,HS-ESS1-5,conceptual,Why are oceanic rocks generally much younger than continental rocks?,llm_inappropriate,2
HS-ESS1,HS-ESS1-5,conceptual,How does seafloor spreading cause rocks to get older as you move farther away from a mid-ocean ridge?,llm_inappropriate,2
HS-ESS1,HS-ESS1-5,conceptual,Why do rocks on opposite sides of a mid-ocean ridge show mirror-image patterns of magnetic stripes?,llm_inappropriate,2
HS-ESS1,HS-ESS1-5,conceptual,"Why is ancient oceanic crust almost never found on Earth, even though Earth is about 4.5 billion years old?",llm_inappropriate,2
HS-ESS1,HS-ESS1-5,conceptual,How does the theory of plate tectonics explain why the oldest rocks on Earth are found on the interiors of continents?,llm_inappropriate,2
HS-ESS1,HS-ESS1-5,conceptual,Why does knowing the age of rocks along a mid-ocean ridge help scientists calculate the speed at which tectonic plates are moving?,llm_inappropriate,2
HS-ESS1,HS-ESS1-5,applied,"Two identical rock samples are found — one near the center of a tectonic plate and one near a subduction zone. Predict which sample is more likely to show signs of deformation and metamorphism, and why.",llm_inappropriate,2
HS-ESS1,HS-ESS1-5,applied,"If the Atlantic Ocean is currently widening by about 2.5 cm per year, approximately how wide was the Atlantic Ocean 100 million years ago compared to today?",llm_inappropriate,2
HS-ESS1,HS-ESS1-5,applied,A student finds matching fossil species and identical rock formations on the eastern coast of South America and the western coast of Africa. How does the theory of plate tectonics explain this observation?,llm_inappropriate,2
HS-ESS2,HS-ESS2-1,recall,What is the name of the process by which oceanic crust forms at mid-ocean ridges as magma rises and solidifies?,llm_inappropriate,2
HS-ESS2,HS-ESS2-1,recall,What is subduction?,llm_inappropriate,2
HS-ESS2,HS-ESS2-2,recall,What term describes the process by which plants take up carbon dioxide from the atmosphere during photosynthesis?,llm_inappropriate,2
HS-ESS2,HS-ESS2-2,recall,"What is deforestation, and which Earth sphere does it directly alter?",llm_inappropriate,2
HS-ESS2,HS-ESS2-3,recall,What is thermal convection?,llm_inappropriate,2
HS-ESS2,HS-ESS2-4,recall,What is the difference between weather and climate?,llm_inappropriate,2
HS-ESS3,HS-ESS3-1,recall,What is a natural resource?,llm_inappropriate,2
HS-ESS3,HS-ESS3-1,recall,What is a natural hazard?,llm_inappropriate,2
HS-ESS3,HS-ESS3-1,recall,What term describes the long-term average pattern of weather conditions in a particular region?,llm_inappropriate,2
HS-ESS3,HS-ESS3-1,recall,What is a renewable resource?,llm_inappropriate,2
HS-ESS3,HS-ESS3-1,recall,What does the term 'natural resource depletion' mean?,llm_inappropriate,2
HS-ESS3,HS-ESS3-2,recall,What is a nonrenewable mineral resource?,llm_inappropriate,2
HS-ESS3,HS-ESS3-3,recall,What are natural resources?,llm_inappropriate,2
HS-ESS3,HS-ESS3-3,recall,What is carrying capacity?,llm_inappropriate,2
HS-ESS3,HS-ESS3-3,recall,What is a feedback loop in an environmental system?,llm_inappropriate,2
HS-ESS3,HS-ESS3-6,recall,What are the four main Earth systems that scientists use to describe how Earth's components interact?,llm_inappropriate,2
HS-ESS3,HS-ESS3-2,applied,"A school district is replacing its heating system and must choose between natural gas furnaces and geothermal heat pumps. The geothermal system costs twice as much to install but uses 70% less energy annually. If the district plans to use the system for 25 years, how does the cost-benefit ratio affect the decision?",llm_inappropriate,2
HS-ESS3,HS-ESS3-2,applied,"A farmer in a windy, rural area is considering installing solar panels versus a small wind turbine to power the farm. The solar panels cost less but generate limited power on cloudy winter days, while the turbine generates consistent power year-round but costs more. How would you apply a cost-benefit approach to recommend one solution?",llm_inappropriate,2
HS-ESS3,HS-ESS3-3,applied,A computational model shows two regions: one that protects 30% of its land as wildlife corridors and one that does not. How would species extinction rates compare between the two regions over a 100-year simulation?,llm_inappropriate,2
HS-ETS1,HS-ETS1-2,recall,What is a 'design constraint' in engineering?,llm_inappropriate,2
HS-ETS1,HS-ETS1-4,recall,What does it mean for a real-world engineering problem to involve 'interactions within and between systems'?,llm_inappropriate,2
HS-PS1,HS-PS1-2,recall,What does the group number of a main-group element tell you about its atoms?,duplicate,2
HS-PS1,HS-PS1-7,recall,What does the law of conservation of mass state about a chemical reaction?,duplicate,2
HS-PS1,HS-PS1-8,conceptual,Why does nuclear fusion release so much energy even though no chemical bonds are broken?,duplicate,2
HS-PS1,HS-PS1-8,conceptual,Why is a chain reaction possible in nuclear fission but not in radioactive decay?,duplicate,2
HS-PS2,HS-PS2-1,recall,"According to Newton's second law, if the net force on an object doubles while its mass stays the same, what happens to its acceleration?",duplicate,2
HS-PS3,HS-PS3-1,recall,What does the law of conservation of energy state?,duplicate,2
HS-PS3,HS-PS3-2,recall,What is thermal energy at the particle level?,duplicate,2
HS-PS4,HS-PS4-1,recall,"What is the mathematical relationship between the speed, frequency, and wavelength of a wave?",duplicate,2
HS-PS4,HS-PS4-1,recall,"If the frequency of a wave increases while its speed stays constant, what happens to its wavelength?",duplicate,2
HS-PS4,HS-PS4-2,recall,What is the difference between an analog signal and a digital signal?,duplicate,2
HS-PS4,HS-PS4-2,recall,What does 'error correction' mean in digital data transmission?,duplicate,2
HS-PS4,HS-PS4-3,recall,What is the photoelectric effect?,duplicate,2
HS-PS4,HS-PS4-3,recall,What is the relationship between the frequency and energy of a photon?,duplicate,2
HS-PS4,HS-PS4-2,conceptual,How does error-checking allow digital transmission systems to detect and correct mistakes in transmitted data?,duplicate,2
HS-PS4,HS-PS4-2,applied,"A radio station broadcasts an analog signal and a digital signal over the same long distance. A thunderstorm adds electrical noise to both signals. Which signal will sound clearer to the listener, and why?",duplicate,2
HS-LS1,HS-LS1-4,recall,What is cell differentiation?,duplicate,2
HS-LS1,HS-LS1-6,recall,"What additional element, beyond carbon, hydrogen, and oxygen, must be present to form an amino acid?",duplicate,2
HS-LS2,HS-LS2-2,recall,What is carrying capacity in an ecosystem?,duplicate,2
HS-LS2,HS-LS2-6,recall,What does the term 'carrying capacity' mean in ecology?,duplicate,2
HS-LS2,HS-LS2-8,recall,What is altruistic behavior in the context of animal group dynamics?,duplicate,2
HS-LS3,HS-LS3-1,recall,What is the difference between a genotype and a phenotype?,duplicate,2
HS-LS3,HS-LS3-3,recall,What is the difference between a discrete trait and a continuous trait in a population?,duplicate,2
HS-LS4,HS-LS4-1,recall,"What is the fossil record, and how does it serve as evidence for evolution?",duplicate,2
HS-LS4,HS-LS4-3,recall,What does 'allele frequency' mean in the context of population genetics?,duplicate,2
HS-LS4,HS-LS4-5,recall,What is an adaptive radiation?,duplicate,2
HS-LS4,HS-LS4-2,conceptual,How does a species' potential to produce more offspring than the environment can support drive the process of evolution?,duplicate,2
HS-ESS1,HS-ESS1-1,recall,What is nuclear fusion?,duplicate,2
HS-ESS1,HS-ESS1-1,conceptual,Why does nuclear fusion in the sun's core release energy instead of absorbing it?,duplicate,2
HS-ESS1,HS-ESS1-1,conceptual,How does the energy produced in the sun's core eventually reach Earth as radiation?,duplicate,2
HS-ESS1,HS-ESS1-1,applied,"If nuclear fusion in the Sun's core suddenly stopped, would Earth immediately go dark and cold? Why or why not?",duplicate,2
HS-ESS1,HS-ESS1-1,applied,"If scientists discovered that the Sun's core temperature dropped significantly, how would that affect the rate of nuclear fusion and the energy Earth receives?",duplicate,2
HS-ESS3,HS-ESS3-3,recall,What is an ecosystem service?,duplicate,2
HS-ESS3,HS-ESS3-5,recall,What does the term 'radiative forcing' mean in the context of climate science?,duplicate,2
HS-ESS3,HS-ESS3-6,recall,"What is a computational model, as the term is used in Earth science?",duplicate,2
HS-ETS1,HS-ETS1-2,recall,"What is the engineering design term for breaking a large, complex problem into smaller, more manageable parts?",duplicate,2
HS-ETS1,HS-ETS1-2,recall,What is a 'system' in engineering design?,duplicate,2
HS-ETS1,HS-ETS1-3,recall,What is a 'trade-off' in engineering design?,duplicate,2
HS-ETS1,HS-ETS1-3,recall,What is the difference between 'criteria' and 'constraints' in an engineering design problem?,duplicate,2
HS-ETS1,HS-ETS1-4,recall,What is a computer simulation in the context of engineering design?,duplicate,2
HS-ETS1,HS-ETS1-4,recall,What is the difference between a criterion and a constraint in an engineering design problem?,duplicate,2
HS-ETS1,HS-ETS1-1,conceptual,Why do engineers need to identify both criteria and constraints before designing a solution to a global challenge?,duplicate,2
HS-PS1,HS-PS1-2,recall,What is the octet rule in chemistry?,fk_grade=4.0_out_of_band,3
HS-PS1,HS-PS1-8,conceptual,Why does a nucleus become more stable after undergoing radioactive decay?,fk_grade=14.4_out_of_band,3
HS-PS1,HS-PS1-8,conceptual,"Why does nuclear fission of a heavy nucleus like uranium release energy, even though you are breaking a nucleus apart rather than putting one together?",fk_grade=15.9_out_of_band,3
HS-PS2,HS-PS2-1,recall,What is the SI unit of force?,fk_grade=0.6_out_of_band,3
HS-PS2,HS-PS2-1,recall,What does 'net force' mean in Newton's second law?,fk_grade=2.3_out_of_band,3
HS-PS2,HS-PS2-3,recall,"What is the term for a material or device, such as a car bumper or helmet padding, that is designed to absorb energy and extend the time of a collision to reduce impact force?",fk_grade=15.0_out_of_band,3
HS-PS2,HS-PS2-5,recall,What is electromagnetic induction?,fk_grade=18.4_out_of_band,3
HS-PS2,HS-PS2-5,recall,What device uses electromagnetic induction to convert mechanical energy into electrical energy?,fk_grade=21.5_out_of_band,3
HS-PS2,HS-PS2-5,recall,What is a solenoid?,fk_grade=3.7_out_of_band,3
HS-PS2,HS-PS2-3,applied,A car's crumple zone extends the time of a collision from 0.05 seconds to 0.25 seconds while stopping the same momentum. How does this affect the average force on the car's occupants?,fk_grade=4.5_out_of_band,3
HS-PS2,HS-PS2-4,applied,"If you double the distance between two electrically charged particles, what happens to the electrostatic force between them according to Coulomb's Law?",fk_grade=14.4_out_of_band,3
HS-PS2,HS-PS2-5,applied,"If you push a bar magnet quickly into a coil of wire connected to a galvanometer, what will the galvanometer show, and what happens to the reading when you stop moving the magnet?",fk_grade=14.1_out_of_band,3
HS-PS3,HS-PS3-3,recall,What device converts mechanical (kinetic) energy into electrical energy?,fk_grade=19.4_out_of_band,3
HS-PS4,HS-PS4-1,recall,What is wavelength?,fk_grade=1.3_out_of_band,3
HS-PS4,HS-PS4-1,recall,What is the SI unit used to measure the frequency of a wave?,fk_grade=4.9_out_of_band,3
HS-PS4,HS-PS4-2,recall,What is noise in the context of signal transmission?,fk_grade=5.0_out_of_band,3
HS-PS4,HS-PS4-3,recall,What is a photon?,fk_grade=0.7_out_of_band,3
HS-PS4,HS-PS4-4,recall,What is ionizing radiation?,fk_grade=15.5_out_of_band,3
HS-PS4,HS-PS4-4,recall,What is the relationship between the frequency of electromagnetic radiation and its energy?,fk_grade=15.8_out_of_band,3
HS-PS4,HS-PS4-4,recall,What region of the electromagnetic spectrum is primarily responsible for causing sunburn in human skin?,fk_grade=14.6_out_of_band,3
HS-PS4,HS-PS4-4,recall,What type of electromagnetic radiation is most commonly associated with producing heat when absorbed by matter?,fk_grade=15.7_out_of_band,3
HS-PS4,HS-PS4-2,conceptual,Why is digital information less likely to be corrupted than analog information when transmitted over long distances?,fk_grade=15.3_out_of_band,3
HS-PS4,HS-PS4-4,conceptual,"Why does higher-frequency electromagnetic radiation, like X-rays, cause more damage to living tissue than lower-frequency radiation, like radio waves?",fk_grade=18.5_out_of_band,3
HS-PS4,HS-PS4-4,conceptual,How does a microwave oven heat food using electromagnetic radiation?,fk_grade=14.3_out_of_band,3
HS-PS4,HS-PS4-4,conceptual,Why is it important to evaluate the source and methodology of a study before accepting its claims about the health effects of cell phone radiation?,fk_grade=14.5_out_of_band,3
HS-LS1,HS-LS1-2,recall,"What are the levels of biological organization in a multicellular organism, listed from smallest to largest?",fk_grade=16.5_out_of_band,3
HS-LS1,HS-LS1-2,recall,What is an organ system?,fk_grade=2.9_out_of_band,3
HS-LS1,HS-LS1-2,recall,What are the four main types of tissue found in the human body?,fk_grade=4.0_out_of_band,3
HS-LS1,HS-LS1-2,recall,What is the difference between a cell and an organ?,fk_grade=4.8_out_of_band,3
HS-LS1,HS-LS1-6,recall,"What additional element, beyond carbon, hydrogen, and oxygen, must be incorporated to form an amino acid from sugar molecules?",fk_grade=16.7_out_of_band,3
HS-LS1,HS-LS1-2,conceptual,Why do cells in a multicellular organism need to be organized into tissues rather than each cell working independently?,fk_grade=14.2_out_of_band,3
HS-LS1,HS-LS1-2,conceptual,How does grouping organs together into organ systems improve the overall functioning of a multicellular organism?,fk_grade=16.5_out_of_band,3
HS-LS2,HS-LS2-2,recall,What is biodiversity?,fk_grade=17.0_out_of_band,3
HS-LS2,HS-LS2-6,recall,What is ecological succession?,fk_grade=15.5_out_of_band,3
HS-LS2,HS-LS2-6,recall,What is a keystone species?,fk_grade=2.9_out_of_band,3
HS-LS2,HS-LS2-7,recall,What is biodiversity?,fk_grade=17.0_out_of_band,3
HS-LS2,HS-LS2-3,conceptual,Why does aerobic respiration release more energy from glucose than anaerobic respiration does?,fk_grade=14.9_out_of_band,3
HS-LS2,HS-LS2-3,conceptual,How does anaerobic decomposition still cycle matter through an ecosystem even without oxygen?,fk_grade=15.8_out_of_band,3
HS-LS2,HS-LS2-7,conceptual,Why does creating wildlife corridors help reduce the negative effects of habitat fragmentation on biodiversity?,fk_grade=17.0_out_of_band,3
HS-LS2,HS-LS2-7,conceptual,How does restoring native vegetation along riverbanks help reduce the impact of agricultural runoff on aquatic ecosystems?,fk_grade=16.7_out_of_band,3
HS-LS3,HS-LS3-1,recall,What is a gene?,fk_grade=-2.2_out_of_band,3
HS-LS3,HS-LS3-1,recall,What is an allele?,fk_grade=3.7_out_of_band,3
HS-LS3,HS-LS3-2,recall,What is a mutation?,fk_grade=3.7_out_of_band,3
HS-LS4,HS-LS4-2,recall,What is heritable genetic variation?,fk_grade=17.0_out_of_band,3
HS-LS4,HS-LS4-5,recall,What is the term for the process by which a new species forms when a population becomes reproductively isolated from other populations of the same species?,fk_grade=14.5_out_of_band,3
HS-LS4,HS-LS4-6,recall,What is biodiversity?,fk_grade=17.0_out_of_band,3
HS-LS4,HS-LS4-1,conceptual,Why do scientists consider homologous structures in different species to be evidence of common ancestry?,fk_grade=14.6_out_of_band,3
HS-LS4,HS-LS4-1,conceptual,Why does the existence of highly similar DNA sequences across very different species support the idea of biological evolution?,fk_grade=18.5_out_of_band,3
HS-LS4,HS-LS4-3,conceptual,Why do organisms with an advantageous heritable trait tend to make up a larger proportion of the population over successive generations?,fk_grade=16.2_out_of_band,3
HS-LS4,HS-LS4-3,conceptual,How does a large population size improve the reliability of predicting whether an advantageous trait will increase in frequency over time?,fk_grade=15.1_out_of_band,3
HS-LS4,HS-LS4-3,conceptual,Why is it important to look at trait frequency changes across many generations rather than just one or two when determining whether a trait is truly advantageous?,fk_grade=15.0_out_of_band,3
HS-LS4,HS-LS4-4,conceptual,How does natural selection cause a population to become better adapted to its environment over many generations?,fk_grade=16.0_out_of_band,3
HS-LS4,HS-LS4-1,applied,A scientist discovers that two distantly related species of fish living in completely different oceans have nearly identical DNA sequences in a gene that controls eye development. What does this similarity in DNA sequence suggest about the evolutionary history of these two species?,fk_grade=16.7_out_of_band,3
HS-LS4,HS-LS4-3,applied,"In a bacterial population of 1,000 cells, 20 carry a mutation that makes them resistant to an antibiotic. After the antibiotic is introduced and several generations pass, what would you predict happens to the proportion of resistant bacteria, and what statistical reasoning supports this?",fk_grade=15.8_out_of_band,3
HS-LS4,HS-LS4-5,applied,"A forest is partially cleared for agriculture, leaving isolated patches of trees separated by open farmland. Over thousands of generations, squirrel populations in different patches stop interbreeding. Based on what you know about environmental change and evolution, what outcome would you predict for these squirrel populations over a very long period of time?",fk_grade=14.0_out_of_band,3
HS-LS4,HS-LS4-5,applied,"A lake in an arid region begins to dry up due to a prolonged drought, shrinking to one-tenth of its original size and increasing in salt concentration. If a fish species living in the lake cannot tolerate high salinity and cannot migrate to another water source, what does evolutionary theory predict will happen to that species?",fk_grade=14.7_out_of_band,3
HS-ESS1,HS-ESS1-5,recall,What is the theory of plate tectonics?,fk_grade=4.0_out_of_band,3
HS-ESS1,HS-ESS1-5,recall,What is seafloor spreading?,fk_grade=0.7_out_of_band,3
HS-ESS1,HS-ESS1-5,recall,What is a subduction zone?,fk_grade=2.9_out_of_band,3
HS-ESS1,HS-ESS1-5,conceptual,How does the theory of plate tectonics explain why identical fossils of the same ancient organisms are found on continents that are now separated by thousands of miles of ocean?,fk_grade=15.4_out_of_band,3
HS-ESS1,HS-ESS1-1,applied,"If the Sun were only halfway through its roughly 10-billion-year lifespan, how much longer would nuclear fusion continue to supply energy to Earth, and what does that tell us about Earth's remaining habitability window?",fk_grade=17.5_out_of_band,3
HS-ESS2,HS-ESS2-1,recall,What is seafloor spreading?,fk_grade=0.7_out_of_band,3
HS-ESS2,HS-ESS2-1,recall,What is a subduction zone?,fk_grade=2.9_out_of_band,3
HS-ESS2,HS-ESS2-1,recall,What type of rock makes up most of the oceanic crust?,fk_grade=3.7_out_of_band,3
HS-ESS2,HS-ESS2-2,recall,What is a feedback loop in Earth's systems?,fk_grade=2.3_out_of_band,3
HS-ESS2,HS-ESS2-2,recall,What is the ice-albedo feedback?,fk_grade=2.9_out_of_band,3
HS-ESS2,HS-ESS2-4,recall,What is Earth's albedo?,fk_grade=0.7_out_of_band,3
HS-ESS2,HS-ESS2-4,recall,What is the greenhouse effect?,fk_grade=2.9_out_of_band,3
HS-ESS2,HS-ESS2-4,recall,What is the Milankovitch cycle?,fk_grade=2.9_out_of_band,3
HS-ESS3,HS-ESS3-1,recall,What does the term 'climate migration' mean?,fk_grade=4.0_out_of_band,3
HS-ESS3,HS-ESS3-2,recall,What is a cost-benefit ratio in the context of evaluating energy resource design solutions?,fk_grade=15.2_out_of_band,3
HS-ESS3,HS-ESS3-3,recall,What is biodiversity?,fk_grade=17.0_out_of_band,3
HS-ESS3,HS-ESS3-3,recall,What is a computational simulation?,fk_grade=14.7_out_of_band,3
HS-ESS3,HS-ESS3-5,recall,What is a global climate model (GCM)?,fk_grade=4.0_out_of_band,3
HS-ESS3,HS-ESS3-6,recall,What is a feedback loop in the context of Earth systems?,fk_grade=3.7_out_of_band,3
HS-ESS3,HS-ESS3-6,recall,What is the greenhouse effect?,fk_grade=2.9_out_of_band,3
HS-ESS3,HS-ESS3-6,recall,What is the carbon cycle?,fk_grade=2.9_out_of_band,3
HS-ESS3,HS-ESS3-2,conceptual,"Why do renewable energy technologies like solar panels often have a better long-term cost-benefit ratio than fossil fuel plants, even though they cost more to build?",fk_grade=15.9_out_of_band,3
HS-ESS3,HS-ESS3-2,conceptual,Why is it important to include environmental damage costs when calculating the cost-benefit ratio of a mining operation?,fk_grade=16.3_out_of_band,3
HS-ESS3,HS-ESS3-2,conceptual,Why might a design solution that scores better on cost-benefit analysis in the short term be a poor choice when evaluated over a longer time horizon?,fk_grade=14.5_out_of_band,3
HS-ESS3,HS-ESS3-2,conceptual,How does technological efficiency improvement affect the cost-benefit ratio of an energy resource design?,fk_grade=17.7_out_of_band,3
HS-ESS3,HS-ESS3-2,conceptual,Why do competing design solutions for the same energy resource often have different cost-benefit ratios in different geographic regions?,fk_grade=17.3_out_of_band,3
HS-ESS3,HS-ESS3-3,conceptual,How does deforestation for agricultural land reduce biodiversity even in areas far from the cleared forest?,fk_grade=15.7_out_of_band,3
HS-ESS3,HS-ESS3-3,conceptual,Why does increasing human population size tend to accelerate the depletion of freshwater resources?,fk_grade=14.3_out_of_band,3
HS-ESS3,HS-ESS3-3,conceptual,How does protecting biodiversity in an ecosystem help sustain human populations over time?,fk_grade=15.8_out_of_band,3
HS-ESS3,HS-ESS3-2,applied,"A mining company discovers a large lithium deposit beneath a protected wetland. The lithium is valuable for electric vehicle batteries, but extraction would destroy the wetland ecosystem and require expensive environmental remediation afterward. How would you apply a cost-benefit analysis to decide whether this mining project should proceed?",fk_grade=16.2_out_of_band,3
HS-ESS3,HS-ESS3-3,applied,"If a computational simulation models a fishery where harvest rates exceed the fish population's reproduction rate, what outcome would you predict for the fish population over time?",fk_grade=17.2_out_of_band,3
HS-ESS3,HS-ESS3-3,applied,"In a simulation where a forest is clear-cut for agriculture, how would you expect biodiversity and the local human population's long-term food security to change compared to a simulation using selective logging?",fk_grade=20.1_out_of_band,3
HS-ESS3,HS-ESS3-6,applied,"If you run a climate simulation that doubles the amount of CO₂ released into the atmosphere by burning fossil fuels, what would you expect to happen to average global surface temperatures, and which Earth systems would show changes in the model's output?",fk_grade=19.6_out_of_band,3
HS-ETS1,HS-ETS1-1,conceptual,Why is it important to include both quantitative criteria and qualitative criteria when defining a solution to a major global challenge?,fk_grade=16.8_out_of_band,3
HS-ETS1,HS-ETS1-4,conceptual,Why are computer simulations used to test engineering solutions instead of always building physical prototypes first?,fk_grade=15.0_out_of_band,3
HS-ETS1,HS-ETS1-4,conceptual,Why is it important for a computer simulation to include both criteria and constraints when modeling a proposed engineering solution?,fk_grade=15.8_out_of_band,3
HS-ETS1,HS-ETS1-4,conceptual,Why might a computer simulation of a complex real-world problem give different results each time if random or probabilistic factors are included?,fk_grade=15.0_out_of_band,3
HS-ETS1,HS-ETS1-4,conceptual,How does modeling interactions between systems in a simulation help engineers identify unintended consequences of a proposed solution?,fk_grade=19.0_out_of_band,3
HS-ETS1,HS-ETS1-4,conceptual,Why do engineers validate a computer simulation against real-world data before using it to make decisions about a solution?,fk_grade=16.0_out_of_band,3
HS-PS1,HS-PS1-2,recall,What are valence electrons?,llm_inappropriate,3
HS-PS2,HS-PS2-1,recall,What is the formula for Newton's second law of motion?,llm_inappropriate,3
HS-PS2,HS-PS2-1,recall,"According to Newton's second law, if the net force on an object doubles while its mass stays the same, what happens to its acceleration?",llm_inappropriate,3
HS-PS2,HS-PS2-1,recall,What does it mean for Newton's second law to apply to 'macroscopic' objects?,llm_inappropriate,3
HS-PS2,HS-PS2-2,recall,What is the definition of momentum?,llm_inappropriate,3
HS-PS2,HS-PS2-5,recall,What is the name of the scientist who first discovered that an electric current flowing through a wire produces a magnetic field?,llm_inappropriate,3
HS-PS3,HS-PS3-2,recall,What is the term for the energy an object has due to its motion?,llm_inappropriate,3
HS-PS3,HS-PS3-2,recall,What is potential energy?,llm_inappropriate,3
HS-PS3,HS-PS3-3,recall,What is energy conversion?,llm_inappropriate,3
HS-PS3,HS-PS3-3,recall,What is a constraint in the context of engineering device design?,llm_inappropriate,3
HS-PS4,HS-PS4-1,recall,What is the definition of the frequency of a wave?,llm_inappropriate,3
HS-PS4,HS-PS4-1,recall,What is the speed of light (electromagnetic waves) traveling in a vacuum?,llm_inappropriate,3
HS-PS4,HS-PS4-2,recall,What does the term 'bit' mean in digital information storage?,llm_inappropriate,3
HS-PS4,HS-PS4-4,recall,What does the term 'absorbed' mean when describing how electromagnetic radiation interacts with matter?,llm_inappropriate,3
HS-PS4,HS-PS4-2,conceptual,How does error-checking allow digital transmission systems to detect and correct mistakes in the data they send?,llm_inappropriate,3
HS-PS4,HS-PS4-4,conceptual,"Why does infrared radiation make you feel warm when you stand near a heat source, even without touching it?",llm_inappropriate,3
HS-LS1,HS-LS1-2,recall,What is a tissue in biology?,llm_inappropriate,3
HS-LS1,HS-LS1-3,recall,What is homeostasis?,llm_inappropriate,3
HS-LS1,HS-LS1-4,recall,What is cell differentiation?,llm_inappropriate,3
HS-LS1,HS-LS1-6,recall,"What is the chemical formula of glucose, the simple sugar that serves as a key source of carbon, hydrogen, and oxygen in cells?",llm_inappropriate,3
HS-LS2,HS-LS2-2,recall,"What is a population density, and how is it calculated?",llm_inappropriate,3
HS-LS2,HS-LS2-3,recall,What is the main difference between aerobic and anaerobic respiration?,llm_inappropriate,3
HS-LS2,HS-LS2-3,recall,What molecule is produced by both aerobic and anaerobic respiration that cells use as an energy source?,llm_inappropriate,3
HS-LS2,HS-LS2-4,recall,What is a biogeochemical cycle?,llm_inappropriate,3
HS-LS2,HS-LS2-5,recall,What is the chemical formula for the overall reaction of photosynthesis?,llm_inappropriate,3
HS-LS2,HS-LS2-5,recall,What gas is released into the atmosphere as a product of cellular respiration?,llm_inappropriate,3
HS-LS2,HS-LS2-6,recall,What is carrying capacity?,llm_inappropriate,3
HS-LS2,HS-LS2-7,recall,What is habitat fragmentation?,llm_inappropriate,3
HS-LS2,HS-LS2-7,recall,What is a wildlife corridor?,llm_inappropriate,3
HS-LS2,HS-LS2-8,recall,What is group behavior in animals?,llm_inappropriate,3
HS-LS2,HS-LS2-8,recall,"What term describes a behavior where an individual animal helps others at a cost to itself, often seen in social insects like bees?",llm_inappropriate,3
HS-LS3,HS-LS3-1,recall,How many chromosomes are found in a typical human body cell?,llm_inappropriate,3
HS-LS3,HS-LS3-1,recall,What are the four nitrogen bases found in DNA?,llm_inappropriate,3
HS-LS3,HS-LS3-1,recall,What is the difference between a genotype and a phenotype?,llm_inappropriate,3
HS-LS3,HS-LS3-1,recall,What does it mean for a trait to be dominant versus recessive?,llm_inappropriate,3
HS-LS4,HS-LS4-1,recall,What is homologous structure?,llm_inappropriate,3
HS-LS4,HS-LS4-2,recall,What is natural selection?,llm_inappropriate,3
HS-LS4,HS-LS4-3,recall,What is natural selection?,llm_inappropriate,3
HS-LS4,HS-LS4-3,recall,"In statistics, what does it mean for a trait to increase 'in proportion' within a population?",llm_inappropriate,3
HS-LS4,HS-LS4-5,recall,What does the term 'extinction' mean in biology?,llm_inappropriate,3
HS-LS4,HS-LS4-6,recall,What does it mean to 'mitigate' an adverse human impact on biodiversity?,llm_inappropriate,3
HS-LS4,HS-LS4-6,recall,"What is habitat fragmentation, and why is it considered a threat to biodiversity?",llm_inappropriate,3
HS-LS4,HS-LS4-6,recall,What is an invasive species?,llm_inappropriate,3
HS-LS4,HS-LS4-6,recall,"What is a wildlife corridor, and how does it help mitigate human impacts on biodiversity?",llm_inappropriate,3
HS-LS4,HS-LS4-6,recall,"In science, what is a simulation model used for?",llm_inappropriate,3
HS-ESS1,HS-ESS1-5,recall,Why is oceanic crust generally younger than continental crust?,llm_inappropriate,3
HS-ESS1,HS-ESS1-5,recall,What evidence from magnetic striping on the ocean floor supports the theory of plate tectonics?,llm_inappropriate,3
HS-ESS1,HS-ESS1-5,conceptual,Why is oceanic crust generally much younger than continental crust?,llm_inappropriate,3
HS-ESS1,HS-ESS1-5,conceptual,How does magnetic striping on the ocean floor provide evidence that seafloor spreading has occurred?,llm_inappropriate,3
HS-ESS1,HS-ESS1-5,conceptual,"Why do continents move so slowly, even though the forces driving plate tectonics are enormous?",llm_inappropriate,3
HS-ESS1,HS-ESS1-5,applied,"A geologist finds that continental rocks in the interior of a craton are over 3 billion years old, while nearby oceanic crust is less than 200 million years old. How does plate tectonics explain this difference in age?",llm_inappropriate,3
HS-ESS2,HS-ESS2-2,recall,"What term describes the process by which trees and other plants release water vapor into the atmosphere, influencing the water cycle?",llm_inappropriate,3
HS-ESS3,HS-ESS3-1,recall,What is a natural resource?,llm_inappropriate,3
HS-ESS3,HS-ESS3-1,recall,What is a natural hazard?,llm_inappropriate,3
HS-ESS3,HS-ESS3-1,recall,What term describes the long-term average weather patterns of a region?,llm_inappropriate,3
HS-ESS3,HS-ESS3-1,recall,What is meant by 'resource scarcity' in the context of human activity?,llm_inappropriate,3
HS-ESS3,HS-ESS3-2,recall,What is a nonrenewable mineral resource?,llm_inappropriate,3
HS-ESS3,HS-ESS3-3,recall,What does 'sustainability' mean when talking about the use of natural resources?,llm_inappropriate,3
HS-ESS3,HS-ESS3-3,recall,What is a natural resource?,llm_inappropriate,3
HS-ESS3,HS-ESS3-6,recall,What are the four major Earth systems that scientists study when examining how Earth functions as a whole?,llm_inappropriate,3
HS-ESS3,HS-ESS3-6,recall,What does the term 'computational representation' mean in Earth science?,llm_inappropriate,3
HS-ESS3,HS-ESS3-2,conceptual,How does the energy return on investment (EROI) of a resource affect whether it is worth developing?,llm_inappropriate,3
HS-ETS1,HS-ETS1-2,recall,What is a constraint in engineering design?,llm_inappropriate,3
HS-ETS1,HS-ETS1-4,recall,What does it mean for a real-world engineering problem to involve 'interactions between systems'?,llm_inappropriate,3
HS-PS2,HS-PS2-1,recall,"According to Newton's second law, if the mass of an object doubles while the net force stays the same, what happens to its acceleration?",duplicate,3
HS-PS2,HS-PS2-2,recall,What condition must be met for the total momentum of a system to be conserved?,duplicate,3
HS-PS2,HS-PS2-4,recall,What does the gravitational constant G represent in Newton's Law of Universal Gravitation?,duplicate,3
HS-PS2,HS-PS2-5,recall,What is the name of the rule used to determine the direction of the magnetic field produced around a current-carrying wire?,duplicate,3
HS-PS2,HS-PS2-1,conceptual,Why does a more massive object accelerate less than a lighter object when the same net force is applied to both?,duplicate,3
HS-PS2,HS-PS2-1,conceptual,"Why does doubling the net force on an object cause its acceleration to double, assuming its mass stays the same?",duplicate,3
HS-PS2,HS-PS2-2,conceptual,Why does the total momentum of a system remain constant when no net external force acts on it?,duplicate,3
HS-PS2,HS-PS2-3,conceptual,Why does increasing the duration of a collision reduce the force experienced by the objects involved?,duplicate,3
HS-PS2,HS-PS2-5,conceptual,Why does wrapping a current-carrying wire into a coil make its magnetic field stronger than a single straight wire?,duplicate,3
HS-PS2,HS-PS2-2,applied,"A 60 kg skater at rest on ice pushes off a 40 kg skater who moves backward at 3 m/s. What is the velocity of the 60 kg skater after the push, and in which direction?",duplicate,3
HS-PS4,HS-PS4-1,recall,"What is the mathematical equation that relates the speed, frequency, and wavelength of a wave?",duplicate,3
HS-PS4,HS-PS4-2,recall,What is the difference between an analog signal and a digital signal?,duplicate,3
HS-PS4,HS-PS4-3,recall,What is the photoelectric effect?,duplicate,3
HS-PS4,HS-PS4-3,recall,What are the two models used to describe electromagnetic radiation?,duplicate,3
HS-LS1,HS-LS1-3,recall,What is the difference between a negative feedback loop and a positive feedback loop in biological systems?,duplicate,3
HS-LS2,HS-LS2-2,recall,What does the term 'carrying capacity' mean in ecology?,duplicate,3
HS-LS4,HS-LS4-1,recall,What type of evidence for evolution is provided by fossils?,duplicate,3
HS-LS4,HS-LS4-3,recall,What does the term 'heritable trait' mean in the context of natural selection?,duplicate,3
HS-LS4,HS-LS4-2,conceptual,Why does competition for limited resources cause some individuals to survive and reproduce more than others?,duplicate,3
HS-LS4,HS-LS4-2,conceptual,How does a species' potential to produce more offspring than the environment can support contribute to the process of evolution?,duplicate,3
HS-LS4,HS-LS4-4,conceptual,Why do individuals with traits better suited to their environment tend to pass those traits to more offspring than individuals without those traits?,duplicate,3
HS-ESS1,HS-ESS1-1,recall,What is the approximate current age and total expected lifespan of the Sun?,duplicate,3
HS-ESS1,HS-ESS1-1,recall,What two elements are involved in the nuclear fusion reaction that powers the Sun's core?,duplicate,3
HS-ESS1,HS-ESS1-1,conceptual,Why does nuclear fusion in the sun's core release such enormous amounts of energy?,duplicate,3
HS-ESS1,HS-ESS1-1,conceptual,How does the energy produced by nuclear fusion in the sun's core eventually reach Earth?,duplicate,3
HS-ESS1,HS-ESS1-1,applied,"Imagine nuclear fusion in the Sun's core suddenly stopped today. Would Earth immediately go dark, or would there be a delay? Why?",duplicate,3
HS-ESS1,HS-ESS1-1,applied,A more massive star has more hydrogen fuel than our Sun — does that mean it will live longer? How does the rate of nuclear fusion change this prediction?,duplicate,3
HS-ESS3,HS-ESS3-3,recall,What is carrying capacity?,duplicate,3
HS-ESS3,HS-ESS3-5,recall,What does the term 'radiative forcing' mean in climate science?,duplicate,3
HS-ESS3,HS-ESS3-3,conceptual,Why does overharvesting a single fish species often cause populations of other species in the same ecosystem to decline?,duplicate,3
HS-ETS1,HS-ETS1-3,recall,What is a 'trade-off' in engineering design?,duplicate,3
HS-ETS1,HS-ETS1-3,recall,What does the term 'constraint' mean in the context of engineering design?,duplicate,3
HS-ETS1,HS-ETS1-3,recall,What is the difference between criteria and constraints in an engineering design problem?,duplicate,3
HS-ETS1,HS-ETS1-4,recall,What is a computer simulation in the context of engineering design?,duplicate,3
HS-ETS1,HS-ETS1-4,recall,What is the difference between a design criterion and a design constraint?,duplicate,3
HS-PS1,HS-PS1-8,conceptual,Why does a nucleus become more stable after emitting an alpha or beta particle during radioactive decay?,fk_grade=14.6_out_of_band,4
HS-PS2,HS-PS2-2,recall,What does it mean for momentum to be 'conserved' in a system?,fk_grade=4.8_out_of_band,4
HS-PS2,HS-PS2-2,recall,What is the SI unit used to measure momentum?,fk_grade=5.0_out_of_band,4
HS-PS2,HS-PS2-5,recall,What is electromagnetic induction?,fk_grade=18.4_out_of_band,4
HS-PS2,HS-PS2-5,recall,What device uses electromagnetic induction to convert mechanical energy into electrical energy?,fk_grade=21.5_out_of_band,4
HS-PS4,HS-PS4-1,recall,What does the term 'wavelength' mean when describing a wave?,fk_grade=3.7_out_of_band,4
HS-PS4,HS-PS4-3,recall,What is a photon?,fk_grade=0.7_out_of_band,4
HS-PS4,HS-PS4-4,recall,What is ionizing radiation?,fk_grade=15.5_out_of_band,4
HS-PS4,HS-PS4-4,recall,How does the frequency of electromagnetic radiation relate to its energy?,fk_grade=14.4_out_of_band,4
HS-PS4,HS-PS4-4,conceptual,"Why does higher-frequency electromagnetic radiation, like X-rays, cause more damage to living tissue than lower-frequency radiation, like visible light?",fk_grade=18.5_out_of_band,4
HS-LS1,HS-LS1-1,recall,"What is a codon, and what role does it play in protein synthesis?",fk_grade=4.0_out_of_band,4
HS-LS1,HS-LS1-2,recall,"What is the correct order of the levels of biological organization in a multicellular organism, from smallest to largest?",fk_grade=16.0_out_of_band,4
HS-LS1,HS-LS1-2,recall,What are the four main types of tissue found in the human body?,fk_grade=4.0_out_of_band,4
HS-LS1,HS-LS1-2,recall,What is an organ system?,fk_grade=2.9_out_of_band,4
HS-LS1,HS-LS1-2,conceptual,Why do multicellular organisms need specialized organs rather than having every cell perform all life functions?,fk_grade=14.3_out_of_band,4
HS-LS2,HS-LS2-2,recall,What is biodiversity?,fk_grade=17.0_out_of_band,4
HS-LS2,HS-LS2-2,recall,What is species richness?,fk_grade=3.7_out_of_band,4
HS-LS2,HS-LS2-6,recall,What is ecological stability?,fk_grade=18.4_out_of_band,4
HS-LS2,HS-LS2-8,recall,What is a collective term for a behavior performed by members of the same species working together that increases their survival or reproductive success?,fk_grade=14.4_out_of_band,4
HS-LS2,HS-LS2-3,conceptual,Why does aerobic respiration release more energy from glucose than anaerobic respiration does?,fk_grade=14.9_out_of_band,4
HS-LS2,HS-LS2-3,conceptual,How does decomposition by anaerobic bacteria contribute to the cycling of matter in an ecosystem?,fk_grade=16.2_out_of_band,4
HS-LS2,HS-LS2-7,conceptual,Why does restoring native plant species to a degraded habitat help increase local biodiversity?,fk_grade=14.3_out_of_band,4
HS-LS2,HS-LS2-7,conceptual,How do wildlife corridors help reduce the negative effects of habitat fragmentation on animal populations?,fk_grade=15.4_out_of_band,4
HS-LS3,HS-LS3-1,recall,What is a gene?,fk_grade=-2.2_out_of_band,4
HS-LS3,HS-LS3-1,recall,What is an allele?,fk_grade=3.7_out_of_band,4
HS-LS4,HS-LS4-2,recall,What is heritable genetic variation?,fk_grade=17.0_out_of_band,4
HS-LS4,HS-LS4-2,recall,What is a mutation?,fk_grade=3.7_out_of_band,4
HS-LS4,HS-LS4-5,recall,What is the term for the process by which a new species forms when a population becomes reproductively isolated from the original population over time?,fk_grade=15.4_out_of_band,4
HS-LS4,HS-LS4-1,conceptual,How does the fossil record provide evidence for biological evolution?,fk_grade=14.3_out_of_band,4
HS-LS4,HS-LS4-2,conceptual,Why is heritable genetic variation necessary for evolution to occur through natural selection?,fk_grade=18.5_out_of_band,4
HS-LS4,HS-LS4-3,conceptual,Why do organisms with an advantageous heritable trait tend to make up a larger proportion of the population over successive generations?,fk_grade=16.2_out_of_band,4
HS-LS4,HS-LS4-3,conceptual,"How does probability explain why a beneficial mutation doesn't always spread through a population, even if it improves survival?",fk_grade=15.4_out_of_band,4
HS-LS4,HS-LS4-4,conceptual,How does natural selection cause a population to become better adapted to its environment over many generations?,fk_grade=16.0_out_of_band,4
HS-ESS1,HS-ESS1-5,recall,What is seafloor spreading?,fk_grade=0.7_out_of_band,4
HS-ESS1,HS-ESS1-1,applied,"If a star identical to the Sun had twice as much hydrogen available to fuse, how would its expected lifespan compare to the Sun's, and how would the total radiation received by any orbiting planet change over time?",fk_grade=17.9_out_of_band,4
HS-ESS2,HS-ESS2-2,recall,What is a feedback loop in the context of Earth's systems?,fk_grade=3.7_out_of_band,4
HS-ESS2,HS-ESS2-2,recall,What is albedo?,fk_grade=1.3_out_of_band,4
HS-ESS2,HS-ESS2-2,recall,What is the ice-albedo feedback?,fk_grade=2.9_out_of_band,4
HS-ESS2,HS-ESS2-2,recall,What is desertification?,fk_grade=17.0_out_of_band,4
HS-ESS3,HS-ESS3-1,recall,What is an aquifer?,fk_grade=3.7_out_of_band,4
HS-ESS3,HS-ESS3-1,recall,What is meant by the term 'flood plain'?,fk_grade=-0.7_out_of_band,4
HS-ESS3,HS-ESS3-1,recall,What is desertification?,fk_grade=17.0_out_of_band,4
HS-ESS3,HS-ESS3-3,recall,What is biodiversity?,fk_grade=17.0_out_of_band,4
HS-ESS3,HS-ESS3-3,recall,What is a computational simulation?,fk_grade=14.7_out_of_band,4
HS-ESS3,HS-ESS3-5,recall,What is a global climate model (GCM)?,fk_grade=4.0_out_of_band,4
HS-ESS3,HS-ESS3-3,conceptual,Why does reducing habitat through deforestation lower the long-term sustainability of human populations that depend on that forest?,fk_grade=17.0_out_of_band,4
HS-ESS3,HS-ESS3-3,conceptual,How does setting a sustainable harvest limit for a fish population help maintain both biodiversity and human food supplies?,fk_grade=14.2_out_of_band,4
HS-ESS3,HS-ESS3-3,conceptual,Why does increasing freshwater withdrawals for agriculture sometimes lead to a loss of aquatic biodiversity downstream?,fk_grade=15.7_out_of_band,4
HS-ESS3,HS-ESS3-3,conceptual,How does protecting biodiversity act as a safeguard for sustainable human population growth?,fk_grade=14.9_out_of_band,4
HS-ESS3,HS-ESS3-4,conceptual,How does replacing impervious pavement with permeable pavement reduce the impact of urban development on groundwater systems?,fk_grade=16.0_out_of_band,4
HS-ESS3,HS-ESS3-5,conceptual,Why do scientists use global climate models instead of just relying on historical temperature records to forecast future climate change?,fk_grade=14.0_out_of_band,4
HS-ESS3,HS-ESS3-3,applied,"If a computational simulation models a region where freshwater extraction doubles every decade, what would you expect to happen to biodiversity in that region over time according to the simulation's output?",fk_grade=20.5_out_of_band,4
HS-ESS3,HS-ESS3-3,applied,"In a computational simulation of a fishing community, if the annual fish harvest is set above the population's natural replenishment rate, what does the simulation predict will happen to the human population that depends on that resource?",fk_grade=21.5_out_of_band,4
HS-ETS1,HS-ETS1-1,recall,"What does it mean to specify a 'quantitative' criterion for an engineering solution, as opposed to a 'qualitative' one?",fk_grade=14.2_out_of_band,4
HS-ETS1,HS-ETS1-4,conceptual,Why is a computer simulation more useful than a physical prototype when testing a solution to a complex engineering problem with many interacting variables?,fk_grade=17.9_out_of_band,4
HS-ETS1,HS-ETS1-4,conceptual,How does modeling the interactions between systems in a simulation help engineers identify unintended consequences of a proposed solution?,fk_grade=18.5_out_of_band,4
HS-ETS1,HS-ETS1-4,conceptual,Why do engineers need to input both criteria and constraints into a computer simulation before evaluating a proposed solution?,fk_grade=16.7_out_of_band,4
HS-ETS1,HS-ETS1-4,conceptual,How does increasing the complexity of a real-world problem—such as having more interacting systems—affect the reliability of a computer simulation's predictions?,fk_grade=20.1_out_of_band,4
HS-ETS1,HS-ETS1-4,conceptual,Why is it important to validate a computer simulation against real-world data before using it to make decisions about an engineering solution?,fk_grade=17.1_out_of_band,4
HS-PS2,HS-PS2-2,recall,What is the definition of momentum?,llm_inappropriate,4
HS-PS2,HS-PS2-5,recall,Who discovered that a changing magnetic field can induce an electric current?,llm_inappropriate,4
HS-PS2,HS-PS2-5,recall,What is an electromagnet?,llm_inappropriate,4
HS-PS2,HS-PS2-5,recall,What does Faraday's law of induction state?,llm_inappropriate,4
HS-PS3,HS-PS3-1,recall,What does the law of conservation of energy state?,llm_inappropriate,4
HS-PS3,HS-PS3-1,recall,What is meant by an 'energy flow' in a physical system?,llm_inappropriate,4
HS-PS3,HS-PS3-2,recall,What is the term for the energy an object has due to its motion?,llm_inappropriate,4
HS-PS4,HS-PS4-1,recall,What is the unit of measurement for the frequency of a wave?,llm_inappropriate,4
HS-PS4,HS-PS4-1,recall,What is the speed of light (electromagnetic waves) traveling through a vacuum?,llm_inappropriate,4
HS-PS4,HS-PS4-2,recall,What does the term 'bit' mean in the context of digital information?,llm_inappropriate,4
HS-PS4,HS-PS4-4,recall,What effect does ultraviolet (UV) radiation have when it is absorbed by human skin cells?,llm_inappropriate,4
HS-PS4,HS-PS4-4,recall,What does the term 'peer-reviewed' mean when describing a published scientific study?,llm_inappropriate,4
HS-PS4,HS-PS4-4,conceptual,Why does ultraviolet radiation cause sunburn but visible light from the same sun does not?,llm_inappropriate,4
HS-PS4,HS-PS4-4,conceptual,"How does a microwave oven use electromagnetic radiation to heat food, and why doesn't the same radiation heat the air inside the oven?",llm_inappropriate,4
HS-LS1,HS-LS1-1,recall,What are the four nitrogenous bases found in DNA?,llm_inappropriate,4
HS-LS1,HS-LS1-2,recall,What is a tissue in the context of biological organization?,llm_inappropriate,4
HS-LS1,HS-LS1-2,recall,What is the function of the nervous system in the human body?,llm_inappropriate,4
HS-LS2,HS-LS2-1,recall,What is carrying capacity?,llm_inappropriate,4
HS-LS2,HS-LS2-1,recall,What are limiting factors in an ecosystem?,llm_inappropriate,4
HS-LS2,HS-LS2-2,recall,What is a limiting factor in an ecosystem?,llm_inappropriate,4
HS-LS2,HS-LS2-3,recall,What is the main difference between aerobic and anaerobic respiration in terms of oxygen use?,llm_inappropriate,4
HS-LS2,HS-LS2-3,recall,What molecule do decomposers break down organic matter into during the cycling of matter in an ecosystem?,llm_inappropriate,4
HS-LS2,HS-LS2-5,recall,What is the chemical formula for the overall reaction of photosynthesis?,llm_inappropriate,4
HS-LS2,HS-LS2-5,recall,What carbon-containing gas is released into the atmosphere as a product of cellular respiration?,llm_inappropriate,4
HS-LS3,HS-LS3-1,recall,How many chromosomes do human body cells normally contain?,llm_inappropriate,4
HS-LS3,HS-LS3-1,recall,What are the four nitrogenous bases found in DNA?,llm_inappropriate,4
HS-LS3,HS-LS3-1,recall,What is the difference between a genotype and a phenotype?,llm_inappropriate,4
HS-LS4,HS-LS4-1,recall,What is homologous structure in biology?,llm_inappropriate,4
HS-LS4,HS-LS4-1,recall,What is the name for the preserved remains or traces of ancient organisms that scientists use as evidence of evolution?,llm_inappropriate,4
HS-LS4,HS-LS4-2,recall,What does 'natural selection' mean in the context of evolution?,llm_inappropriate,4
HS-LS4,HS-LS4-2,recall,What is the term for the ability of a population to produce more offspring than the environment can support?,llm_inappropriate,4
HS-LS4,HS-LS4-4,recall,What is an adaptation in biology?,llm_inappropriate,4
HS-LS4,HS-LS4-4,recall,What does 'natural selection' mean?,llm_inappropriate,4
HS-LS4,HS-LS4-5,recall,What does the term 'extinction' mean in the context of biological evolution?,llm_inappropriate,4
HS-ESS1,HS-ESS1-5,recall,Why is oceanic crust generally younger than continental crust?,llm_inappropriate,4
HS-ESS1,HS-ESS1-5,recall,What is the name of the supercontinent that most of Earth's landmasses were part of approximately 300 million years ago?,llm_inappropriate,4
HS-ESS1,HS-ESS1-5,recall,"What is paleomagnetism, and why is it important evidence for plate tectonics?",llm_inappropriate,4
HS-ESS1,HS-ESS1-5,recall,What happens to oceanic crust at a subduction zone?,llm_inappropriate,4
HS-ESS1,HS-ESS1-5,conceptual,Why are rocks found near the center of the ocean floor younger than rocks found near the edges of ocean basins?,llm_inappropriate,4
HS-ESS1,HS-ESS1-5,conceptual,Why is oceanic crust generally much younger than continental crust?,llm_inappropriate,4
HS-ESS1,HS-ESS1-5,conceptual,How does the pattern of magnetic stripes on the ocean floor provide evidence that tectonic plates have moved over time?,llm_inappropriate,4
HS-ESS2,HS-ESS2-3,recall,"What are the four main layers of Earth's interior, listed from the surface to the center?",llm_inappropriate,4
HS-ESS2,HS-ESS2-3,recall,What is thermal convection?,llm_inappropriate,4
HS-ESS3,HS-ESS3-1,recall,What is a natural resource?,llm_inappropriate,4
HS-ESS3,HS-ESS3-1,recall,What is a natural hazard?,llm_inappropriate,4
HS-ESS3,HS-ESS3-1,recall,What is a nonrenewable resource?,llm_inappropriate,4
HS-ESS3,HS-ESS3-1,recall,What is the difference between weather and climate?,llm_inappropriate,4
HS-ESS3,HS-ESS3-3,recall,What is a nonrenewable natural resource?,llm_inappropriate,4
HS-ESS3,HS-ESS3-3,recall,What does 'sustainability' mean when applied to the use of natural resources?,llm_inappropriate,4
HS-PS1,HS-PS1-8,conceptual,Why does nuclear fusion release so much energy even though no chemical bonds are broken?,duplicate,4
HS-PS2,HS-PS2-3,recall,"What is impulse, and how is it related to force and time in a collision?",duplicate,4
HS-PS2,HS-PS2-4,recall,What does the gravitational constant G represent in Newton's Law of Universal Gravitation?,duplicate,4
HS-PS2,HS-PS2-4,recall,"According to Coulomb's Law, what happens to the electrostatic force between two charged objects if the distance between them is doubled?",duplicate,4
HS-PS2,HS-PS2-5,recall,What is the name of the rule used to determine the direction of the magnetic field produced around a current-carrying wire?,duplicate,4
HS-PS2,HS-PS2-1,conceptual,Why does a more massive object accelerate less than a lighter object when the same net force is applied to both?,duplicate,4
HS-PS2,HS-PS2-1,conceptual,"Why does doubling the net force on an object cause its acceleration to double, assuming mass stays the same?",duplicate,4
HS-PS4,HS-PS4-1,recall,"What is the mathematical equation that relates the speed, frequency, and wavelength of a wave?",duplicate,4
HS-PS4,HS-PS4-1,recall,What happens to the wavelength of a wave if its frequency increases but its speed stays the same?,duplicate,4
HS-PS4,HS-PS4-2,recall,What is the difference between an analog signal and a digital signal?,duplicate,4
HS-PS4,HS-PS4-3,recall,What is the photoelectric effect?,duplicate,4
HS-PS4,HS-PS4-3,recall,What are the two models used to describe electromagnetic radiation?,duplicate,4
HS-LS1,HS-LS1-6,recall,"What additional element, beyond carbon, hydrogen, and oxygen, must be present to form an amino acid?",duplicate,4
HS-LS1,HS-LS1-6,recall,What type of chemical bond links amino acids together to build a protein chain?,duplicate,4
HS-LS2,HS-LS2-2,recall,What does the term 'carrying capacity' mean in ecology?,duplicate,4
HS-LS4,HS-LS4-2,recall,What is meant by 'competition for limited resources' as a factor in evolution?,duplicate,4
HS-LS4,HS-LS4-1,conceptual,"Why do homologous structures in different species, like the arm bones of humans and the wing bones of bats, support the idea of common ancestry?",duplicate,4
HS-LS4,HS-LS4-2,conceptual,How does competition for limited resources cause some individuals to survive and reproduce more than others?,duplicate,4
HS-LS4,HS-LS4-4,conceptual,Why do individuals with traits better suited to their environment tend to have more offspring than those without those traits?,duplicate,4
HS-ESS1,HS-ESS1-2,conceptual,Why does the redshift of light from distant galaxies tell us that the universe is expanding?,duplicate,4
HS-ESS2,HS-ESS2-3,recall,Which layer of Earth's interior is responsible for driving the convection currents that move tectonic plates?,duplicate,4
HS-ESS3,HS-ESS3-1,recall,What does the term 'carrying capacity' mean in the context of human populations and natural resources?,duplicate,4
HS-ESS3,HS-ESS3-3,recall,What is an ecosystem service?,duplicate,4
HS-ESS3,HS-ESS3-1,conceptual,Why do human settlements tend to cluster near rivers and coastlines despite the flood hazards those areas present?,duplicate,4
HS-ETS1,HS-ETS1-1,recall,"In engineering design, what is the difference between a criterion and a constraint?",duplicate,4
HS-ETS1,HS-ETS1-2,recall,"What is the engineering term for the process of breaking a complex problem into smaller, more manageable sub-problems?",duplicate,4
HS-ETS1,HS-ETS1-3,recall,What is a 'trade-off' in engineering design?,duplicate,4
HS-ETS1,HS-ETS1-3,recall,What does the term 'constraint' mean in the context of engineering design?,duplicate,4
HS-ETS1,HS-ETS1-3,recall,What is the difference between design criteria and design constraints?,duplicate,4
HS-PS2,HS-PS2-3,recall,"What is impulse, and what are its units?",fk_grade=2.3_out_of_band,5
HS-PS2,HS-PS2-3,recall,What is the purpose of a crumple zone in a car?,fk_grade=2.6_out_of_band,5
HS-PS2,HS-PS2-4,recall,What is the SI unit of electric charge used in Coulomb's Law?,fk_grade=4.8_out_of_band,5
HS-PS4,HS-PS4-1,recall,What is wavelength?,fk_grade=1.3_out_of_band,5
HS-PS4,HS-PS4-1,recall,What is the unit used to measure the frequency of a wave?,fk_grade=4.8_out_of_band,5
HS-PS4,HS-PS4-2,recall,What is 'noise' in the context of signal transmission?,fk_grade=5.0_out_of_band,5
HS-PS4,HS-PS4-4,recall,What is ionizing radiation?,fk_grade=15.5_out_of_band,5
HS-PS4,HS-PS4-4,recall,What happens to the energy of electromagnetic radiation as its frequency increases?,fk_grade=15.6_out_of_band,5
HS-PS4,HS-PS4-4,conceptual,"Why does higher-frequency electromagnetic radiation, like X-rays, cause more damage to living tissue than lower-frequency radiation, like radio waves?",fk_grade=18.5_out_of_band,5
HS-PS4,HS-PS4-4,conceptual,"How does the frequency of electromagnetic radiation determine whether it is transmitted through, reflected by, or absorbed by a given material?",fk_grade=16.8_out_of_band,5
HS-LS1,HS-LS1-1,recall,What is a codon?,fk_grade=-2.2_out_of_band,5
HS-LS1,HS-LS1-2,recall,"What are the levels of biological organization in a multicellular organism, listed from smallest to largest?",fk_grade=16.5_out_of_band,5
HS-LS1,HS-LS1-2,recall,What are the four main types of tissue found in the human body?,fk_grade=4.0_out_of_band,5
HS-LS1,HS-LS1-2,recall,What is an organ system?,fk_grade=2.9_out_of_band,5
HS-LS1,HS-LS1-2,recall,What is the difference between a cell and an organ?,fk_grade=4.8_out_of_band,5
HS-LS2,HS-LS2-2,recall,What is biodiversity?,fk_grade=17.0_out_of_band,5
HS-LS2,HS-LS2-7,conceptual,Why do wildlife corridors help prevent species extinction when natural habitats are fragmented by human development?,fk_grade=15.0_out_of_band,5
HS-LS3,HS-LS3-1,recall,What is a gene?,fk_grade=-2.2_out_of_band,5
HS-LS3,HS-LS3-1,recall,What does it mean for a gene to 'code' for a trait?,fk_grade=0.9_out_of_band,5
HS-LS3,HS-LS3-1,recall,What is an allele?,fk_grade=3.7_out_of_band,5
HS-LS4,HS-LS4-5,recall,What is the term for the process by which two populations of the same species gradually become so genetically different that they can no longer interbreed and produce fertile offspring?,fk_grade=15.8_out_of_band,5
HS-LS4,HS-LS4-5,recall,What does it mean for a species to be extinct?,fk_grade=2.5_out_of_band,5
HS-LS4,HS-LS4-1,conceptual,Why does the discovery of similar DNA sequences across very different organisms provide evidence for biological evolution?,fk_grade=20.9_out_of_band,5
HS-LS4,HS-LS4-2,conceptual,Why does heritable genetic variation matter for evolution to occur?,fk_grade=15.4_out_of_band,5
HS-LS4,HS-LS4-3,conceptual,Why do organisms with an advantageous heritable trait tend to make up a larger proportion of the population with each successive generation?,fk_grade=15.5_out_of_band,5
HS-LS4,HS-LS4-3,conceptual,"How does the concept of probability help explain why a newly arising beneficial mutation might still disappear from a population by chance, even if it improves survival?",fk_grade=16.8_out_of_band,5
HS-ESS2,HS-ESS2-2,recall,What is a feedback loop in Earth's systems?,fk_grade=2.3_out_of_band,5
HS-ESS2,HS-ESS2-2,recall,What is the ice-albedo feedback?,fk_grade=2.9_out_of_band,5
HS-ESS2,HS-ESS2-2,recall,What does the term 'albedo' mean in Earth science?,fk_grade=2.3_out_of_band,5
HS-ESS3,HS-ESS3-1,recall,What is a fossil fuel?,fk_grade=2.9_out_of_band,5
HS-ESS3,HS-ESS3-1,recall,What is the Ring of Fire?,fk_grade=0.5_out_of_band,5
HS-ESS3,HS-ESS3-1,recall,What is desertification?,fk_grade=17.0_out_of_band,5
HS-ESS3,HS-ESS3-3,recall,What is biodiversity?,fk_grade=17.0_out_of_band,5
HS-ESS3,HS-ESS3-3,conceptual,Why does overharvesting a natural resource like fish reduce biodiversity in an ecosystem?,fk_grade=14.9_out_of_band,5
HS-ESS3,HS-ESS3-3,conceptual,How does sustainable resource management help maintain human population stability over time?,fk_grade=15.6_out_of_band,5
HS-ESS3,HS-ESS3-3,conceptual,Why does a loss of biodiversity reduce an ecosystem's ability to support human populations?,fk_grade=14.3_out_of_band,5
HS-ESS3,HS-ESS3-3,applied,"If a computational simulation models a fishery where the annual harvest rate exceeds the fish population's reproduction rate, what would you predict happens to fish population size and biodiversity in the surrounding ecosystem over time?",fk_grade=22.0_out_of_band,5
HS-ESS3,HS-ESS3-3,applied,"In a simulation where a forest is managed by limiting logging to only 20% of mature trees per decade and replanting after each harvest, how would this management strategy affect the long-term sustainability of both the human timber industry and the biodiversity of the forest compared to clear-cutting?",fk_grade=24.5_out_of_band,5
HS-ETS1,HS-ETS1-4,conceptual,Why do engineers use computer simulations to test solutions instead of always building physical prototypes first?,fk_grade=14.3_out_of_band,5
HS-ETS1,HS-ETS1-4,conceptual,"How does a computer simulation help engineers understand interactions between different systems in a complex problem, like a city's traffic and air quality?",fk_grade=16.5_out_of_band,5
HS-ETS1,HS-ETS1-4,conceptual,Why is it important to validate a computer simulation against real-world data before using it to make engineering decisions?,fk_grade=16.0_out_of_band,5
HS-ETS1,HS-ETS1-4,conceptual,How do constraints and criteria built into a simulation affect which proposed engineering solutions the simulation identifies as successful?,fk_grade=17.9_out_of_band,5
HS-ETS1,HS-ETS1-4,conceptual,Why can changing just one input variable in a simulation cause unexpectedly large changes in the overall outcome of a complex system?,fk_grade=14.4_out_of_band,5
HS-PS2,HS-PS2-4,recall,What is the value of the universal gravitational constant G?,llm_inappropriate,5
HS-PS2,HS-PS2-4,recall,What type of force can be either attractive or repulsive — gravitational force or electrostatic force?,llm_inappropriate,5
HS-PS3,HS-PS3-1,recall,What does the law of conservation of energy state?,llm_inappropriate,5
HS-PS3,HS-PS3-1,recall,What is thermal energy?,llm_inappropriate,5
HS-PS4,HS-PS4-1,recall,What is the definition of the frequency of a wave?,llm_inappropriate,5
HS-PS4,HS-PS4-2,recall,What is a digital signal?,llm_inappropriate,5
HS-PS4,HS-PS4-4,recall,What part of the electromagnetic spectrum is responsible for causing sunburn in human skin?,llm_inappropriate,5
HS-PS4,HS-PS4-4,conceptual,"Why does UV radiation cause sunburn but visible light does not, even though both come from the Sun?",llm_inappropriate,5
HS-LS1,HS-LS1-1,recall,What are the four nitrogenous bases found in DNA?,llm_inappropriate,5
HS-LS1,HS-LS1-2,recall,What is a tissue in biology?,llm_inappropriate,5
HS-LS2,HS-LS2-1,recall,What is carrying capacity?,llm_inappropriate,5
HS-LS2,HS-LS2-1,recall,What are limiting factors in an ecosystem?,llm_inappropriate,5
HS-LS2,HS-LS2-2,recall,What is a population density?,llm_inappropriate,5
HS-LS2,HS-LS2-5,recall,"What is the chemical formula for glucose, the sugar produced during photosynthesis?",llm_inappropriate,5
HS-LS2,HS-LS2-5,recall,What gas is released into the atmosphere as a product of cellular respiration?,llm_inappropriate,5
HS-LS3,HS-LS3-1,recall,How many chromosomes are found in a typical human body cell?,llm_inappropriate,5
HS-LS4,HS-LS4-2,recall,What is natural selection?,llm_inappropriate,5
HS-LS4,HS-LS4-2,recall,What is a mutation in genetics?,llm_inappropriate,5
HS-LS4,HS-LS4-2,recall,"What term describes the struggle among organisms for food, space, mates, or other limited resources needed for survival?",llm_inappropriate,5
HS-LS4,HS-LS4-4,recall,What is an adaptation in the context of natural selection?,llm_inappropriate,5
HS-ESS1,HS-ESS1-5,conceptual,Why is oceanic crust generally much younger than continental crust?,llm_inappropriate,5
HS-ESS1,HS-ESS1-5,conceptual,Why do rocks get progressively older as you move away from a mid-ocean ridge toward a continent?,llm_inappropriate,5
HS-ESS1,HS-ESS1-5,conceptual,How does the process of subduction explain why we find ancient rocks on continents but not on the ocean floor?,llm_inappropriate,5
HS-ESS2,HS-ESS2-3,recall,"What are the four main layers of Earth's interior, listed from the surface to the center?",llm_inappropriate,5
HS-ESS2,HS-ESS2-3,recall,What is thermal convection?,llm_inappropriate,5
HS-ESS3,HS-ESS3-1,recall,What is a natural resource?,llm_inappropriate,5
HS-ESS3,HS-ESS3-1,recall,What is a natural hazard?,llm_inappropriate,5
HS-ESS3,HS-ESS3-1,recall,What term describes the long-term average weather patterns of a region?,llm_inappropriate,5
HS-ESS3,HS-ESS3-1,recall,What is the name for the movement of people away from an area due to environmental factors such as drought or natural disasters?,llm_inappropriate,5
HS-ESS3,HS-ESS3-1,recall,What term describes a resource that cannot be replenished by natural processes within a human timescale?,llm_inappropriate,5
HS-ESS3,HS-ESS3-3,recall,What is a renewable resource?,llm_inappropriate,5
HS-ESS3,HS-ESS3-3,recall,What is carrying capacity?,llm_inappropriate,5
HS-ESS3,HS-ESS3-3,recall,What is a computational simulation in the context of Earth science?,llm_inappropriate,5
HS-PS1,HS-PS1-8,conceptual,Why does nuclear fusion release such an enormous amount of energy?,duplicate,5
HS-PS1,HS-PS1-8,conceptual,Why are some atoms unstable and undergo radioactive decay while others are stable?,duplicate,5
HS-PS2,HS-PS2-3,recall,What does the impulse-momentum theorem state?,duplicate,5
HS-PS2,HS-PS2-3,recall,"What is momentum, and what is its formula?",duplicate,5
HS-PS2,HS-PS2-4,recall,What does Newton's Law of Universal Gravitation state?,duplicate,5
HS-PS4,HS-PS4-1,recall,"What is the mathematical equation that relates the speed, frequency, and wavelength of a wave?",duplicate,5
HS-LS1,HS-LS1-1,recall,What is the central dogma of molecular biology?,duplicate,5
HS-LS2,HS-LS2-2,recall,What does the term 'carrying capacity' mean in ecology?,duplicate,5
HS-LS2,HS-LS2-1,conceptual,Why does a population stop growing when it reaches the carrying capacity of its ecosystem?,duplicate,5
HS-LS3,HS-LS3-1,recall,"What is the relationship between DNA, genes, and chromosomes?",duplicate,5
HS-LS4,HS-LS4-2,recall,What does 'heritable variation' mean in the context of evolution?,duplicate,5
HS-LS4,HS-LS4-1,conceptual,"Why do homologous structures in different species, like the bones in a human arm and a whale flipper, support the idea of common ancestry?",duplicate,5
HS-LS4,HS-LS4-2,conceptual,Why does competition for limited resources drive some organisms to survive and reproduce more than others?,duplicate,5
HS-ESS1,HS-ESS1-1,recall,What two elements are involved in the nuclear fusion reaction that powers the sun?,duplicate,5
HS-ESS1,HS-ESS1-1,recall,What is the approximate current age and total expected lifespan of the sun?,duplicate,5
HS-ESS3,HS-ESS3-3,recall,What does the term 'sustainability' mean in the context of natural resource management?,duplicate,5
HS-ETS1,HS-ETS1-1,recall,What is the difference between a criterion and a constraint in engineering design?,duplicate,5
HS-ETS1,HS-ETS1-1,recall,What is a 'global challenge' in the context of engineering design standards?,duplicate,5
HS-ETS1,HS-ETS1-2,recall,"What is the engineering term for the process of breaking a complex problem into smaller, more manageable sub-problems?",duplicate,5
HS-ETS1,HS-ETS1-2,recall,What is a 'constraint' in the context of engineering design?,duplicate,5
HS-PS1,HS-PS1-1,conceptual,Why do atoms of elements on the right side of the periodic table (like fluorine and oxygen) tend to attract electrons from other atoms during bonding?,fk_grade=14.1_out_of_band,6
HS-PS2,HS-PS2-3,recall,"What is impulse, and what two quantities is it equal to?",fk_grade=4.8_out_of_band,6
HS-PS2,HS-PS2-3,recall,"According to the impulse-momentum theorem, what happens to the force on an object during a collision if the time of the collision is increased while the change in momentum stays the same?",fk_grade=15.0_out_of_band,6
HS-PS2,HS-PS2-4,recall,What is Coulomb's Law?,fk_grade=0.7_out_of_band,6
HS-PS2,HS-PS2-4,recall,How does doubling the distance between two objects affect the gravitational force between them according to Newton's Law of Universal Gravitation?,fk_grade=15.6_out_of_band,6
HS-PS4,HS-PS4-1,recall,What is the wavelength of a wave?,fk_grade=0.6_out_of_band,6
HS-PS4,HS-PS4-2,recall,What is noise in the context of signal transmission?,fk_grade=5.0_out_of_band,6
HS-PS4,HS-PS4-4,recall,What is ionizing radiation?,fk_grade=15.5_out_of_band,6
HS-PS4,HS-PS4-4,recall,What is the relationship between the frequency of electromagnetic radiation and its energy?,fk_grade=15.8_out_of_band,6
HS-PS4,HS-PS4-2,conceptual,Why is digital information less likely to be corrupted than analog information when transmitted over long distances?,fk_grade=15.3_out_of_band,6
HS-LS1,HS-LS1-4,recall,What is a stem cell?,fk_grade=-1.8_out_of_band,6
HS-LS1,HS-LS1-4,recall,What are the four stages of mitosis in order?,fk_grade=5.0_out_of_band,6
HS-LS1,HS-LS1-7,recall,What is the overall chemical equation for cellular respiration?,fk_grade=14.1_out_of_band,6
HS-LS1,HS-LS1-7,recall,What molecule is the primary energy carrier produced during cellular respiration?,fk_grade=16.6_out_of_band,6
HS-LS2,HS-LS2-2,recall,What is biodiversity?,fk_grade=17.0_out_of_band,6
HS-LS2,HS-LS2-2,recall,What is carrying capacity in ecology?,fk_grade=14.3_out_of_band,6
HS-LS3,HS-LS3-1,recall,What is a gene?,fk_grade=-2.2_out_of_band,6
HS-LS3,HS-LS3-1,recall,What is a chromosome made of?,fk_grade=2.5_out_of_band,6
HS-LS4,HS-LS4-2,recall,What term describes a heritable change in the DNA sequence of an organism that can introduce new genetic variation into a population?,fk_grade=16.1_out_of_band,6
HS-LS4,HS-LS4-5,recall,What is the term for the process by which a new species forms when a population becomes reproductively isolated from other populations of the same species?,fk_grade=14.5_out_of_band,6
HS-LS4,HS-LS4-1,conceptual,Why are homologous structures considered evidence for common ancestry even when they perform different functions?,fk_grade=14.6_out_of_band,6
HS-LS4,HS-LS4-1,conceptual,Why does the existence of vestigial structures in an organism support the idea of descent with modification?,fk_grade=14.6_out_of_band,6
HS-LS4,HS-LS4-1,conceptual,How do similar patterns of embryonic development across distantly related vertebrates support common ancestry?,fk_grade=18.5_out_of_band,6
HS-ESS2,HS-ESS2-2,recall,What is albedo in Earth science?,fk_grade=2.5_out_of_band,6
HS-ESS2,HS-ESS2-2,recall,What is a positive feedback loop in Earth's systems?,fk_grade=5.0_out_of_band,6
HS-ESS2,HS-ESS2-2,recall,What is a negative feedback loop in Earth's systems?,fk_grade=5.0_out_of_band,6
HS-ESS3,HS-ESS3-3,recall,What is biodiversity?,fk_grade=17.0_out_of_band,6
HS-ESS3,HS-ESS3-5,recall,What is a global climate model (GCM)?,fk_grade=4.0_out_of_band,6
HS-ESS3,HS-ESS3-5,recall,"What are climate proxies, and why are they used in climate science?",fk_grade=4.8_out_of_band,6
HS-ESS3,HS-ESS3-3,conceptual,"Why does overharvesting a natural resource, like a fish population, often lead to a decline in biodiversity in that ecosystem?",fk_grade=15.2_out_of_band,6
HS-ESS3,HS-ESS3-3,conceptual,How does deforestation for agricultural land affect the long-term sustainability of human populations that depend on that land?,fk_grade=16.3_out_of_band,6
HS-ESS3,HS-ESS3-3,conceptual,Why is it important to include biodiversity as a variable in a computational simulation about natural resource management?,fk_grade=19.0_out_of_band,6
HS-ESS3,HS-ESS3-1,applied,"A farming community in the American Southwest has seen its groundwater aquifer drop significantly over the past 50 years due to drought and overuse. Based on how resource availability influences human activity, what changes would you predict the community might make to its agricultural practices?",fk_grade=16.3_out_of_band,6
HS-ESS3,HS-ESS3-1,applied,"If a coastal city experiences increasingly frequent and severe hurricane flooding due to rising sea levels from climate change, how would you predict that pattern to influence where and how new buildings are constructed in that city?",fk_grade=18.6_out_of_band,6
HS-ETS1,HS-ETS1-1,conceptual,Why is it important to identify both qualitative and quantitative criteria before engineers begin designing a solution to a global challenge?,fk_grade=17.9_out_of_band,6
HS-ETS1,HS-ETS1-2,conceptual,How does identifying the constraints and criteria of each smaller sub-problem help engineers develop a better overall solution?,fk_grade=16.3_out_of_band,6
HS-ETS1,HS-ETS1-3,conceptual,How can aesthetic considerations affect the evaluation of an engineering solution even when safety and function are already met?,fk_grade=16.7_out_of_band,6
HS-PS3,HS-PS3-2,recall,What is the term for the energy an object has due to its motion?,llm_inappropriate,6
HS-PS3,HS-PS3-2,recall,What is potential energy?,llm_inappropriate,6
HS-PS4,HS-PS4-1,recall,What is the definition of the frequency of a wave?,llm_inappropriate,6
HS-PS4,HS-PS4-2,conceptual,Why can digital storage hold much more information in a smaller physical space compared to older analog storage methods?,llm_inappropriate,6
HS-LS1,HS-LS1-4,recall,What is mitosis?,llm_inappropriate,6
HS-LS1,HS-LS1-4,recall,What is cell differentiation?,llm_inappropriate,6
HS-LS1,HS-LS1-4,recall,What type of cells in the human body are produced through mitosis?,llm_inappropriate,6
HS-LS1,HS-LS1-5,recall,What molecule is the main product of photosynthesis that stores chemical energy?,llm_inappropriate,6
HS-LS2,HS-LS2-1,recall,What is carrying capacity in an ecosystem?,llm_inappropriate,6
HS-LS2,HS-LS2-1,recall,What are limiting factors in an ecosystem?,llm_inappropriate,6
HS-LS2,HS-LS2-2,recall,What is the difference between a population and a community in an ecosystem?,llm_inappropriate,6
HS-LS3,HS-LS3-1,recall,How many chromosomes are found in a normal human body cell?,llm_inappropriate,6
HS-LS3,HS-LS3-1,recall,What are the four nitrogen bases found in DNA?,llm_inappropriate,6
HS-LS4,HS-LS4-2,recall,What does 'natural selection' mean in the context of evolution?,llm_inappropriate,6
HS-LS4,HS-LS4-5,recall,What does the term 'extinction' mean in the context of biological evolution?,llm_inappropriate,6
HS-ESS2,HS-ESS2-3,recall,What is thermal convection?,llm_inappropriate,6
HS-ESS3,HS-ESS3-3,recall,What is a renewable natural resource?,llm_inappropriate,6
HS-ESS3,HS-ESS3-3,recall,What is a nonrenewable natural resource?,llm_inappropriate,6
HS-ESS3,HS-ESS3-3,recall,What is carrying capacity?,llm_inappropriate,6
HS-ESS3,HS-ESS3-3,recall,What is an ecological footprint?,llm_inappropriate,6
HS-ESS3,HS-ESS3-3,recall,What does 'overexploitation' of a natural resource mean?,llm_inappropriate,6
HS-ESS3,HS-ESS3-3,recall,What is a computational simulation in the context of Earth science?,llm_inappropriate,6
HS-PS1,HS-PS1-1,conceptual,Why do elements in the same group of the periodic table tend to have similar chemical properties?,duplicate,6
HS-PS2,HS-PS2-4,recall,What does the gravitational constant G represent in Newton's Law of Universal Gravitation?,duplicate,6
HS-PS4,HS-PS4-1,recall,"What is the mathematical relationship between the speed, frequency, and wavelength of a wave?",duplicate,6
HS-PS4,HS-PS4-2,recall,What is the difference between an analog signal and a digital signal?,duplicate,6
HS-PS4,HS-PS4-4,recall,What effect does infrared radiation have when it is absorbed by matter?,duplicate,6
HS-LS4,HS-LS4-2,recall,What is meant by 'heritable variation' in a population?,duplicate,6
HS-ESS1,HS-ESS1-1,recall,What two elements are involved in the nuclear fusion reaction that powers the sun?,duplicate,6
HS-ESS1,HS-ESS1-1,recall,What is the approximate current age and total expected lifespan of the sun?,duplicate,6
HS-ESS1,HS-ESS1-2,conceptual,Why does the redshift of light from distant galaxies suggest that the universe is expanding?,duplicate,6
HS-ESS1,HS-ESS1-3,conceptual,Why are elements heavier than iron not produced inside a star's core during normal nuclear fusion?,duplicate,6
HS-ESS1,HS-ESS1-3,conceptual,How does the mass of a star determine which elements it can produce during its lifetime?,duplicate,6
HS-ESS2,HS-ESS2-3,recall,What layer of Earth's interior is responsible for driving the movement of tectonic plates through convection currents?,duplicate,6
HS-ESS3,HS-ESS3-3,recall,What does the term 'sustainability' mean in the context of natural resource management?,duplicate,6
HS-ETS1,HS-ETS1-1,recall,"In engineering design, what is the difference between a criterion and a constraint?",duplicate,6
HS-ETS1,HS-ETS1-1,recall,What does it mean for a design requirement to be quantitative rather than qualitative?,duplicate,6
HS-ETS1,HS-ETS1-2,recall,"What is the engineering term for the process of breaking a complex problem down into smaller, more manageable sub-problems?",duplicate,6
HS-ETS1,HS-ETS1-2,recall,What is a 'design constraint' in engineering?,duplicate,6
HS-ETS1,HS-ETS1-3,conceptual,Why do engineers have to make trade-offs when designing a solution to a real-world problem?,duplicate,6
HS-PS2,HS-PS2-3,recall,What is the purpose of a crumple zone in a car?,fk_grade=2.6_out_of_band,7
HS-PS2,HS-PS2-4,recall,What is the mathematical formula for Newton's Law of Universal Gravitation?,fk_grade=14.4_out_of_band,7
HS-PS4,HS-PS4-1,recall,What is wavelength?,fk_grade=1.3_out_of_band,7
HS-PS4,HS-PS4-1,recall,How does the speed of light in water compare to the speed of light in a vacuum?,fk_grade=4.9_out_of_band,7
HS-PS4,HS-PS4-2,conceptual,Why does converting information into a digital signal make it easier to maintain accuracy when transmitting it over long distances?,fk_grade=15.8_out_of_band,7
HS-LS1,HS-LS1-4,recall,What are stem cells?,fk_grade=-2.2_out_of_band,7
HS-LS1,HS-LS1-7,recall,What is the overall chemical equation for cellular respiration?,fk_grade=14.1_out_of_band,7
HS-LS1,HS-LS1-7,recall,What molecule is the primary energy-carrying product released during cellular respiration?,fk_grade=18.7_out_of_band,7
HS-LS3,HS-LS3-1,recall,What is a gene?,fk_grade=-2.2_out_of_band,7
HS-LS4,HS-LS4-2,recall,What does it mean for a trait to be 'heritable'?,fk_grade=3.7_out_of_band,7
HS-LS4,HS-LS4-1,conceptual,How does the pattern of similarities in DNA sequences among different species provide evidence for evolution?,fk_grade=16.5_out_of_band,7
HS-ESS3,HS-ESS3-5,recall,What is a global climate model (GCM)?,fk_grade=4.0_out_of_band,7
HS-ESS3,HS-ESS3-5,recall,What is the current approximate concentration of carbon dioxide (CO₂) in Earth's atmosphere as measured by modern monitoring stations?,fk_grade=14.8_out_of_band,7
HS-ESS3,HS-ESS3-1,applied,"A farming community in the American Southwest has been relying on a large underground aquifer for irrigation, but the aquifer level has dropped significantly over the past 50 years due to overuse. How would the decreasing availability of this resource most likely affect human activity in that region?",fk_grade=15.9_out_of_band,7
HS-ESS3,HS-ESS3-1,applied,"If a coastal city's records show that sea levels have risen 20 cm over the last century and storm surges now regularly flood low-lying neighborhoods, how should city planners change human activity in response to this climate-driven change?",fk_grade=19.1_out_of_band,7
HS-PS4,HS-PS4-1,recall,What is the definition of the frequency of a wave?,llm_inappropriate,7
HS-PS4,HS-PS4-2,recall,What is a digital signal?,llm_inappropriate,7
HS-PS4,HS-PS4-2,recall,"What is the term for the smallest unit of digital information, representing either a 0 or a 1?",llm_inappropriate,7
HS-LS1,HS-LS1-4,recall,What is mitosis?,llm_inappropriate,7
HS-LS2,HS-LS2-1,recall,What is carrying capacity?,llm_inappropriate,7
HS-LS2,HS-LS2-1,recall,What are limiting factors in an ecosystem?,llm_inappropriate,7
HS-LS2,HS-LS2-4,recall,What is a biogeochemical cycle?,llm_inappropriate,7
HS-LS3,HS-LS3-1,recall,How many chromosomes are found in a typical human body cell?,llm_inappropriate,7
HS-LS3,HS-LS3-1,recall,What are the four nitrogen bases found in DNA?,llm_inappropriate,7
HS-LS4,HS-LS4-2,recall,What is a mutation in the context of genetics and evolution?,llm_inappropriate,7
HS-LS4,HS-LS4-2,recall,What does the term 'natural selection' mean?,llm_inappropriate,7
HS-ESS2,HS-ESS2-3,recall,What is thermal convection?,llm_inappropriate,7
HS-PS1,HS-PS1-1,conceptual,Why do elements in the same group of the periodic table tend to have similar chemical properties?,duplicate,7
HS-PS1,HS-PS1-1,conceptual,Why do atomic radii generally decrease as you move from left to right across a period in the periodic table?,duplicate,7
HS-PS2,HS-PS2-3,recall,"What is impulse, and how is it related to force and time in a collision?",duplicate,7
HS-PS3,HS-PS3-2,recall,"What is thermal energy, in terms of the particles that make up an object?",duplicate,7
HS-PS4,HS-PS4-1,recall,"What is the mathematical relationship between the speed, frequency, and wavelength of a wave?",duplicate,7
HS-PS4,HS-PS4-1,recall,"If the frequency of a wave increases while its speed stays the same, what happens to its wavelength?",duplicate,7
HS-PS4,HS-PS4-2,recall,Why are digital signals less affected by noise than analog signals during transmission?,duplicate,7
HS-PS4,HS-PS4-2,conceptual,"Why can digital files be copied and stored many times without any loss in quality, unlike analog recordings?",duplicate,7
HS-LS1,HS-LS1-4,recall,What is cell differentiation?,duplicate,7
HS-LS1,HS-LS1-4,recall,What type of cells in the human body undergo mitosis to replace damaged or worn-out cells?,duplicate,7
HS-LS2,HS-LS2-4,recall,What is the 10% rule in energy transfer between trophic levels?,duplicate,7
HS-LS4,HS-LS4-1,recall,What is homologous structures as evidence for common ancestry?,duplicate,7
HS-LS4,HS-LS4-1,recall,What type of evidence for evolution is provided by fossils?,duplicate,7
HS-LS4,HS-LS4-1,conceptual,Why do homologous structures in different species support the idea of common ancestry?,duplicate,7
HS-ESS1,HS-ESS1-2,recall,"What is cosmic microwave background radiation, and why is it considered evidence for the Big Bang?",duplicate,7
HS-ESS1,HS-ESS1-2,recall,What does the redshift of light from distant galaxies indicate about how those galaxies are moving?,duplicate,7
HS-ESS1,HS-ESS1-3,conceptual,Why are elements heavier than iron not produced inside a star's core through normal fusion?,duplicate,7
HS-ESS1,HS-ESS1-3,conceptual,How does a star's mass determine which elements it can produce during its lifetime?,duplicate,7
HS-ESS2,HS-ESS2-3,recall,What layer of Earth's interior is responsible for driving the convection currents that move tectonic plates?,duplicate,7
HS-ESS2,HS-ESS2-3,recall,What is the primary source of heat inside Earth that drives convection in the mantle?,duplicate,7
HS-ESS3,HS-ESS3-4,recall,What is a green infrastructure solution used to reduce stormwater runoff in urban areas?,duplicate,7
HS-ESS3,HS-ESS3-4,recall,What does the term 'carbon capture and storage' (CCS) refer to?,duplicate,7
HS-ESS3,HS-ESS3-4,recall,What is bioremediation?,duplicate,7
HS-ESS3,HS-ESS3-4,recall,What is an environmental impact assessment (EIA)?,duplicate,7
HS-ESS3,HS-ESS3-5,recall,What does the term 'radiative forcing' mean in the context of climate science?,duplicate,7
HS-ESS3,HS-ESS3-5,recall,What type of geoscience data is collected from ice cores that helps scientists understand past climate conditions?,duplicate,7
HS-ETS1,HS-ETS1-1,recall,What is the difference between a criterion and a constraint in engineering design?,duplicate,7
HS-ETS1,HS-ETS1-1,recall,What does it mean for a design criterion to be quantitative rather than qualitative?,duplicate,7
HS-ETS1,HS-ETS1-1,recall,"In the context of engineering design, what is a 'global challenge'?",duplicate,7
HS-ETS1,HS-ETS1-3,conceptual,Why do engineers have to make trade-offs when designing a solution to a real-world problem?,duplicate,7
HS-PS2,HS-PS2-3,recall,"What is impulse, and what are its SI units?",fk_grade=2.3_out_of_band,8
HS-PS2,HS-PS2-3,recall,What is the purpose of a crumple zone in a car?,fk_grade=2.6_out_of_band,8
HS-PS4,HS-PS4-5,recall,What type of waves do cell phones use to transmit information?,fk_grade=4.8_out_of_band,8
HS-PS4,HS-PS4-5,recall,What is the speed of light in a vacuum?,fk_grade=1.0_out_of_band,8
HS-LS1,HS-LS1-4,recall,What are the four stages of mitosis in order?,fk_grade=5.0_out_of_band,8
HS-LS3,HS-LS3-1,recall,What is a gene?,fk_grade=-2.2_out_of_band,8
HS-LS3,HS-LS3-1,recall,What does it mean for DNA to be 'transcribed'?,fk_grade=3.7_out_of_band,8
HS-LS4,HS-LS4-1,recall,What do fossils provide as evidence for biological evolution?,fk_grade=14.1_out_of_band,8
HS-LS4,HS-LS4-1,recall,What is comparative genomics in the context of evolutionary evidence?,fk_grade=14.3_out_of_band,8
HS-LS4,HS-LS4-4,recall,What is a biological adaptation?,fk_grade=14.7_out_of_band,8
HS-LS4,HS-LS4-1,conceptual,Why do scientists consider the fossil record strong evidence for biological evolution?,fk_grade=15.6_out_of_band,8
HS-ESS3,HS-ESS3-4,recall,What term describes the ability of a natural or human system to recover from disturbances while maintaining its essential functions?,fk_grade=14.6_out_of_band,8
HS-ESS3,HS-ESS3-4,recall,What is the name of the international agreement that set binding targets for developed countries to reduce greenhouse gas emissions in order to limit human impacts on Earth's climate system?,fk_grade=16.2_out_of_band,8
HS-ESS3,HS-ESS3-5,recall,What is a global climate model (GCM)?,fk_grade=4.0_out_of_band,8
HS-PS1,HS-PS1-2,conceptual,Why is sodium (Na) much more reactive with water than potassium's neighbor magnesium (Mg) is?,llm_inappropriate,8
HS-PS4,HS-PS4-5,recall,What is the electromagnetic spectrum?,llm_inappropriate,8
HS-PS4,HS-PS4-5,recall,What is a solar cell and what principle of wave-matter interaction does it rely on?,llm_inappropriate,8
HS-LS1,HS-LS1-4,recall,What is mitosis?,llm_inappropriate,8
HS-LS1,HS-LS1-4,recall,What does cell differentiation mean?,llm_inappropriate,8
HS-LS2,HS-LS2-4,recall,What is the difference between a food chain and a food web in an ecosystem?,llm_inappropriate,8
HS-LS3,HS-LS3-1,recall,How many chromosomes are found in a typical human body cell?,llm_inappropriate,8
HS-ESS2,HS-ESS2-5,recall,What is the term for the process by which water moves into and through the tiny pore spaces of soil and rock?,llm_inappropriate,8
HS-ESS2,HS-ESS2-6,recall,What process do plants use to remove carbon dioxide from the atmosphere and convert it into organic carbon compounds?,llm_inappropriate,8
HS-ESS3,HS-ESS3-2,applied,"A coastal city is choosing between building an offshore wind farm or a natural gas power plant to meet its electricity needs. The wind farm has higher upfront installation costs but near-zero fuel costs, while the gas plant is cheaper to build but requires continuous fuel purchases and produces carbon emissions. Over a 25-year period, which option would likely have the better cost-benefit ratio?",llm_inappropriate,8
HS-ESS3,HS-ESS3-2,applied,"A mining company is deciding between open-pit mining and underground mining to extract copper near a protected wetland. Open-pit mining is cheaper and faster, but underground mining causes far less surface disruption. How does the proximity to the wetland change which method wins in a cost-benefit analysis?",llm_inappropriate,8
HS-PS1,HS-PS1-2,conceptual,Why do elements in the same group of the periodic table tend to form similar chemical compounds?,duplicate,8
HS-PS4,HS-PS4-5,recall,What is the photoelectric effect?,duplicate,8
HS-PS4,HS-PS4-1,conceptual,"Why does the wavelength of a wave change when it moves from one medium to another, even though its frequency stays the same?",duplicate,8
HS-PS4,HS-PS4-1,conceptual,How does increasing the frequency of a wave affect its wavelength if the wave is traveling at a constant speed?,duplicate,8
HS-LS2,HS-LS2-1,recall,What is carrying capacity in an ecosystem?,duplicate,8
HS-LS2,HS-LS2-4,recall,What is the 10% rule in energy transfer between trophic levels?,duplicate,8
HS-LS4,HS-LS4-1,recall,What is homologous structure?,duplicate,8
HS-LS4,HS-LS4-4,recall,What are the four conditions required for natural selection to occur in a population?,duplicate,8
HS-LS4,HS-LS4-1,conceptual,Why does the presence of homologous structures in different species suggest they share a common ancestor?,duplicate,8
HS-ESS1,HS-ESS1-2,recall,"What is the cosmic microwave background radiation, and why is it considered evidence for the Big Bang?",duplicate,8
HS-ESS1,HS-ESS1-2,conceptual,Why does the redshift of light from distant galaxies suggest that the universe is expanding?,duplicate,8
HS-ESS3,HS-ESS3-5,recall,What does the term 'radiative forcing' mean in climate science?,duplicate,8
HS-LS1,HS-LS1-4,recall,What are the four phases of mitosis in order?,fk_grade=5.0_out_of_band,9
HS-LS2,HS-LS2-1,recall,"What term describes the factors that limit population growth by becoming more intense as population density increases, such as food availability or disease?",fk_grade=16.5_out_of_band,9
HS-LS3,HS-LS3-2,recall,What is a mutation?,fk_grade=3.7_out_of_band,9
HS-LS4,HS-LS4-4,recall,What is the difference between an acquired characteristic and a heritable trait in the context of natural selection?,fk_grade=14.4_out_of_band,9
HS-LS4,HS-LS4-5,conceptual,"How does geographic isolation caused by an environmental change, such as a rising sea level splitting a habitat, eventually lead to the formation of new species?",fk_grade=16.3_out_of_band,9
HS-ESS3,HS-ESS3-4,recall,"What term describes the process of restoring degraded land to a more natural, functional state after human activities such as mining or deforestation?",fk_grade=15.4_out_of_band,9
HS-ESS3,HS-ESS3-5,recall,What is a global climate model (GCM)?,fk_grade=4.0_out_of_band,9
HS-ESS3,HS-ESS3-2,applied,"A mining company is evaluating two methods to extract lithium: open-pit mining, which is cheaper upfront but causes large-scale habitat destruction, versus brine extraction, which costs more initially but has a smaller land footprint and less ecosystem damage. If a government agency must choose one method based on cost-benefit analysis, what factors would tip the decision toward brine extraction?",fk_grade=17.5_out_of_band,9
HS-LS1,HS-LS1-4,recall,What is cell differentiation?,llm_inappropriate,9
HS-LS2,HS-LS2-1,recall,What is carrying capacity in an ecosystem?,llm_inappropriate,9
HS-LS3,HS-LS3-3,recall,"What is a normal distribution, and why is it relevant to the variation of traits in a population?",llm_inappropriate,9
HS-LS4,HS-LS4-4,recall,What is natural selection?,llm_inappropriate,9
HS-LS4,HS-LS4-4,recall,What is an adaptation?,llm_inappropriate,9
HS-ESS3,HS-ESS3-5,recall,"What are ice cores, and why do scientists use them to study climate change?",llm_inappropriate,9
HS-PS1,HS-PS1-2,conceptual,Why do elements in the same group of the periodic table tend to form similar chemical compounds?,duplicate,9
HS-PS1,HS-PS1-2,conceptual,"Why does sodium react so vigorously with chlorine to form sodium chloride, while neon does not react with chlorine at all?",duplicate,9
HS-PS2,HS-PS2-4,recall,What does the gravitational constant G represent in Newton's Law of Universal Gravitation?,duplicate,9
HS-PS4,HS-PS4-1,conceptual,"Why does the wavelength of a wave change when it moves from one medium to another, even though its frequency stays the same?",duplicate,9
HS-PS4,HS-PS4-1,conceptual,Why do radio waves and visible light travel at the same speed in a vacuum even though they have very different frequencies?,duplicate,9
HS-LS3,HS-LS3-2,recall,"What is crossing over, and during which stage of meiosis does it occur?",duplicate,9
HS-LS3,HS-LS3-3,recall,What does 'phenotypic variation' mean in genetics?,duplicate,9
HS-LS4,HS-LS4-4,recall,What does the term 'fitness' mean in the context of natural selection?,duplicate,9
HS-LS4,HS-LS4-5,conceptual,Why can a rapid change in environmental conditions lead to the extinction of a species that was once thriving?,duplicate,9
HS-ESS3,HS-ESS3-4,recall,What is a green infrastructure solution used to reduce stormwater runoff into natural waterways?,duplicate,9
HS-PS4,HS-PS4-3,conceptual,Why is the wave model of electromagnetic radiation more useful than the particle model for explaining how light diffracts and creates interference patterns?,fk_grade=16.0_out_of_band,10
HS-LS1,HS-LS1-4,recall,What are the four stages of mitosis in order?,fk_grade=5.0_out_of_band,10
HS-LS3,HS-LS3-2,recall,What is a mutation?,fk_grade=3.7_out_of_band,10
HS-ESS3,HS-ESS3-5,recall,What is a global climate model (GCM)?,fk_grade=4.0_out_of_band,10
HS-LS2,HS-LS2-1,recall,What is carrying capacity?,llm_inappropriate,10
HS-LS2,HS-LS2-1,recall,What are limiting factors in an ecosystem?,llm_inappropriate,10
HS-LS4,HS-LS4-4,recall,What is natural selection?,llm_inappropriate,10
HS-LS4,HS-LS4-4,recall,What is an adaptation?,llm_inappropriate,10
HS-PS1,HS-PS1-3,conceptual,Why do substances with higher melting points generally have stronger electrical forces between their particles?,duplicate,10
HS-PS4,HS-PS4-3,conceptual,"Why can't the wave model of light explain the photoelectric effect, and why does the particle model work better for that situation?",duplicate,10
HS-LS1,HS-LS1-4,recall,What is cell differentiation?,duplicate,10
HS-LS3,HS-LS3-2,recall,"What is crossing over, and during which stage of meiosis does it occur?",duplicate,10
HS-LS4,HS-LS4-4,recall,What does 'survival of the fittest' mean in the context of natural selection?,duplicate,10
HS-LS4,HS-LS4-5,conceptual,"Why does a sudden change in environmental conditions, like a drought, cause some species to go extinct while others survive and increase in number?",duplicate,10
HS-LS4,HS-LS4-5,conceptual,How can a change in environmental conditions lead to the emergence of a new species over time?,duplicate,10
HS-ESS3,HS-ESS3-5,recall,What does the term 'radiative forcing' mean in the context of climate science?,duplicate,10
HS-LS2,HS-LS2-6,recall,What is the term for the process by which a disturbed or newly formed habitat gradually develops into a stable community of organisms over time?,fk_grade=14.9_out_of_band,11
HS-LS3,HS-LS3-3,recall,"What is a normal distribution, and what does it look like when graphed?",fk_grade=4.9_out_of_band,11
HS-LS1,HS-LS1-5,recall,What molecule is the main product of photosynthesis that stores chemical energy?,llm_inappropriate,11
HS-LS1,HS-LS1-5,recall,In which organelle does photosynthesis take place in plant cells?,llm_inappropriate,11
HS-LS4,HS-LS4-4,recall,What is natural selection?,llm_inappropriate,11
HS-LS4,HS-LS4-4,recall,What is an adaptation?,llm_inappropriate,11
HS-PS4,HS-PS4-3,conceptual,Why is the particle model of light more useful than the wave model when explaining the photoelectric effect?,duplicate,11
HS-LS4,HS-LS4-4,recall,What does the term 'fitness' mean in the context of natural selection?,duplicate,11
HS-ESS3,HS-ESS3-4,recall,What is a riparian buffer strip?,duplicate,11
HS-ESS3,HS-ESS3-4,recall,What is carbon capture and storage (CCS)?,duplicate,11
HS-LS1,HS-LS1-5,recall,What molecule is the main product of photosynthesis that stores chemical energy?,llm_inappropriate,12
HS-LS1,HS-LS1-5,recall,In what organelle does photosynthesis take place in plant cells?,llm_inappropriate,12
HS-ESS3,HS-ESS3-4,recall,"What is a riparian buffer, and how does it reduce human impacts on waterways?",duplicate,12
